ISO-10303-21;
HEADER;
FILE_DESCRIPTION(('Open CASCADE Model'),'2;1');
FILE_NAME('Open CASCADE Shape Model','2026-09-30T06:23:10',('Author'),(
    'Open CASCADE'),'Open CASCADE STEP processor 7.9','Open CASCADE 7.9'
  ,'Unknown');
FILE_SCHEMA(('AUTOMOTIVE_DESIGN { 1 0 10303 214 1 1 1 1 }'));
ENDSEC;
DATA;
#1 = APPLICATION_PROTOCOL_DEFINITION('international standard',
  'automotive_design',2000,#2);
#2 = APPLICATION_CONTEXT(
  'core data for automotive mechanical design processes');
#3 = SHAPE_DEFINITION_REPRESENTATION(#4,#10);
#4 = PRODUCT_DEFINITION_SHAPE('','',#5);
#5 = PRODUCT_DEFINITION('design','',#6,#9);
#6 = PRODUCT_DEFINITION_FORMATION('','',#7);
#7 = PRODUCT('Open CASCADE STEP translator 7.9 6',
  'Open CASCADE STEP translator 7.9 6','',(#8));
#8 = PRODUCT_CONTEXT('',#2,'mechanical');
#9 = PRODUCT_DEFINITION_CONTEXT('part definition',#2,'design');
#10 = SHAPE_REPRESENTATION('',(#11,#15,#19),#23);
#11 = AXIS2_PLACEMENT_3D('',#12,#13,#14);
#12 = CARTESIAN_POINT('',(0.,0.,0.));
#13 = DIRECTION('',(0.,0.,1.));
#14 = DIRECTION('',(1.,0.,-0.));
#15 = AXIS2_PLACEMENT_3D('',#16,#17,#18);
#16 = CARTESIAN_POINT('',(0.,0.,0.));
#17 = DIRECTION('',(0.,0.,1.));
#18 = DIRECTION('',(1.,0.,-0.));
#19 = AXIS2_PLACEMENT_3D('',#20,#21,#22);
#20 = CARTESIAN_POINT('',(0.,0.,0.));
#21 = DIRECTION('',(0.,0.,1.));
#22 = DIRECTION('',(1.,0.,-0.));
#23 = ( GEOMETRIC_REPRESENTATION_CONTEXT(3) 
GLOBAL_UNCERTAINTY_ASSIGNED_CONTEXT((#27)) GLOBAL_UNIT_ASSIGNED_CONTEXT(
(#24,#25,#26)) REPRESENTATION_CONTEXT('Context #1',
  '3D Context with UNIT and UNCERTAINTY') );
#24 = ( LENGTH_UNIT() NAMED_UNIT(*) SI_UNIT(.MILLI.,.METRE.) );
#25 = ( NAMED_UNIT(*) PLANE_ANGLE_UNIT() SI_UNIT($,.RADIAN.) );
#26 = ( NAMED_UNIT(*) SI_UNIT($,.STERADIAN.) SOLID_ANGLE_UNIT() );
#27 = UNCERTAINTY_MEASURE_WITH_UNIT(LENGTH_MEASURE(1.E-07),#24,
  'distance_accuracy_value','confusion accuracy');
#28 = PRODUCT_RELATED_PRODUCT_CATEGORY('part',$,(#7));
#29 = SHAPE_DEFINITION_REPRESENTATION(#30,#36);
#30 = PRODUCT_DEFINITION_SHAPE('','',#31);
#31 = PRODUCT_DEFINITION('design','',#32,#35);
#32 = PRODUCT_DEFINITION_FORMATION('','',#33);
#33 = PRODUCT('Open CASCADE STEP translator 7.9 6.1',
  'Open CASCADE STEP translator 7.9 6.1','',(#34));
#34 = PRODUCT_CONTEXT('',#2,'mechanical');
#35 = PRODUCT_DEFINITION_CONTEXT('part definition',#2,'design');
#36 = ADVANCED_BREP_SHAPE_REPRESENTATION('',(#11,#37),#1935);
#37 = MANIFOLD_SOLID_BREP('',#38);
#38 = CLOSED_SHELL('',(#39,#159,#807,#857,#911,#1404,#1431,#1458,#1483,
    #1526,#1553,#1580,#1605,#1630,#1657,#1684,#1709,#1734,#1761,#1788,
    #1813,#1840,#1867,#1874,#1901,#1928));
#39 = ADVANCED_FACE('',(#40),#54,.F.);
#40 = FACE_BOUND('',#41,.F.);
#41 = EDGE_LOOP('',(#42,#77,#105,#133));
#42 = ORIENTED_EDGE('',*,*,#43,.F.);
#43 = EDGE_CURVE('',#44,#46,#48,.T.);
#44 = VERTEX_POINT('',#45);
#45 = CARTESIAN_POINT('',(53.2,54.5,10.5));
#46 = VERTEX_POINT('',#47);
#47 = CARTESIAN_POINT('',(53.2,62.3,10.5));
#48 = SURFACE_CURVE('',#49,(#53,#65),.PCURVE_S1.);
#49 = LINE('',#50,#51);
#50 = CARTESIAN_POINT('',(53.2,53.9,10.5));
#51 = VECTOR('',#52,1.);
#52 = DIRECTION('',(0.,1.,0.));
#53 = PCURVE('',#54,#59);
#54 = PLANE('',#55);
#55 = AXIS2_PLACEMENT_3D('',#56,#57,#58);
#56 = CARTESIAN_POINT('',(53.2,53.9,6.5));
#57 = DIRECTION('',(1.,0.,0.));
#58 = DIRECTION('',(0.,0.,1.));
#59 = DEFINITIONAL_REPRESENTATION('',(#60),#64);
#60 = LINE('',#61,#62);
#61 = CARTESIAN_POINT('',(4.,0.));
#62 = VECTOR('',#63,1.);
#63 = DIRECTION('',(0.,-1.));
#64 = ( GEOMETRIC_REPRESENTATION_CONTEXT(2) 
PARAMETRIC_REPRESENTATION_CONTEXT() REPRESENTATION_CONTEXT('2D SPACE',''
  ) );
#65 = PCURVE('',#66,#71);
#66 = PLANE('',#67);
#67 = AXIS2_PLACEMENT_3D('',#68,#69,#70);
#68 = CARTESIAN_POINT('',(53.2,53.9,10.5));
#69 = DIRECTION('',(0.,0.,1.));
#70 = DIRECTION('',(1.,0.,0.));
#71 = DEFINITIONAL_REPRESENTATION('',(#72),#76);
#72 = LINE('',#73,#74);
#73 = CARTESIAN_POINT('',(0.,0.));
#74 = VECTOR('',#75,1.);
#75 = DIRECTION('',(0.,1.));
#76 = ( GEOMETRIC_REPRESENTATION_CONTEXT(2) 
PARAMETRIC_REPRESENTATION_CONTEXT() REPRESENTATION_CONTEXT('2D SPACE',''
  ) );
#77 = ORIENTED_EDGE('',*,*,#78,.F.);
#78 = EDGE_CURVE('',#79,#44,#81,.T.);
#79 = VERTEX_POINT('',#80);
#80 = CARTESIAN_POINT('',(53.2,54.5,6.5));
#81 = SURFACE_CURVE('',#82,(#86,#93),.PCURVE_S1.);
#82 = LINE('',#83,#84);
#83 = CARTESIAN_POINT('',(53.2,54.5,6.5));
#84 = VECTOR('',#85,1.);
#85 = DIRECTION('',(0.,0.,1.));
#86 = PCURVE('',#54,#87);
#87 = DEFINITIONAL_REPRESENTATION('',(#88),#92);
#88 = LINE('',#89,#90);
#89 = CARTESIAN_POINT('',(0.,-0.6));
#90 = VECTOR('',#91,1.);
#91 = DIRECTION('',(1.,0.));
#92 = ( GEOMETRIC_REPRESENTATION_CONTEXT(2) 
PARAMETRIC_REPRESENTATION_CONTEXT() REPRESENTATION_CONTEXT('2D SPACE',''
  ) );
#93 = PCURVE('',#94,#99);
#94 = CYLINDRICAL_SURFACE('',#95,0.6);
#95 = AXIS2_PLACEMENT_3D('',#96,#97,#98);
#96 = CARTESIAN_POINT('',(53.8,54.5,6.5));
#97 = DIRECTION('',(0.,0.,1.));
#98 = DIRECTION('',(-1.,-0.,0.));
#99 = DEFINITIONAL_REPRESENTATION('',(#100),#104);
#100 = LINE('',#101,#102);
#101 = CARTESIAN_POINT('',(0.,0.));
#102 = VECTOR('',#103,1.);
#103 = DIRECTION('',(0.,1.));
#104 = ( GEOMETRIC_REPRESENTATION_CONTEXT(2) 
PARAMETRIC_REPRESENTATION_CONTEXT() REPRESENTATION_CONTEXT('2D SPACE',''
  ) );
#105 = ORIENTED_EDGE('',*,*,#106,.T.);
#106 = EDGE_CURVE('',#79,#107,#109,.T.);
#107 = VERTEX_POINT('',#108);
#108 = CARTESIAN_POINT('',(53.2,62.3,6.5));
#109 = SURFACE_CURVE('',#110,(#114,#121),.PCURVE_S1.);
#110 = LINE('',#111,#112);
#111 = CARTESIAN_POINT('',(53.2,53.9,6.5));
#112 = VECTOR('',#113,1.);
#113 = DIRECTION('',(0.,1.,0.));
#114 = PCURVE('',#54,#115);
#115 = DEFINITIONAL_REPRESENTATION('',(#116),#120);
#116 = LINE('',#117,#118);
#117 = CARTESIAN_POINT('',(0.,0.));
#118 = VECTOR('',#119,1.);
#119 = DIRECTION('',(0.,-1.));
#120 = ( GEOMETRIC_REPRESENTATION_CONTEXT(2) 
PARAMETRIC_REPRESENTATION_CONTEXT() REPRESENTATION_CONTEXT('2D SPACE',''
  ) );
#121 = PCURVE('',#122,#127);
#122 = PLANE('',#123);
#123 = AXIS2_PLACEMENT_3D('',#124,#125,#126);
#124 = CARTESIAN_POINT('',(53.2,53.9,6.5));
#125 = DIRECTION('',(0.,0.,1.));
#126 = DIRECTION('',(1.,0.,0.));
#127 = DEFINITIONAL_REPRESENTATION('',(#128),#132);
#128 = LINE('',#129,#130);
#129 = CARTESIAN_POINT('',(0.,0.));
#130 = VECTOR('',#131,1.);
#131 = DIRECTION('',(0.,1.));
#132 = ( GEOMETRIC_REPRESENTATION_CONTEXT(2) 
PARAMETRIC_REPRESENTATION_CONTEXT() REPRESENTATION_CONTEXT('2D SPACE',''
  ) );
#133 = ORIENTED_EDGE('',*,*,#134,.T.);
#134 = EDGE_CURVE('',#107,#46,#135,.T.);
#135 = SURFACE_CURVE('',#136,(#140,#147),.PCURVE_S1.);
#136 = LINE('',#137,#138);
#137 = CARTESIAN_POINT('',(53.2,62.3,6.5));
#138 = VECTOR('',#139,1.);
#139 = DIRECTION('',(0.,0.,1.));
#140 = PCURVE('',#54,#141);
#141 = DEFINITIONAL_REPRESENTATION('',(#142),#146);
#142 = LINE('',#143,#144);
#143 = CARTESIAN_POINT('',(0.,-8.4));
#144 = VECTOR('',#145,1.);
#145 = DIRECTION('',(1.,0.));
#146 = ( GEOMETRIC_REPRESENTATION_CONTEXT(2) 
PARAMETRIC_REPRESENTATION_CONTEXT() REPRESENTATION_CONTEXT('2D SPACE',''
  ) );
#147 = PCURVE('',#148,#153);
#148 = CYLINDRICAL_SURFACE('',#149,0.6);
#149 = AXIS2_PLACEMENT_3D('',#150,#151,#152);
#150 = CARTESIAN_POINT('',(53.8,62.3,6.5));
#151 = DIRECTION('',(0.,0.,1.));
#152 = DIRECTION('',(-1.,-0.,0.));
#153 = DEFINITIONAL_REPRESENTATION('',(#154),#158);
#154 = LINE('',#155,#156);
#155 = CARTESIAN_POINT('',(-0.,0.));
#156 = VECTOR('',#157,1.);
#157 = DIRECTION('',(-0.,1.));
#158 = ( GEOMETRIC_REPRESENTATION_CONTEXT(2) 
PARAMETRIC_REPRESENTATION_CONTEXT() REPRESENTATION_CONTEXT('2D SPACE',''
  ) );
#159 = ADVANCED_FACE('',(#160),#66,.T.);
#160 = FACE_BOUND('',#161,.T.);
#161 = EDGE_LOOP('',(#162,#163,#187,#215,#248,#276,#304,#332,#360,#388,
    #416,#444,#472,#500,#528,#556,#584,#612,#640,#668,#696,#724,#753,
    #781));
#162 = ORIENTED_EDGE('',*,*,#43,.F.);
#163 = ORIENTED_EDGE('',*,*,#164,.T.);
#164 = EDGE_CURVE('',#44,#165,#167,.T.);
#165 = VERTEX_POINT('',#166);
#166 = CARTESIAN_POINT('',(53.8,53.9,10.5));
#167 = SURFACE_CURVE('',#168,(#173,#180),.PCURVE_S1.);
#168 = CIRCLE('',#169,0.6);
#169 = AXIS2_PLACEMENT_3D('',#170,#171,#172);
#170 = CARTESIAN_POINT('',(53.8,54.5,10.5));
#171 = DIRECTION('',(0.,0.,1.));
#172 = DIRECTION('',(0.,-1.,0.));
#173 = PCURVE('',#66,#174);
#174 = DEFINITIONAL_REPRESENTATION('',(#175),#179);
#175 = CIRCLE('',#176,0.6);
#176 = AXIS2_PLACEMENT_2D('',#177,#178);
#177 = CARTESIAN_POINT('',(0.6,0.6));
#178 = DIRECTION('',(0.,-1.));
#179 = ( GEOMETRIC_REPRESENTATION_CONTEXT(2) 
PARAMETRIC_REPRESENTATION_CONTEXT() REPRESENTATION_CONTEXT('2D SPACE',''
  ) );
#180 = PCURVE('',#94,#181);
#181 = DEFINITIONAL_REPRESENTATION('',(#182),#186);
#182 = LINE('',#183,#184);
#183 = CARTESIAN_POINT('',(-4.712388980385,4.));
#184 = VECTOR('',#185,1.);
#185 = DIRECTION('',(1.,0.));
#186 = ( GEOMETRIC_REPRESENTATION_CONTEXT(2) 
PARAMETRIC_REPRESENTATION_CONTEXT() REPRESENTATION_CONTEXT('2D SPACE',''
  ) );
#187 = ORIENTED_EDGE('',*,*,#188,.T.);
#188 = EDGE_CURVE('',#165,#189,#191,.T.);
#189 = VERTEX_POINT('',#190);
#190 = CARTESIAN_POINT('',(54.,53.9,10.5));
#191 = SURFACE_CURVE('',#192,(#196,#203),.PCURVE_S1.);
#192 = LINE('',#193,#194);
#193 = CARTESIAN_POINT('',(53.2,53.9,10.5));
#194 = VECTOR('',#195,1.);
#195 = DIRECTION('',(1.,0.,0.));
#196 = PCURVE('',#66,#197);
#197 = DEFINITIONAL_REPRESENTATION('',(#198),#202);
#198 = LINE('',#199,#200);
#199 = CARTESIAN_POINT('',(0.,0.));
#200 = VECTOR('',#201,1.);
#201 = DIRECTION('',(1.,0.));
#202 = ( GEOMETRIC_REPRESENTATION_CONTEXT(2) 
PARAMETRIC_REPRESENTATION_CONTEXT() REPRESENTATION_CONTEXT('2D SPACE',''
  ) );
#203 = PCURVE('',#204,#209);
#204 = PLANE('',#205);
#205 = AXIS2_PLACEMENT_3D('',#206,#207,#208);
#206 = CARTESIAN_POINT('',(53.2,53.9,6.5));
#207 = DIRECTION('',(0.,1.,0.));
#208 = DIRECTION('',(0.,0.,1.));
#209 = DEFINITIONAL_REPRESENTATION('',(#210),#214);
#210 = LINE('',#211,#212);
#211 = CARTESIAN_POINT('',(4.,0.));
#212 = VECTOR('',#213,1.);
#213 = DIRECTION('',(0.,1.));
#214 = ( GEOMETRIC_REPRESENTATION_CONTEXT(2) 
PARAMETRIC_REPRESENTATION_CONTEXT() REPRESENTATION_CONTEXT('2D SPACE',''
  ) );
#215 = ORIENTED_EDGE('',*,*,#216,.F.);
#216 = EDGE_CURVE('',#217,#189,#219,.T.);
#217 = VERTEX_POINT('',#218);
#218 = CARTESIAN_POINT('',(54.6,54.5,10.5));
#219 = SURFACE_CURVE('',#220,(#225,#236),.PCURVE_S1.);
#220 = CIRCLE('',#221,0.6);
#221 = AXIS2_PLACEMENT_3D('',#222,#223,#224);
#222 = CARTESIAN_POINT('',(54.,54.5,10.5));
#223 = DIRECTION('',(-0.,-0.,-1.));
#224 = DIRECTION('',(0.,-1.,0.));
#225 = PCURVE('',#66,#226);
#226 = DEFINITIONAL_REPRESENTATION('',(#227),#235);
#227 = ( BOUNDED_CURVE() B_SPLINE_CURVE(2,(#228,#229,#230,#231,#232,#233
,#234),.UNSPECIFIED.,.T.,.F.) B_SPLINE_CURVE_WITH_KNOTS((1,2,2,2,2,1),(
    -2.094395102393,0.,2.094395102393,4.188790204786,6.28318530718,
8.377580409573),.UNSPECIFIED.) CURVE() GEOMETRIC_REPRESENTATION_ITEM() 
RATIONAL_B_SPLINE_CURVE((1.,0.5,1.,0.5,1.,0.5,1.)) REPRESENTATION_ITEM(
  '') );
#228 = CARTESIAN_POINT('',(0.8,0.));
#229 = CARTESIAN_POINT('',(-0.239230484541,0.));
#230 = CARTESIAN_POINT('',(0.280384757729,0.9));
#231 = CARTESIAN_POINT('',(0.8,1.8));
#232 = CARTESIAN_POINT('',(1.319615242271,0.9));
#233 = CARTESIAN_POINT('',(1.839230484541,8.881784197001E-16));
#234 = CARTESIAN_POINT('',(0.8,0.));
#235 = ( GEOMETRIC_REPRESENTATION_CONTEXT(2) 
PARAMETRIC_REPRESENTATION_CONTEXT() REPRESENTATION_CONTEXT('2D SPACE',''
  ) );
#236 = PCURVE('',#237,#242);
#237 = CYLINDRICAL_SURFACE('',#238,0.6);
#238 = AXIS2_PLACEMENT_3D('',#239,#240,#241);
#239 = CARTESIAN_POINT('',(54.,54.5,6.5));
#240 = DIRECTION('',(0.,0.,1.));
#241 = DIRECTION('',(1.,0.,-0.));
#242 = DEFINITIONAL_REPRESENTATION('',(#243),#247);
#243 = LINE('',#244,#245);
#244 = CARTESIAN_POINT('',(4.712388980385,4.));
#245 = VECTOR('',#246,1.);
#246 = DIRECTION('',(-1.,0.));
#247 = ( GEOMETRIC_REPRESENTATION_CONTEXT(2) 
PARAMETRIC_REPRESENTATION_CONTEXT() REPRESENTATION_CONTEXT('2D SPACE',''
  ) );
#248 = ORIENTED_EDGE('',*,*,#249,.T.);
#249 = EDGE_CURVE('',#217,#250,#252,.T.);
#250 = VERTEX_POINT('',#251);
#251 = CARTESIAN_POINT('',(54.6,54.8,10.5));
#252 = SURFACE_CURVE('',#253,(#257,#264),.PCURVE_S1.);
#253 = LINE('',#254,#255);
#254 = CARTESIAN_POINT('',(54.6,53.9,10.5));
#255 = VECTOR('',#256,1.);
#256 = DIRECTION('',(0.,1.,0.));
#257 = PCURVE('',#66,#258);
#258 = DEFINITIONAL_REPRESENTATION('',(#259),#263);
#259 = LINE('',#260,#261);
#260 = CARTESIAN_POINT('',(1.4,0.));
#261 = VECTOR('',#262,1.);
#262 = DIRECTION('',(0.,1.));
#263 = ( GEOMETRIC_REPRESENTATION_CONTEXT(2) 
PARAMETRIC_REPRESENTATION_CONTEXT() REPRESENTATION_CONTEXT('2D SPACE',''
  ) );
#264 = PCURVE('',#265,#270);
#265 = PLANE('',#266);
#266 = AXIS2_PLACEMENT_3D('',#267,#268,#269);
#267 = CARTESIAN_POINT('',(54.6,53.9,6.5));
#268 = DIRECTION('',(1.,0.,0.));
#269 = DIRECTION('',(0.,0.,1.));
#270 = DEFINITIONAL_REPRESENTATION('',(#271),#275);
#271 = LINE('',#272,#273);
#272 = CARTESIAN_POINT('',(4.,0.));
#273 = VECTOR('',#274,1.);
#274 = DIRECTION('',(0.,-1.));
#275 = ( GEOMETRIC_REPRESENTATION_CONTEXT(2) 
PARAMETRIC_REPRESENTATION_CONTEXT() REPRESENTATION_CONTEXT('2D SPACE',''
  ) );
#276 = ORIENTED_EDGE('',*,*,#277,.T.);
#277 = EDGE_CURVE('',#250,#278,#280,.T.);
#278 = VERTEX_POINT('',#279);
#279 = CARTESIAN_POINT('',(55.,54.8,10.5));
#280 = SURFACE_CURVE('',#281,(#285,#292),.PCURVE_S1.);
#281 = LINE('',#282,#283);
#282 = CARTESIAN_POINT('',(54.5,54.8,10.5));
#283 = VECTOR('',#284,1.);
#284 = DIRECTION('',(1.,0.,0.));
#285 = PCURVE('',#66,#286);
#286 = DEFINITIONAL_REPRESENTATION('',(#287),#291);
#287 = LINE('',#288,#289);
#288 = CARTESIAN_POINT('',(1.3,0.9));
#289 = VECTOR('',#290,1.);
#290 = DIRECTION('',(1.,0.));
#291 = ( GEOMETRIC_REPRESENTATION_CONTEXT(2) 
PARAMETRIC_REPRESENTATION_CONTEXT() REPRESENTATION_CONTEXT('2D SPACE',''
  ) );
#292 = PCURVE('',#293,#298);
#293 = PLANE('',#294);
#294 = AXIS2_PLACEMENT_3D('',#295,#296,#297);
#295 = CARTESIAN_POINT('',(54.5,54.8,6.5));
#296 = DIRECTION('',(0.,1.,0.));
#297 = DIRECTION('',(0.,0.,1.));
#298 = DEFINITIONAL_REPRESENTATION('',(#299),#303);
#299 = LINE('',#300,#301);
#300 = CARTESIAN_POINT('',(4.,0.));
#301 = VECTOR('',#302,1.);
#302 = DIRECTION('',(0.,1.));
#303 = ( GEOMETRIC_REPRESENTATION_CONTEXT(2) 
PARAMETRIC_REPRESENTATION_CONTEXT() REPRESENTATION_CONTEXT('2D SPACE',''
  ) );
#304 = ORIENTED_EDGE('',*,*,#305,.T.);
#305 = EDGE_CURVE('',#278,#306,#308,.T.);
#306 = VERTEX_POINT('',#307);
#307 = CARTESIAN_POINT('',(55.,55.6,10.5));
#308 = SURFACE_CURVE('',#309,(#313,#320),.PCURVE_S1.);
#309 = LINE('',#310,#311);
#310 = CARTESIAN_POINT('',(55.,54.8,10.5));
#311 = VECTOR('',#312,1.);
#312 = DIRECTION('',(0.,1.,0.));
#313 = PCURVE('',#66,#314);
#314 = DEFINITIONAL_REPRESENTATION('',(#315),#319);
#315 = LINE('',#316,#317);
#316 = CARTESIAN_POINT('',(1.8,0.9));
#317 = VECTOR('',#318,1.);
#318 = DIRECTION('',(0.,1.));
#319 = ( GEOMETRIC_REPRESENTATION_CONTEXT(2) 
PARAMETRIC_REPRESENTATION_CONTEXT() REPRESENTATION_CONTEXT('2D SPACE',''
  ) );
#320 = PCURVE('',#321,#326);
#321 = PLANE('',#322);
#322 = AXIS2_PLACEMENT_3D('',#323,#324,#325);
#323 = CARTESIAN_POINT('',(55.,54.8,6.5));
#324 = DIRECTION('',(1.,0.,0.));
#325 = DIRECTION('',(0.,0.,1.));
#326 = DEFINITIONAL_REPRESENTATION('',(#327),#331);
#327 = LINE('',#328,#329);
#328 = CARTESIAN_POINT('',(4.,0.));
#329 = VECTOR('',#330,1.);
#330 = DIRECTION('',(0.,-1.));
#331 = ( GEOMETRIC_REPRESENTATION_CONTEXT(2) 
PARAMETRIC_REPRESENTATION_CONTEXT() REPRESENTATION_CONTEXT('2D SPACE',''
  ) );
#332 = ORIENTED_EDGE('',*,*,#333,.F.);
#333 = EDGE_CURVE('',#334,#306,#336,.T.);
#334 = VERTEX_POINT('',#335);
#335 = CARTESIAN_POINT('',(54.6,55.6,10.5));
#336 = SURFACE_CURVE('',#337,(#341,#348),.PCURVE_S1.);
#337 = LINE('',#338,#339);
#338 = CARTESIAN_POINT('',(54.5,55.6,10.5));
#339 = VECTOR('',#340,1.);
#340 = DIRECTION('',(1.,0.,0.));
#341 = PCURVE('',#66,#342);
#342 = DEFINITIONAL_REPRESENTATION('',(#343),#347);
#343 = LINE('',#344,#345);
#344 = CARTESIAN_POINT('',(1.3,1.7));
#345 = VECTOR('',#346,1.);
#346 = DIRECTION('',(1.,0.));
#347 = ( GEOMETRIC_REPRESENTATION_CONTEXT(2) 
PARAMETRIC_REPRESENTATION_CONTEXT() REPRESENTATION_CONTEXT('2D SPACE',''
  ) );
#348 = PCURVE('',#349,#354);
#349 = PLANE('',#350);
#350 = AXIS2_PLACEMENT_3D('',#351,#352,#353);
#351 = CARTESIAN_POINT('',(54.5,55.6,6.5));
#352 = DIRECTION('',(0.,1.,0.));
#353 = DIRECTION('',(0.,0.,1.));
#354 = DEFINITIONAL_REPRESENTATION('',(#355),#359);
#355 = LINE('',#356,#357);
#356 = CARTESIAN_POINT('',(4.,0.));
#357 = VECTOR('',#358,1.);
#358 = DIRECTION('',(0.,1.));
#359 = ( GEOMETRIC_REPRESENTATION_CONTEXT(2) 
PARAMETRIC_REPRESENTATION_CONTEXT() REPRESENTATION_CONTEXT('2D SPACE',''
  ) );
#360 = ORIENTED_EDGE('',*,*,#361,.T.);
#361 = EDGE_CURVE('',#334,#362,#364,.T.);
#362 = VERTEX_POINT('',#363);
#363 = CARTESIAN_POINT('',(54.6,57.,10.5));
#364 = SURFACE_CURVE('',#365,(#369,#376),.PCURVE_S1.);
#365 = LINE('',#366,#367);
#366 = CARTESIAN_POINT('',(54.6,53.9,10.5));
#367 = VECTOR('',#368,1.);
#368 = DIRECTION('',(0.,1.,0.));
#369 = PCURVE('',#66,#370);
#370 = DEFINITIONAL_REPRESENTATION('',(#371),#375);
#371 = LINE('',#372,#373);
#372 = CARTESIAN_POINT('',(1.4,0.));
#373 = VECTOR('',#374,1.);
#374 = DIRECTION('',(0.,1.));
#375 = ( GEOMETRIC_REPRESENTATION_CONTEXT(2) 
PARAMETRIC_REPRESENTATION_CONTEXT() REPRESENTATION_CONTEXT('2D SPACE',''
  ) );
#376 = PCURVE('',#377,#382);
#377 = PLANE('',#378);
#378 = AXIS2_PLACEMENT_3D('',#379,#380,#381);
#379 = CARTESIAN_POINT('',(54.6,53.9,6.5));
#380 = DIRECTION('',(1.,0.,0.));
#381 = DIRECTION('',(0.,0.,1.));
#382 = DEFINITIONAL_REPRESENTATION('',(#383),#387);
#383 = LINE('',#384,#385);
#384 = CARTESIAN_POINT('',(4.,0.));
#385 = VECTOR('',#386,1.);
#386 = DIRECTION('',(0.,-1.));
#387 = ( GEOMETRIC_REPRESENTATION_CONTEXT(2) 
PARAMETRIC_REPRESENTATION_CONTEXT() REPRESENTATION_CONTEXT('2D SPACE',''
  ) );
#388 = ORIENTED_EDGE('',*,*,#389,.T.);
#389 = EDGE_CURVE('',#362,#390,#392,.T.);
#390 = VERTEX_POINT('',#391);
#391 = CARTESIAN_POINT('',(55.,57.,10.5));
#392 = SURFACE_CURVE('',#393,(#397,#404),.PCURVE_S1.);
#393 = LINE('',#394,#395);
#394 = CARTESIAN_POINT('',(54.5,57.,10.5));
#395 = VECTOR('',#396,1.);
#396 = DIRECTION('',(1.,0.,0.));
#397 = PCURVE('',#66,#398);
#398 = DEFINITIONAL_REPRESENTATION('',(#399),#403);
#399 = LINE('',#400,#401);
#400 = CARTESIAN_POINT('',(1.3,3.1));
#401 = VECTOR('',#402,1.);
#402 = DIRECTION('',(1.,0.));
#403 = ( GEOMETRIC_REPRESENTATION_CONTEXT(2) 
PARAMETRIC_REPRESENTATION_CONTEXT() REPRESENTATION_CONTEXT('2D SPACE',''
  ) );
#404 = PCURVE('',#405,#410);
#405 = PLANE('',#406);
#406 = AXIS2_PLACEMENT_3D('',#407,#408,#409);
#407 = CARTESIAN_POINT('',(54.5,57.,6.5));
#408 = DIRECTION('',(0.,1.,0.));
#409 = DIRECTION('',(0.,0.,1.));
#410 = DEFINITIONAL_REPRESENTATION('',(#411),#415);
#411 = LINE('',#412,#413);
#412 = CARTESIAN_POINT('',(4.,0.));
#413 = VECTOR('',#414,1.);
#414 = DIRECTION('',(0.,1.));
#415 = ( GEOMETRIC_REPRESENTATION_CONTEXT(2) 
PARAMETRIC_REPRESENTATION_CONTEXT() REPRESENTATION_CONTEXT('2D SPACE',''
  ) );
#416 = ORIENTED_EDGE('',*,*,#417,.T.);
#417 = EDGE_CURVE('',#390,#418,#420,.T.);
#418 = VERTEX_POINT('',#419);
#419 = CARTESIAN_POINT('',(55.,57.8,10.5));
#420 = SURFACE_CURVE('',#421,(#425,#432),.PCURVE_S1.);
#421 = LINE('',#422,#423);
#422 = CARTESIAN_POINT('',(55.,57.,10.5));
#423 = VECTOR('',#424,1.);
#424 = DIRECTION('',(0.,1.,0.));
#425 = PCURVE('',#66,#426);
#426 = DEFINITIONAL_REPRESENTATION('',(#427),#431);
#427 = LINE('',#428,#429);
#428 = CARTESIAN_POINT('',(1.8,3.1));
#429 = VECTOR('',#430,1.);
#430 = DIRECTION('',(0.,1.));
#431 = ( GEOMETRIC_REPRESENTATION_CONTEXT(2) 
PARAMETRIC_REPRESENTATION_CONTEXT() REPRESENTATION_CONTEXT('2D SPACE',''
  ) );
#432 = PCURVE('',#433,#438);
#433 = PLANE('',#434);
#434 = AXIS2_PLACEMENT_3D('',#435,#436,#437);
#435 = CARTESIAN_POINT('',(55.,57.,6.5));
#436 = DIRECTION('',(1.,0.,0.));
#437 = DIRECTION('',(0.,0.,1.));
#438 = DEFINITIONAL_REPRESENTATION('',(#439),#443);
#439 = LINE('',#440,#441);
#440 = CARTESIAN_POINT('',(4.,0.));
#441 = VECTOR('',#442,1.);
#442 = DIRECTION('',(0.,-1.));
#443 = ( GEOMETRIC_REPRESENTATION_CONTEXT(2) 
PARAMETRIC_REPRESENTATION_CONTEXT() REPRESENTATION_CONTEXT('2D SPACE',''
  ) );
#444 = ORIENTED_EDGE('',*,*,#445,.F.);
#445 = EDGE_CURVE('',#446,#418,#448,.T.);
#446 = VERTEX_POINT('',#447);
#447 = CARTESIAN_POINT('',(54.6,57.8,10.5));
#448 = SURFACE_CURVE('',#449,(#453,#460),.PCURVE_S1.);
#449 = LINE('',#450,#451);
#450 = CARTESIAN_POINT('',(54.5,57.8,10.5));
#451 = VECTOR('',#452,1.);
#452 = DIRECTION('',(1.,0.,0.));
#453 = PCURVE('',#66,#454);
#454 = DEFINITIONAL_REPRESENTATION('',(#455),#459);
#455 = LINE('',#456,#457);
#456 = CARTESIAN_POINT('',(1.3,3.9));
#457 = VECTOR('',#458,1.);
#458 = DIRECTION('',(1.,0.));
#459 = ( GEOMETRIC_REPRESENTATION_CONTEXT(2) 
PARAMETRIC_REPRESENTATION_CONTEXT() REPRESENTATION_CONTEXT('2D SPACE',''
  ) );
#460 = PCURVE('',#461,#466);
#461 = PLANE('',#462);
#462 = AXIS2_PLACEMENT_3D('',#463,#464,#465);
#463 = CARTESIAN_POINT('',(54.5,57.8,6.5));
#464 = DIRECTION('',(0.,1.,0.));
#465 = DIRECTION('',(0.,0.,1.));
#466 = DEFINITIONAL_REPRESENTATION('',(#467),#471);
#467 = LINE('',#468,#469);
#468 = CARTESIAN_POINT('',(4.,0.));
#469 = VECTOR('',#470,1.);
#470 = DIRECTION('',(0.,1.));
#471 = ( GEOMETRIC_REPRESENTATION_CONTEXT(2) 
PARAMETRIC_REPRESENTATION_CONTEXT() REPRESENTATION_CONTEXT('2D SPACE',''
  ) );
#472 = ORIENTED_EDGE('',*,*,#473,.T.);
#473 = EDGE_CURVE('',#446,#474,#476,.T.);
#474 = VERTEX_POINT('',#475);
#475 = CARTESIAN_POINT('',(54.6,59.2,10.5));
#476 = SURFACE_CURVE('',#477,(#481,#488),.PCURVE_S1.);
#477 = LINE('',#478,#479);
#478 = CARTESIAN_POINT('',(54.6,53.9,10.5));
#479 = VECTOR('',#480,1.);
#480 = DIRECTION('',(0.,1.,0.));
#481 = PCURVE('',#66,#482);
#482 = DEFINITIONAL_REPRESENTATION('',(#483),#487);
#483 = LINE('',#484,#485);
#484 = CARTESIAN_POINT('',(1.4,0.));
#485 = VECTOR('',#486,1.);
#486 = DIRECTION('',(0.,1.));
#487 = ( GEOMETRIC_REPRESENTATION_CONTEXT(2) 
PARAMETRIC_REPRESENTATION_CONTEXT() REPRESENTATION_CONTEXT('2D SPACE',''
  ) );
#488 = PCURVE('',#489,#494);
#489 = PLANE('',#490);
#490 = AXIS2_PLACEMENT_3D('',#491,#492,#493);
#491 = CARTESIAN_POINT('',(54.6,53.9,6.5));
#492 = DIRECTION('',(1.,0.,0.));
#493 = DIRECTION('',(0.,0.,1.));
#494 = DEFINITIONAL_REPRESENTATION('',(#495),#499);
#495 = LINE('',#496,#497);
#496 = CARTESIAN_POINT('',(4.,0.));
#497 = VECTOR('',#498,1.);
#498 = DIRECTION('',(0.,-1.));
#499 = ( GEOMETRIC_REPRESENTATION_CONTEXT(2) 
PARAMETRIC_REPRESENTATION_CONTEXT() REPRESENTATION_CONTEXT('2D SPACE',''
  ) );
#500 = ORIENTED_EDGE('',*,*,#501,.T.);
#501 = EDGE_CURVE('',#474,#502,#504,.T.);
#502 = VERTEX_POINT('',#503);
#503 = CARTESIAN_POINT('',(55.,59.2,10.5));
#504 = SURFACE_CURVE('',#505,(#509,#516),.PCURVE_S1.);
#505 = LINE('',#506,#507);
#506 = CARTESIAN_POINT('',(54.5,59.2,10.5));
#507 = VECTOR('',#508,1.);
#508 = DIRECTION('',(1.,0.,0.));
#509 = PCURVE('',#66,#510);
#510 = DEFINITIONAL_REPRESENTATION('',(#511),#515);
#511 = LINE('',#512,#513);
#512 = CARTESIAN_POINT('',(1.3,5.3));
#513 = VECTOR('',#514,1.);
#514 = DIRECTION('',(1.,0.));
#515 = ( GEOMETRIC_REPRESENTATION_CONTEXT(2) 
PARAMETRIC_REPRESENTATION_CONTEXT() REPRESENTATION_CONTEXT('2D SPACE',''
  ) );
#516 = PCURVE('',#517,#522);
#517 = PLANE('',#518);
#518 = AXIS2_PLACEMENT_3D('',#519,#520,#521);
#519 = CARTESIAN_POINT('',(54.5,59.2,6.5));
#520 = DIRECTION('',(0.,1.,0.));
#521 = DIRECTION('',(0.,0.,1.));
#522 = DEFINITIONAL_REPRESENTATION('',(#523),#527);
#523 = LINE('',#524,#525);
#524 = CARTESIAN_POINT('',(4.,0.));
#525 = VECTOR('',#526,1.);
#526 = DIRECTION('',(0.,1.));
#527 = ( GEOMETRIC_REPRESENTATION_CONTEXT(2) 
PARAMETRIC_REPRESENTATION_CONTEXT() REPRESENTATION_CONTEXT('2D SPACE',''
  ) );
#528 = ORIENTED_EDGE('',*,*,#529,.T.);
#529 = EDGE_CURVE('',#502,#530,#532,.T.);
#530 = VERTEX_POINT('',#531);
#531 = CARTESIAN_POINT('',(55.,60.,10.5));
#532 = SURFACE_CURVE('',#533,(#537,#544),.PCURVE_S1.);
#533 = LINE('',#534,#535);
#534 = CARTESIAN_POINT('',(55.,59.2,10.5));
#535 = VECTOR('',#536,1.);
#536 = DIRECTION('',(0.,1.,0.));
#537 = PCURVE('',#66,#538);
#538 = DEFINITIONAL_REPRESENTATION('',(#539),#543);
#539 = LINE('',#540,#541);
#540 = CARTESIAN_POINT('',(1.8,5.3));
#541 = VECTOR('',#542,1.);
#542 = DIRECTION('',(0.,1.));
#543 = ( GEOMETRIC_REPRESENTATION_CONTEXT(2) 
PARAMETRIC_REPRESENTATION_CONTEXT() REPRESENTATION_CONTEXT('2D SPACE',''
  ) );
#544 = PCURVE('',#545,#550);
#545 = PLANE('',#546);
#546 = AXIS2_PLACEMENT_3D('',#547,#548,#549);
#547 = CARTESIAN_POINT('',(55.,59.2,6.5));
#548 = DIRECTION('',(1.,0.,0.));
#549 = DIRECTION('',(0.,0.,1.));
#550 = DEFINITIONAL_REPRESENTATION('',(#551),#555);
#551 = LINE('',#552,#553);
#552 = CARTESIAN_POINT('',(4.,0.));
#553 = VECTOR('',#554,1.);
#554 = DIRECTION('',(0.,-1.));
#555 = ( GEOMETRIC_REPRESENTATION_CONTEXT(2) 
PARAMETRIC_REPRESENTATION_CONTEXT() REPRESENTATION_CONTEXT('2D SPACE',''
  ) );
#556 = ORIENTED_EDGE('',*,*,#557,.F.);
#557 = EDGE_CURVE('',#558,#530,#560,.T.);
#558 = VERTEX_POINT('',#559);
#559 = CARTESIAN_POINT('',(54.6,60.,10.5));
#560 = SURFACE_CURVE('',#561,(#565,#572),.PCURVE_S1.);
#561 = LINE('',#562,#563);
#562 = CARTESIAN_POINT('',(54.5,60.,10.5));
#563 = VECTOR('',#564,1.);
#564 = DIRECTION('',(1.,0.,0.));
#565 = PCURVE('',#66,#566);
#566 = DEFINITIONAL_REPRESENTATION('',(#567),#571);
#567 = LINE('',#568,#569);
#568 = CARTESIAN_POINT('',(1.3,6.1));
#569 = VECTOR('',#570,1.);
#570 = DIRECTION('',(1.,0.));
#571 = ( GEOMETRIC_REPRESENTATION_CONTEXT(2) 
PARAMETRIC_REPRESENTATION_CONTEXT() REPRESENTATION_CONTEXT('2D SPACE',''
  ) );
#572 = PCURVE('',#573,#578);
#573 = PLANE('',#574);
#574 = AXIS2_PLACEMENT_3D('',#575,#576,#577);
#575 = CARTESIAN_POINT('',(54.5,60.,6.5));
#576 = DIRECTION('',(0.,1.,0.));
#577 = DIRECTION('',(0.,0.,1.));
#578 = DEFINITIONAL_REPRESENTATION('',(#579),#583);
#579 = LINE('',#580,#581);
#580 = CARTESIAN_POINT('',(4.,0.));
#581 = VECTOR('',#582,1.);
#582 = DIRECTION('',(0.,1.));
#583 = ( GEOMETRIC_REPRESENTATION_CONTEXT(2) 
PARAMETRIC_REPRESENTATION_CONTEXT() REPRESENTATION_CONTEXT('2D SPACE',''
  ) );
#584 = ORIENTED_EDGE('',*,*,#585,.T.);
#585 = EDGE_CURVE('',#558,#586,#588,.T.);
#586 = VERTEX_POINT('',#587);
#587 = CARTESIAN_POINT('',(54.6,61.4,10.5));
#588 = SURFACE_CURVE('',#589,(#593,#600),.PCURVE_S1.);
#589 = LINE('',#590,#591);
#590 = CARTESIAN_POINT('',(54.6,53.9,10.5));
#591 = VECTOR('',#592,1.);
#592 = DIRECTION('',(0.,1.,0.));
#593 = PCURVE('',#66,#594);
#594 = DEFINITIONAL_REPRESENTATION('',(#595),#599);
#595 = LINE('',#596,#597);
#596 = CARTESIAN_POINT('',(1.4,0.));
#597 = VECTOR('',#598,1.);
#598 = DIRECTION('',(0.,1.));
#599 = ( GEOMETRIC_REPRESENTATION_CONTEXT(2) 
PARAMETRIC_REPRESENTATION_CONTEXT() REPRESENTATION_CONTEXT('2D SPACE',''
  ) );
#600 = PCURVE('',#601,#606);
#601 = PLANE('',#602);
#602 = AXIS2_PLACEMENT_3D('',#603,#604,#605);
#603 = CARTESIAN_POINT('',(54.6,53.9,6.5));
#604 = DIRECTION('',(1.,0.,0.));
#605 = DIRECTION('',(0.,0.,1.));
#606 = DEFINITIONAL_REPRESENTATION('',(#607),#611);
#607 = LINE('',#608,#609);
#608 = CARTESIAN_POINT('',(4.,0.));
#609 = VECTOR('',#610,1.);
#610 = DIRECTION('',(0.,-1.));
#611 = ( GEOMETRIC_REPRESENTATION_CONTEXT(2) 
PARAMETRIC_REPRESENTATION_CONTEXT() REPRESENTATION_CONTEXT('2D SPACE',''
  ) );
#612 = ORIENTED_EDGE('',*,*,#613,.T.);
#613 = EDGE_CURVE('',#586,#614,#616,.T.);
#614 = VERTEX_POINT('',#615);
#615 = CARTESIAN_POINT('',(55.,61.4,10.5));
#616 = SURFACE_CURVE('',#617,(#621,#628),.PCURVE_S1.);
#617 = LINE('',#618,#619);
#618 = CARTESIAN_POINT('',(54.5,61.4,10.5));
#619 = VECTOR('',#620,1.);
#620 = DIRECTION('',(1.,0.,0.));
#621 = PCURVE('',#66,#622);
#622 = DEFINITIONAL_REPRESENTATION('',(#623),#627);
#623 = LINE('',#624,#625);
#624 = CARTESIAN_POINT('',(1.3,7.5));
#625 = VECTOR('',#626,1.);
#626 = DIRECTION('',(1.,0.));
#627 = ( GEOMETRIC_REPRESENTATION_CONTEXT(2) 
PARAMETRIC_REPRESENTATION_CONTEXT() REPRESENTATION_CONTEXT('2D SPACE',''
  ) );
#628 = PCURVE('',#629,#634);
#629 = PLANE('',#630);
#630 = AXIS2_PLACEMENT_3D('',#631,#632,#633);
#631 = CARTESIAN_POINT('',(54.5,61.4,6.5));
#632 = DIRECTION('',(0.,1.,0.));
#633 = DIRECTION('',(0.,0.,1.));
#634 = DEFINITIONAL_REPRESENTATION('',(#635),#639);
#635 = LINE('',#636,#637);
#636 = CARTESIAN_POINT('',(4.,0.));
#637 = VECTOR('',#638,1.);
#638 = DIRECTION('',(0.,1.));
#639 = ( GEOMETRIC_REPRESENTATION_CONTEXT(2) 
PARAMETRIC_REPRESENTATION_CONTEXT() REPRESENTATION_CONTEXT('2D SPACE',''
  ) );
#640 = ORIENTED_EDGE('',*,*,#641,.T.);
#641 = EDGE_CURVE('',#614,#642,#644,.T.);
#642 = VERTEX_POINT('',#643);
#643 = CARTESIAN_POINT('',(55.,62.2,10.5));
#644 = SURFACE_CURVE('',#645,(#649,#656),.PCURVE_S1.);
#645 = LINE('',#646,#647);
#646 = CARTESIAN_POINT('',(55.,61.4,10.5));
#647 = VECTOR('',#648,1.);
#648 = DIRECTION('',(0.,1.,0.));
#649 = PCURVE('',#66,#650);
#650 = DEFINITIONAL_REPRESENTATION('',(#651),#655);
#651 = LINE('',#652,#653);
#652 = CARTESIAN_POINT('',(1.8,7.5));
#653 = VECTOR('',#654,1.);
#654 = DIRECTION('',(0.,1.));
#655 = ( GEOMETRIC_REPRESENTATION_CONTEXT(2) 
PARAMETRIC_REPRESENTATION_CONTEXT() REPRESENTATION_CONTEXT('2D SPACE',''
  ) );
#656 = PCURVE('',#657,#662);
#657 = PLANE('',#658);
#658 = AXIS2_PLACEMENT_3D('',#659,#660,#661);
#659 = CARTESIAN_POINT('',(55.,61.4,6.5));
#660 = DIRECTION('',(1.,0.,0.));
#661 = DIRECTION('',(0.,0.,1.));
#662 = DEFINITIONAL_REPRESENTATION('',(#663),#667);
#663 = LINE('',#664,#665);
#664 = CARTESIAN_POINT('',(4.,0.));
#665 = VECTOR('',#666,1.);
#666 = DIRECTION('',(0.,-1.));
#667 = ( GEOMETRIC_REPRESENTATION_CONTEXT(2) 
PARAMETRIC_REPRESENTATION_CONTEXT() REPRESENTATION_CONTEXT('2D SPACE',''
  ) );
#668 = ORIENTED_EDGE('',*,*,#669,.F.);
#669 = EDGE_CURVE('',#670,#642,#672,.T.);
#670 = VERTEX_POINT('',#671);
#671 = CARTESIAN_POINT('',(54.6,62.2,10.5));
#672 = SURFACE_CURVE('',#673,(#677,#684),.PCURVE_S1.);
#673 = LINE('',#674,#675);
#674 = CARTESIAN_POINT('',(54.5,62.2,10.5));
#675 = VECTOR('',#676,1.);
#676 = DIRECTION('',(1.,0.,0.));
#677 = PCURVE('',#66,#678);
#678 = DEFINITIONAL_REPRESENTATION('',(#679),#683);
#679 = LINE('',#680,#681);
#680 = CARTESIAN_POINT('',(1.3,8.3));
#681 = VECTOR('',#682,1.);
#682 = DIRECTION('',(1.,0.));
#683 = ( GEOMETRIC_REPRESENTATION_CONTEXT(2) 
PARAMETRIC_REPRESENTATION_CONTEXT() REPRESENTATION_CONTEXT('2D SPACE',''
  ) );
#684 = PCURVE('',#685,#690);
#685 = PLANE('',#686);
#686 = AXIS2_PLACEMENT_3D('',#687,#688,#689);
#687 = CARTESIAN_POINT('',(54.5,62.2,6.5));
#688 = DIRECTION('',(0.,1.,0.));
#689 = DIRECTION('',(0.,0.,1.));
#690 = DEFINITIONAL_REPRESENTATION('',(#691),#695);
#691 = LINE('',#692,#693);
#692 = CARTESIAN_POINT('',(4.,0.));
#693 = VECTOR('',#694,1.);
#694 = DIRECTION('',(0.,1.));
#695 = ( GEOMETRIC_REPRESENTATION_CONTEXT(2) 
PARAMETRIC_REPRESENTATION_CONTEXT() REPRESENTATION_CONTEXT('2D SPACE',''
  ) );
#696 = ORIENTED_EDGE('',*,*,#697,.T.);
#697 = EDGE_CURVE('',#670,#698,#700,.T.);
#698 = VERTEX_POINT('',#699);
#699 = CARTESIAN_POINT('',(54.6,62.3,10.5));
#700 = SURFACE_CURVE('',#701,(#705,#712),.PCURVE_S1.);
#701 = LINE('',#702,#703);
#702 = CARTESIAN_POINT('',(54.6,53.9,10.5));
#703 = VECTOR('',#704,1.);
#704 = DIRECTION('',(0.,1.,0.));
#705 = PCURVE('',#66,#706);
#706 = DEFINITIONAL_REPRESENTATION('',(#707),#711);
#707 = LINE('',#708,#709);
#708 = CARTESIAN_POINT('',(1.4,0.));
#709 = VECTOR('',#710,1.);
#710 = DIRECTION('',(0.,1.));
#711 = ( GEOMETRIC_REPRESENTATION_CONTEXT(2) 
PARAMETRIC_REPRESENTATION_CONTEXT() REPRESENTATION_CONTEXT('2D SPACE',''
  ) );
#712 = PCURVE('',#713,#718);
#713 = PLANE('',#714);
#714 = AXIS2_PLACEMENT_3D('',#715,#716,#717);
#715 = CARTESIAN_POINT('',(54.6,53.9,6.5));
#716 = DIRECTION('',(1.,0.,0.));
#717 = DIRECTION('',(0.,0.,1.));
#718 = DEFINITIONAL_REPRESENTATION('',(#719),#723);
#719 = LINE('',#720,#721);
#720 = CARTESIAN_POINT('',(4.,0.));
#721 = VECTOR('',#722,1.);
#722 = DIRECTION('',(0.,-1.));
#723 = ( GEOMETRIC_REPRESENTATION_CONTEXT(2) 
PARAMETRIC_REPRESENTATION_CONTEXT() REPRESENTATION_CONTEXT('2D SPACE',''
  ) );
#724 = ORIENTED_EDGE('',*,*,#725,.T.);
#725 = EDGE_CURVE('',#698,#726,#728,.T.);
#726 = VERTEX_POINT('',#727);
#727 = CARTESIAN_POINT('',(54.,62.9,10.5));
#728 = SURFACE_CURVE('',#729,(#734,#741),.PCURVE_S1.);
#729 = CIRCLE('',#730,0.6);
#730 = AXIS2_PLACEMENT_3D('',#731,#732,#733);
#731 = CARTESIAN_POINT('',(54.,62.3,10.5));
#732 = DIRECTION('',(0.,0.,1.));
#733 = DIRECTION('',(0.,-1.,0.));
#734 = PCURVE('',#66,#735);
#735 = DEFINITIONAL_REPRESENTATION('',(#736),#740);
#736 = CIRCLE('',#737,0.6);
#737 = AXIS2_PLACEMENT_2D('',#738,#739);
#738 = CARTESIAN_POINT('',(0.8,8.4));
#739 = DIRECTION('',(0.,-1.));
#740 = ( GEOMETRIC_REPRESENTATION_CONTEXT(2) 
PARAMETRIC_REPRESENTATION_CONTEXT() REPRESENTATION_CONTEXT('2D SPACE',''
  ) );
#741 = PCURVE('',#742,#747);
#742 = CYLINDRICAL_SURFACE('',#743,0.6);
#743 = AXIS2_PLACEMENT_3D('',#744,#745,#746);
#744 = CARTESIAN_POINT('',(54.,62.3,6.5));
#745 = DIRECTION('',(0.,0.,1.));
#746 = DIRECTION('',(1.,0.,-0.));
#747 = DEFINITIONAL_REPRESENTATION('',(#748),#752);
#748 = LINE('',#749,#750);
#749 = CARTESIAN_POINT('',(-1.570796326795,4.));
#750 = VECTOR('',#751,1.);
#751 = DIRECTION('',(1.,0.));
#752 = ( GEOMETRIC_REPRESENTATION_CONTEXT(2) 
PARAMETRIC_REPRESENTATION_CONTEXT() REPRESENTATION_CONTEXT('2D SPACE',''
  ) );
#753 = ORIENTED_EDGE('',*,*,#754,.F.);
#754 = EDGE_CURVE('',#755,#726,#757,.T.);
#755 = VERTEX_POINT('',#756);
#756 = CARTESIAN_POINT('',(53.8,62.9,10.5));
#757 = SURFACE_CURVE('',#758,(#762,#769),.PCURVE_S1.);
#758 = LINE('',#759,#760);
#759 = CARTESIAN_POINT('',(53.2,62.9,10.5));
#760 = VECTOR('',#761,1.);
#761 = DIRECTION('',(1.,0.,0.));
#762 = PCURVE('',#66,#763);
#763 = DEFINITIONAL_REPRESENTATION('',(#764),#768);
#764 = LINE('',#765,#766);
#765 = CARTESIAN_POINT('',(0.,9.));
#766 = VECTOR('',#767,1.);
#767 = DIRECTION('',(1.,0.));
#768 = ( GEOMETRIC_REPRESENTATION_CONTEXT(2) 
PARAMETRIC_REPRESENTATION_CONTEXT() REPRESENTATION_CONTEXT('2D SPACE',''
  ) );
#769 = PCURVE('',#770,#775);
#770 = PLANE('',#771);
#771 = AXIS2_PLACEMENT_3D('',#772,#773,#774);
#772 = CARTESIAN_POINT('',(53.2,62.9,6.5));
#773 = DIRECTION('',(0.,1.,0.));
#774 = DIRECTION('',(0.,0.,1.));
#775 = DEFINITIONAL_REPRESENTATION('',(#776),#780);
#776 = LINE('',#777,#778);
#777 = CARTESIAN_POINT('',(4.,0.));
#778 = VECTOR('',#779,1.);
#779 = DIRECTION('',(0.,1.));
#780 = ( GEOMETRIC_REPRESENTATION_CONTEXT(2) 
PARAMETRIC_REPRESENTATION_CONTEXT() REPRESENTATION_CONTEXT('2D SPACE',''
  ) );
#781 = ORIENTED_EDGE('',*,*,#782,.F.);
#782 = EDGE_CURVE('',#46,#755,#783,.T.);
#783 = SURFACE_CURVE('',#784,(#789,#800),.PCURVE_S1.);
#784 = CIRCLE('',#785,0.6);
#785 = AXIS2_PLACEMENT_3D('',#786,#787,#788);
#786 = CARTESIAN_POINT('',(53.8,62.3,10.5));
#787 = DIRECTION('',(-0.,-0.,-1.));
#788 = DIRECTION('',(0.,-1.,0.));
#789 = PCURVE('',#66,#790);
#790 = DEFINITIONAL_REPRESENTATION('',(#791),#799);
#791 = ( BOUNDED_CURVE() B_SPLINE_CURVE(2,(#792,#793,#794,#795,#796,#797
,#798),.UNSPECIFIED.,.T.,.F.) B_SPLINE_CURVE_WITH_KNOTS((1,2,2,2,2,1),(
    -2.094395102393,0.,2.094395102393,4.188790204786,6.28318530718,
8.377580409573),.UNSPECIFIED.) CURVE() GEOMETRIC_REPRESENTATION_ITEM() 
RATIONAL_B_SPLINE_CURVE((1.,0.5,1.,0.5,1.,0.5,1.)) REPRESENTATION_ITEM(
  '') );
#792 = CARTESIAN_POINT('',(0.6,7.8));
#793 = CARTESIAN_POINT('',(-0.439230484541,7.8));
#794 = CARTESIAN_POINT('',(8.038475772934E-02,8.7));
#795 = CARTESIAN_POINT('',(0.6,9.6));
#796 = CARTESIAN_POINT('',(1.119615242271,8.7));
#797 = CARTESIAN_POINT('',(1.639230484541,7.8));
#798 = CARTESIAN_POINT('',(0.6,7.8));
#799 = ( GEOMETRIC_REPRESENTATION_CONTEXT(2) 
PARAMETRIC_REPRESENTATION_CONTEXT() REPRESENTATION_CONTEXT('2D SPACE',''
  ) );
#800 = PCURVE('',#148,#801);
#801 = DEFINITIONAL_REPRESENTATION('',(#802),#806);
#802 = LINE('',#803,#804);
#803 = CARTESIAN_POINT('',(1.570796326795,4.));
#804 = VECTOR('',#805,1.);
#805 = DIRECTION('',(-1.,0.));
#806 = ( GEOMETRIC_REPRESENTATION_CONTEXT(2) 
PARAMETRIC_REPRESENTATION_CONTEXT() REPRESENTATION_CONTEXT('2D SPACE',''
  ) );
#807 = ADVANCED_FACE('',(#808),#94,.T.);
#808 = FACE_BOUND('',#809,.T.);
#809 = EDGE_LOOP('',(#810,#834,#855,#856));
#810 = ORIENTED_EDGE('',*,*,#811,.T.);
#811 = EDGE_CURVE('',#79,#812,#814,.T.);
#812 = VERTEX_POINT('',#813);
#813 = CARTESIAN_POINT('',(53.8,53.9,6.5));
#814 = SURFACE_CURVE('',#815,(#820,#827),.PCURVE_S1.);
#815 = CIRCLE('',#816,0.6);
#816 = AXIS2_PLACEMENT_3D('',#817,#818,#819);
#817 = CARTESIAN_POINT('',(53.8,54.5,6.5));
#818 = DIRECTION('',(0.,0.,1.));
#819 = DIRECTION('',(0.,-1.,0.));
#820 = PCURVE('',#94,#821);
#821 = DEFINITIONAL_REPRESENTATION('',(#822),#826);
#822 = LINE('',#823,#824);
#823 = CARTESIAN_POINT('',(-4.712388980385,0.));
#824 = VECTOR('',#825,1.);
#825 = DIRECTION('',(1.,0.));
#826 = ( GEOMETRIC_REPRESENTATION_CONTEXT(2) 
PARAMETRIC_REPRESENTATION_CONTEXT() REPRESENTATION_CONTEXT('2D SPACE',''
  ) );
#827 = PCURVE('',#122,#828);
#828 = DEFINITIONAL_REPRESENTATION('',(#829),#833);
#829 = CIRCLE('',#830,0.6);
#830 = AXIS2_PLACEMENT_2D('',#831,#832);
#831 = CARTESIAN_POINT('',(0.6,0.6));
#832 = DIRECTION('',(0.,-1.));
#833 = ( GEOMETRIC_REPRESENTATION_CONTEXT(2) 
PARAMETRIC_REPRESENTATION_CONTEXT() REPRESENTATION_CONTEXT('2D SPACE',''
  ) );
#834 = ORIENTED_EDGE('',*,*,#835,.T.);
#835 = EDGE_CURVE('',#812,#165,#836,.T.);
#836 = SURFACE_CURVE('',#837,(#841,#848),.PCURVE_S1.);
#837 = LINE('',#838,#839);
#838 = CARTESIAN_POINT('',(53.8,53.9,6.5));
#839 = VECTOR('',#840,1.);
#840 = DIRECTION('',(0.,0.,1.));
#841 = PCURVE('',#94,#842);
#842 = DEFINITIONAL_REPRESENTATION('',(#843),#847);
#843 = LINE('',#844,#845);
#844 = CARTESIAN_POINT('',(1.570796326795,0.));
#845 = VECTOR('',#846,1.);
#846 = DIRECTION('',(0.,1.));
#847 = ( GEOMETRIC_REPRESENTATION_CONTEXT(2) 
PARAMETRIC_REPRESENTATION_CONTEXT() REPRESENTATION_CONTEXT('2D SPACE',''
  ) );
#848 = PCURVE('',#204,#849);
#849 = DEFINITIONAL_REPRESENTATION('',(#850),#854);
#850 = LINE('',#851,#852);
#851 = CARTESIAN_POINT('',(0.,0.6));
#852 = VECTOR('',#853,1.);
#853 = DIRECTION('',(1.,0.));
#854 = ( GEOMETRIC_REPRESENTATION_CONTEXT(2) 
PARAMETRIC_REPRESENTATION_CONTEXT() REPRESENTATION_CONTEXT('2D SPACE',''
  ) );
#855 = ORIENTED_EDGE('',*,*,#164,.F.);
#856 = ORIENTED_EDGE('',*,*,#78,.F.);
#857 = ADVANCED_FACE('',(#858),#148,.T.);
#858 = FACE_BOUND('',#859,.F.);
#859 = EDGE_LOOP('',(#860,#888,#909,#910));
#860 = ORIENTED_EDGE('',*,*,#861,.T.);
#861 = EDGE_CURVE('',#107,#862,#864,.T.);
#862 = VERTEX_POINT('',#863);
#863 = CARTESIAN_POINT('',(53.8,62.9,6.5));
#864 = SURFACE_CURVE('',#865,(#870,#877),.PCURVE_S1.);
#865 = CIRCLE('',#866,0.6);
#866 = AXIS2_PLACEMENT_3D('',#867,#868,#869);
#867 = CARTESIAN_POINT('',(53.8,62.3,6.5));
#868 = DIRECTION('',(-0.,-0.,-1.));
#869 = DIRECTION('',(0.,-1.,0.));
#870 = PCURVE('',#148,#871);
#871 = DEFINITIONAL_REPRESENTATION('',(#872),#876);
#872 = LINE('',#873,#874);
#873 = CARTESIAN_POINT('',(1.570796326795,-0.));
#874 = VECTOR('',#875,1.);
#875 = DIRECTION('',(-1.,0.));
#876 = ( GEOMETRIC_REPRESENTATION_CONTEXT(2) 
PARAMETRIC_REPRESENTATION_CONTEXT() REPRESENTATION_CONTEXT('2D SPACE',''
  ) );
#877 = PCURVE('',#122,#878);
#878 = DEFINITIONAL_REPRESENTATION('',(#879),#887);
#879 = ( BOUNDED_CURVE() B_SPLINE_CURVE(2,(#880,#881,#882,#883,#884,#885
,#886),.UNSPECIFIED.,.T.,.F.) B_SPLINE_CURVE_WITH_KNOTS((1,2,2,2,2,1),(
    -2.094395102393,0.,2.094395102393,4.188790204786,6.28318530718,
8.377580409573),.UNSPECIFIED.) CURVE() GEOMETRIC_REPRESENTATION_ITEM() 
RATIONAL_B_SPLINE_CURVE((1.,0.5,1.,0.5,1.,0.5,1.)) REPRESENTATION_ITEM(
  '') );
#880 = CARTESIAN_POINT('',(0.6,7.8));
#881 = CARTESIAN_POINT('',(-0.439230484541,7.8));
#882 = CARTESIAN_POINT('',(8.038475772934E-02,8.7));
#883 = CARTESIAN_POINT('',(0.6,9.6));
#884 = CARTESIAN_POINT('',(1.119615242271,8.7));
#885 = CARTESIAN_POINT('',(1.639230484541,7.8));
#886 = CARTESIAN_POINT('',(0.6,7.8));
#887 = ( GEOMETRIC_REPRESENTATION_CONTEXT(2) 
PARAMETRIC_REPRESENTATION_CONTEXT() REPRESENTATION_CONTEXT('2D SPACE',''
  ) );
#888 = ORIENTED_EDGE('',*,*,#889,.T.);
#889 = EDGE_CURVE('',#862,#755,#890,.T.);
#890 = SURFACE_CURVE('',#891,(#895,#902),.PCURVE_S1.);
#891 = LINE('',#892,#893);
#892 = CARTESIAN_POINT('',(53.8,62.9,6.5));
#893 = VECTOR('',#894,1.);
#894 = DIRECTION('',(0.,0.,1.));
#895 = PCURVE('',#148,#896);
#896 = DEFINITIONAL_REPRESENTATION('',(#897),#901);
#897 = LINE('',#898,#899);
#898 = CARTESIAN_POINT('',(-1.570796326795,0.));
#899 = VECTOR('',#900,1.);
#900 = DIRECTION('',(-0.,1.));
#901 = ( GEOMETRIC_REPRESENTATION_CONTEXT(2) 
PARAMETRIC_REPRESENTATION_CONTEXT() REPRESENTATION_CONTEXT('2D SPACE',''
  ) );
#902 = PCURVE('',#770,#903);
#903 = DEFINITIONAL_REPRESENTATION('',(#904),#908);
#904 = LINE('',#905,#906);
#905 = CARTESIAN_POINT('',(0.,0.6));
#906 = VECTOR('',#907,1.);
#907 = DIRECTION('',(1.,0.));
#908 = ( GEOMETRIC_REPRESENTATION_CONTEXT(2) 
PARAMETRIC_REPRESENTATION_CONTEXT() REPRESENTATION_CONTEXT('2D SPACE',''
  ) );
#909 = ORIENTED_EDGE('',*,*,#782,.F.);
#910 = ORIENTED_EDGE('',*,*,#134,.F.);
#911 = ADVANCED_FACE('',(#912),#122,.F.);
#912 = FACE_BOUND('',#913,.F.);
#913 = EDGE_LOOP('',(#914,#915,#916,#939,#967,#990,#1013,#1036,#1059,
    #1082,#1105,#1128,#1151,#1174,#1197,#1220,#1243,#1266,#1289,#1312,
    #1335,#1358,#1382,#1403));
#914 = ORIENTED_EDGE('',*,*,#106,.F.);
#915 = ORIENTED_EDGE('',*,*,#811,.T.);
#916 = ORIENTED_EDGE('',*,*,#917,.T.);
#917 = EDGE_CURVE('',#812,#918,#920,.T.);
#918 = VERTEX_POINT('',#919);
#919 = CARTESIAN_POINT('',(54.,53.9,6.5));
#920 = SURFACE_CURVE('',#921,(#925,#932),.PCURVE_S1.);
#921 = LINE('',#922,#923);
#922 = CARTESIAN_POINT('',(53.2,53.9,6.5));
#923 = VECTOR('',#924,1.);
#924 = DIRECTION('',(1.,0.,0.));
#925 = PCURVE('',#122,#926);
#926 = DEFINITIONAL_REPRESENTATION('',(#927),#931);
#927 = LINE('',#928,#929);
#928 = CARTESIAN_POINT('',(0.,0.));
#929 = VECTOR('',#930,1.);
#930 = DIRECTION('',(1.,0.));
#931 = ( GEOMETRIC_REPRESENTATION_CONTEXT(2) 
PARAMETRIC_REPRESENTATION_CONTEXT() REPRESENTATION_CONTEXT('2D SPACE',''
  ) );
#932 = PCURVE('',#204,#933);
#933 = DEFINITIONAL_REPRESENTATION('',(#934),#938);
#934 = LINE('',#935,#936);
#935 = CARTESIAN_POINT('',(0.,0.));
#936 = VECTOR('',#937,1.);
#937 = DIRECTION('',(0.,1.));
#938 = ( GEOMETRIC_REPRESENTATION_CONTEXT(2) 
PARAMETRIC_REPRESENTATION_CONTEXT() REPRESENTATION_CONTEXT('2D SPACE',''
  ) );
#939 = ORIENTED_EDGE('',*,*,#940,.F.);
#940 = EDGE_CURVE('',#941,#918,#943,.T.);
#941 = VERTEX_POINT('',#942);
#942 = CARTESIAN_POINT('',(54.6,54.5,6.5));
#943 = SURFACE_CURVE('',#944,(#949,#960),.PCURVE_S1.);
#944 = CIRCLE('',#945,0.6);
#945 = AXIS2_PLACEMENT_3D('',#946,#947,#948);
#946 = CARTESIAN_POINT('',(54.,54.5,6.5));
#947 = DIRECTION('',(-0.,-0.,-1.));
#948 = DIRECTION('',(0.,-1.,0.));
#949 = PCURVE('',#122,#950);
#950 = DEFINITIONAL_REPRESENTATION('',(#951),#959);
#951 = ( BOUNDED_CURVE() B_SPLINE_CURVE(2,(#952,#953,#954,#955,#956,#957
,#958),.UNSPECIFIED.,.T.,.F.) B_SPLINE_CURVE_WITH_KNOTS((1,2,2,2,2,1),(
    -2.094395102393,0.,2.094395102393,4.188790204786,6.28318530718,
8.377580409573),.UNSPECIFIED.) CURVE() GEOMETRIC_REPRESENTATION_ITEM() 
RATIONAL_B_SPLINE_CURVE((1.,0.5,1.,0.5,1.,0.5,1.)) REPRESENTATION_ITEM(
  '') );
#952 = CARTESIAN_POINT('',(0.8,0.));
#953 = CARTESIAN_POINT('',(-0.239230484541,0.));
#954 = CARTESIAN_POINT('',(0.280384757729,0.9));
#955 = CARTESIAN_POINT('',(0.8,1.8));
#956 = CARTESIAN_POINT('',(1.319615242271,0.9));
#957 = CARTESIAN_POINT('',(1.839230484541,8.881784197001E-16));
#958 = CARTESIAN_POINT('',(0.8,0.));
#959 = ( GEOMETRIC_REPRESENTATION_CONTEXT(2) 
PARAMETRIC_REPRESENTATION_CONTEXT() REPRESENTATION_CONTEXT('2D SPACE',''
  ) );
#960 = PCURVE('',#237,#961);
#961 = DEFINITIONAL_REPRESENTATION('',(#962),#966);
#962 = LINE('',#963,#964);
#963 = CARTESIAN_POINT('',(4.712388980385,-0.));
#964 = VECTOR('',#965,1.);
#965 = DIRECTION('',(-1.,0.));
#966 = ( GEOMETRIC_REPRESENTATION_CONTEXT(2) 
PARAMETRIC_REPRESENTATION_CONTEXT() REPRESENTATION_CONTEXT('2D SPACE',''
  ) );
#967 = ORIENTED_EDGE('',*,*,#968,.T.);
#968 = EDGE_CURVE('',#941,#969,#971,.T.);
#969 = VERTEX_POINT('',#970);
#970 = CARTESIAN_POINT('',(54.6,54.8,6.5));
#971 = SURFACE_CURVE('',#972,(#976,#983),.PCURVE_S1.);
#972 = LINE('',#973,#974);
#973 = CARTESIAN_POINT('',(54.6,53.9,6.5));
#974 = VECTOR('',#975,1.);
#975 = DIRECTION('',(0.,1.,0.));
#976 = PCURVE('',#122,#977);
#977 = DEFINITIONAL_REPRESENTATION('',(#978),#982);
#978 = LINE('',#979,#980);
#979 = CARTESIAN_POINT('',(1.4,0.));
#980 = VECTOR('',#981,1.);
#981 = DIRECTION('',(0.,1.));
#982 = ( GEOMETRIC_REPRESENTATION_CONTEXT(2) 
PARAMETRIC_REPRESENTATION_CONTEXT() REPRESENTATION_CONTEXT('2D SPACE',''
  ) );
#983 = PCURVE('',#265,#984);
#984 = DEFINITIONAL_REPRESENTATION('',(#985),#989);
#985 = LINE('',#986,#987);
#986 = CARTESIAN_POINT('',(0.,0.));
#987 = VECTOR('',#988,1.);
#988 = DIRECTION('',(0.,-1.));
#989 = ( GEOMETRIC_REPRESENTATION_CONTEXT(2) 
PARAMETRIC_REPRESENTATION_CONTEXT() REPRESENTATION_CONTEXT('2D SPACE',''
  ) );
#990 = ORIENTED_EDGE('',*,*,#991,.T.);
#991 = EDGE_CURVE('',#969,#992,#994,.T.);
#992 = VERTEX_POINT('',#993);
#993 = CARTESIAN_POINT('',(55.,54.8,6.5));
#994 = SURFACE_CURVE('',#995,(#999,#1006),.PCURVE_S1.);
#995 = LINE('',#996,#997);
#996 = CARTESIAN_POINT('',(54.5,54.8,6.5));
#997 = VECTOR('',#998,1.);
#998 = DIRECTION('',(1.,0.,0.));
#999 = PCURVE('',#122,#1000);
#1000 = DEFINITIONAL_REPRESENTATION('',(#1001),#1005);
#1001 = LINE('',#1002,#1003);
#1002 = CARTESIAN_POINT('',(1.3,0.9));
#1003 = VECTOR('',#1004,1.);
#1004 = DIRECTION('',(1.,0.));
#1005 = ( GEOMETRIC_REPRESENTATION_CONTEXT(2) 
PARAMETRIC_REPRESENTATION_CONTEXT() REPRESENTATION_CONTEXT('2D SPACE',''
  ) );
#1006 = PCURVE('',#293,#1007);
#1007 = DEFINITIONAL_REPRESENTATION('',(#1008),#1012);
#1008 = LINE('',#1009,#1010);
#1009 = CARTESIAN_POINT('',(0.,0.));
#1010 = VECTOR('',#1011,1.);
#1011 = DIRECTION('',(0.,1.));
#1012 = ( GEOMETRIC_REPRESENTATION_CONTEXT(2) 
PARAMETRIC_REPRESENTATION_CONTEXT() REPRESENTATION_CONTEXT('2D SPACE',''
  ) );
#1013 = ORIENTED_EDGE('',*,*,#1014,.T.);
#1014 = EDGE_CURVE('',#992,#1015,#1017,.T.);
#1015 = VERTEX_POINT('',#1016);
#1016 = CARTESIAN_POINT('',(55.,55.6,6.5));
#1017 = SURFACE_CURVE('',#1018,(#1022,#1029),.PCURVE_S1.);
#1018 = LINE('',#1019,#1020);
#1019 = CARTESIAN_POINT('',(55.,54.8,6.5));
#1020 = VECTOR('',#1021,1.);
#1021 = DIRECTION('',(0.,1.,0.));
#1022 = PCURVE('',#122,#1023);
#1023 = DEFINITIONAL_REPRESENTATION('',(#1024),#1028);
#1024 = LINE('',#1025,#1026);
#1025 = CARTESIAN_POINT('',(1.8,0.9));
#1026 = VECTOR('',#1027,1.);
#1027 = DIRECTION('',(0.,1.));
#1028 = ( GEOMETRIC_REPRESENTATION_CONTEXT(2) 
PARAMETRIC_REPRESENTATION_CONTEXT() REPRESENTATION_CONTEXT('2D SPACE',''
  ) );
#1029 = PCURVE('',#321,#1030);
#1030 = DEFINITIONAL_REPRESENTATION('',(#1031),#1035);
#1031 = LINE('',#1032,#1033);
#1032 = CARTESIAN_POINT('',(0.,0.));
#1033 = VECTOR('',#1034,1.);
#1034 = DIRECTION('',(0.,-1.));
#1035 = ( GEOMETRIC_REPRESENTATION_CONTEXT(2) 
PARAMETRIC_REPRESENTATION_CONTEXT() REPRESENTATION_CONTEXT('2D SPACE',''
  ) );
#1036 = ORIENTED_EDGE('',*,*,#1037,.F.);
#1037 = EDGE_CURVE('',#1038,#1015,#1040,.T.);
#1038 = VERTEX_POINT('',#1039);
#1039 = CARTESIAN_POINT('',(54.6,55.6,6.5));
#1040 = SURFACE_CURVE('',#1041,(#1045,#1052),.PCURVE_S1.);
#1041 = LINE('',#1042,#1043);
#1042 = CARTESIAN_POINT('',(54.5,55.6,6.5));
#1043 = VECTOR('',#1044,1.);
#1044 = DIRECTION('',(1.,0.,0.));
#1045 = PCURVE('',#122,#1046);
#1046 = DEFINITIONAL_REPRESENTATION('',(#1047),#1051);
#1047 = LINE('',#1048,#1049);
#1048 = CARTESIAN_POINT('',(1.3,1.7));
#1049 = VECTOR('',#1050,1.);
#1050 = DIRECTION('',(1.,0.));
#1051 = ( GEOMETRIC_REPRESENTATION_CONTEXT(2) 
PARAMETRIC_REPRESENTATION_CONTEXT() REPRESENTATION_CONTEXT('2D SPACE',''
  ) );
#1052 = PCURVE('',#349,#1053);
#1053 = DEFINITIONAL_REPRESENTATION('',(#1054),#1058);
#1054 = LINE('',#1055,#1056);
#1055 = CARTESIAN_POINT('',(0.,0.));
#1056 = VECTOR('',#1057,1.);
#1057 = DIRECTION('',(0.,1.));
#1058 = ( GEOMETRIC_REPRESENTATION_CONTEXT(2) 
PARAMETRIC_REPRESENTATION_CONTEXT() REPRESENTATION_CONTEXT('2D SPACE',''
  ) );
#1059 = ORIENTED_EDGE('',*,*,#1060,.T.);
#1060 = EDGE_CURVE('',#1038,#1061,#1063,.T.);
#1061 = VERTEX_POINT('',#1062);
#1062 = CARTESIAN_POINT('',(54.6,57.,6.5));
#1063 = SURFACE_CURVE('',#1064,(#1068,#1075),.PCURVE_S1.);
#1064 = LINE('',#1065,#1066);
#1065 = CARTESIAN_POINT('',(54.6,53.9,6.5));
#1066 = VECTOR('',#1067,1.);
#1067 = DIRECTION('',(0.,1.,0.));
#1068 = PCURVE('',#122,#1069);
#1069 = DEFINITIONAL_REPRESENTATION('',(#1070),#1074);
#1070 = LINE('',#1071,#1072);
#1071 = CARTESIAN_POINT('',(1.4,0.));
#1072 = VECTOR('',#1073,1.);
#1073 = DIRECTION('',(0.,1.));
#1074 = ( GEOMETRIC_REPRESENTATION_CONTEXT(2) 
PARAMETRIC_REPRESENTATION_CONTEXT() REPRESENTATION_CONTEXT('2D SPACE',''
  ) );
#1075 = PCURVE('',#377,#1076);
#1076 = DEFINITIONAL_REPRESENTATION('',(#1077),#1081);
#1077 = LINE('',#1078,#1079);
#1078 = CARTESIAN_POINT('',(0.,0.));
#1079 = VECTOR('',#1080,1.);
#1080 = DIRECTION('',(0.,-1.));
#1081 = ( GEOMETRIC_REPRESENTATION_CONTEXT(2) 
PARAMETRIC_REPRESENTATION_CONTEXT() REPRESENTATION_CONTEXT('2D SPACE',''
  ) );
#1082 = ORIENTED_EDGE('',*,*,#1083,.T.);
#1083 = EDGE_CURVE('',#1061,#1084,#1086,.T.);
#1084 = VERTEX_POINT('',#1085);
#1085 = CARTESIAN_POINT('',(55.,57.,6.5));
#1086 = SURFACE_CURVE('',#1087,(#1091,#1098),.PCURVE_S1.);
#1087 = LINE('',#1088,#1089);
#1088 = CARTESIAN_POINT('',(54.5,57.,6.5));
#1089 = VECTOR('',#1090,1.);
#1090 = DIRECTION('',(1.,0.,0.));
#1091 = PCURVE('',#122,#1092);
#1092 = DEFINITIONAL_REPRESENTATION('',(#1093),#1097);
#1093 = LINE('',#1094,#1095);
#1094 = CARTESIAN_POINT('',(1.3,3.1));
#1095 = VECTOR('',#1096,1.);
#1096 = DIRECTION('',(1.,0.));
#1097 = ( GEOMETRIC_REPRESENTATION_CONTEXT(2) 
PARAMETRIC_REPRESENTATION_CONTEXT() REPRESENTATION_CONTEXT('2D SPACE',''
  ) );
#1098 = PCURVE('',#405,#1099);
#1099 = DEFINITIONAL_REPRESENTATION('',(#1100),#1104);
#1100 = LINE('',#1101,#1102);
#1101 = CARTESIAN_POINT('',(0.,0.));
#1102 = VECTOR('',#1103,1.);
#1103 = DIRECTION('',(0.,1.));
#1104 = ( GEOMETRIC_REPRESENTATION_CONTEXT(2) 
PARAMETRIC_REPRESENTATION_CONTEXT() REPRESENTATION_CONTEXT('2D SPACE',''
  ) );
#1105 = ORIENTED_EDGE('',*,*,#1106,.T.);
#1106 = EDGE_CURVE('',#1084,#1107,#1109,.T.);
#1107 = VERTEX_POINT('',#1108);
#1108 = CARTESIAN_POINT('',(55.,57.8,6.5));
#1109 = SURFACE_CURVE('',#1110,(#1114,#1121),.PCURVE_S1.);
#1110 = LINE('',#1111,#1112);
#1111 = CARTESIAN_POINT('',(55.,57.,6.5));
#1112 = VECTOR('',#1113,1.);
#1113 = DIRECTION('',(0.,1.,0.));
#1114 = PCURVE('',#122,#1115);
#1115 = DEFINITIONAL_REPRESENTATION('',(#1116),#1120);
#1116 = LINE('',#1117,#1118);
#1117 = CARTESIAN_POINT('',(1.8,3.1));
#1118 = VECTOR('',#1119,1.);
#1119 = DIRECTION('',(0.,1.));
#1120 = ( GEOMETRIC_REPRESENTATION_CONTEXT(2) 
PARAMETRIC_REPRESENTATION_CONTEXT() REPRESENTATION_CONTEXT('2D SPACE',''
  ) );
#1121 = PCURVE('',#433,#1122);
#1122 = DEFINITIONAL_REPRESENTATION('',(#1123),#1127);
#1123 = LINE('',#1124,#1125);
#1124 = CARTESIAN_POINT('',(0.,0.));
#1125 = VECTOR('',#1126,1.);
#1126 = DIRECTION('',(0.,-1.));
#1127 = ( GEOMETRIC_REPRESENTATION_CONTEXT(2) 
PARAMETRIC_REPRESENTATION_CONTEXT() REPRESENTATION_CONTEXT('2D SPACE',''
  ) );
#1128 = ORIENTED_EDGE('',*,*,#1129,.F.);
#1129 = EDGE_CURVE('',#1130,#1107,#1132,.T.);
#1130 = VERTEX_POINT('',#1131);
#1131 = CARTESIAN_POINT('',(54.6,57.8,6.5));
#1132 = SURFACE_CURVE('',#1133,(#1137,#1144),.PCURVE_S1.);
#1133 = LINE('',#1134,#1135);
#1134 = CARTESIAN_POINT('',(54.5,57.8,6.5));
#1135 = VECTOR('',#1136,1.);
#1136 = DIRECTION('',(1.,0.,0.));
#1137 = PCURVE('',#122,#1138);
#1138 = DEFINITIONAL_REPRESENTATION('',(#1139),#1143);
#1139 = LINE('',#1140,#1141);
#1140 = CARTESIAN_POINT('',(1.3,3.9));
#1141 = VECTOR('',#1142,1.);
#1142 = DIRECTION('',(1.,0.));
#1143 = ( GEOMETRIC_REPRESENTATION_CONTEXT(2) 
PARAMETRIC_REPRESENTATION_CONTEXT() REPRESENTATION_CONTEXT('2D SPACE',''
  ) );
#1144 = PCURVE('',#461,#1145);
#1145 = DEFINITIONAL_REPRESENTATION('',(#1146),#1150);
#1146 = LINE('',#1147,#1148);
#1147 = CARTESIAN_POINT('',(0.,0.));
#1148 = VECTOR('',#1149,1.);
#1149 = DIRECTION('',(0.,1.));
#1150 = ( GEOMETRIC_REPRESENTATION_CONTEXT(2) 
PARAMETRIC_REPRESENTATION_CONTEXT() REPRESENTATION_CONTEXT('2D SPACE',''
  ) );
#1151 = ORIENTED_EDGE('',*,*,#1152,.T.);
#1152 = EDGE_CURVE('',#1130,#1153,#1155,.T.);
#1153 = VERTEX_POINT('',#1154);
#1154 = CARTESIAN_POINT('',(54.6,59.2,6.5));
#1155 = SURFACE_CURVE('',#1156,(#1160,#1167),.PCURVE_S1.);
#1156 = LINE('',#1157,#1158);
#1157 = CARTESIAN_POINT('',(54.6,53.9,6.5));
#1158 = VECTOR('',#1159,1.);
#1159 = DIRECTION('',(0.,1.,0.));
#1160 = PCURVE('',#122,#1161);
#1161 = DEFINITIONAL_REPRESENTATION('',(#1162),#1166);
#1162 = LINE('',#1163,#1164);
#1163 = CARTESIAN_POINT('',(1.4,0.));
#1164 = VECTOR('',#1165,1.);
#1165 = DIRECTION('',(0.,1.));
#1166 = ( GEOMETRIC_REPRESENTATION_CONTEXT(2) 
PARAMETRIC_REPRESENTATION_CONTEXT() REPRESENTATION_CONTEXT('2D SPACE',''
  ) );
#1167 = PCURVE('',#489,#1168);
#1168 = DEFINITIONAL_REPRESENTATION('',(#1169),#1173);
#1169 = LINE('',#1170,#1171);
#1170 = CARTESIAN_POINT('',(0.,0.));
#1171 = VECTOR('',#1172,1.);
#1172 = DIRECTION('',(0.,-1.));
#1173 = ( GEOMETRIC_REPRESENTATION_CONTEXT(2) 
PARAMETRIC_REPRESENTATION_CONTEXT() REPRESENTATION_CONTEXT('2D SPACE',''
  ) );
#1174 = ORIENTED_EDGE('',*,*,#1175,.T.);
#1175 = EDGE_CURVE('',#1153,#1176,#1178,.T.);
#1176 = VERTEX_POINT('',#1177);
#1177 = CARTESIAN_POINT('',(55.,59.2,6.5));
#1178 = SURFACE_CURVE('',#1179,(#1183,#1190),.PCURVE_S1.);
#1179 = LINE('',#1180,#1181);
#1180 = CARTESIAN_POINT('',(54.5,59.2,6.5));
#1181 = VECTOR('',#1182,1.);
#1182 = DIRECTION('',(1.,0.,0.));
#1183 = PCURVE('',#122,#1184);
#1184 = DEFINITIONAL_REPRESENTATION('',(#1185),#1189);
#1185 = LINE('',#1186,#1187);
#1186 = CARTESIAN_POINT('',(1.3,5.3));
#1187 = VECTOR('',#1188,1.);
#1188 = DIRECTION('',(1.,0.));
#1189 = ( GEOMETRIC_REPRESENTATION_CONTEXT(2) 
PARAMETRIC_REPRESENTATION_CONTEXT() REPRESENTATION_CONTEXT('2D SPACE',''
  ) );
#1190 = PCURVE('',#517,#1191);
#1191 = DEFINITIONAL_REPRESENTATION('',(#1192),#1196);
#1192 = LINE('',#1193,#1194);
#1193 = CARTESIAN_POINT('',(0.,0.));
#1194 = VECTOR('',#1195,1.);
#1195 = DIRECTION('',(0.,1.));
#1196 = ( GEOMETRIC_REPRESENTATION_CONTEXT(2) 
PARAMETRIC_REPRESENTATION_CONTEXT() REPRESENTATION_CONTEXT('2D SPACE',''
  ) );
#1197 = ORIENTED_EDGE('',*,*,#1198,.T.);
#1198 = EDGE_CURVE('',#1176,#1199,#1201,.T.);
#1199 = VERTEX_POINT('',#1200);
#1200 = CARTESIAN_POINT('',(55.,60.,6.5));
#1201 = SURFACE_CURVE('',#1202,(#1206,#1213),.PCURVE_S1.);
#1202 = LINE('',#1203,#1204);
#1203 = CARTESIAN_POINT('',(55.,59.2,6.5));
#1204 = VECTOR('',#1205,1.);
#1205 = DIRECTION('',(0.,1.,0.));
#1206 = PCURVE('',#122,#1207);
#1207 = DEFINITIONAL_REPRESENTATION('',(#1208),#1212);
#1208 = LINE('',#1209,#1210);
#1209 = CARTESIAN_POINT('',(1.8,5.3));
#1210 = VECTOR('',#1211,1.);
#1211 = DIRECTION('',(0.,1.));
#1212 = ( GEOMETRIC_REPRESENTATION_CONTEXT(2) 
PARAMETRIC_REPRESENTATION_CONTEXT() REPRESENTATION_CONTEXT('2D SPACE',''
  ) );
#1213 = PCURVE('',#545,#1214);
#1214 = DEFINITIONAL_REPRESENTATION('',(#1215),#1219);
#1215 = LINE('',#1216,#1217);
#1216 = CARTESIAN_POINT('',(0.,0.));
#1217 = VECTOR('',#1218,1.);
#1218 = DIRECTION('',(0.,-1.));
#1219 = ( GEOMETRIC_REPRESENTATION_CONTEXT(2) 
PARAMETRIC_REPRESENTATION_CONTEXT() REPRESENTATION_CONTEXT('2D SPACE',''
  ) );
#1220 = ORIENTED_EDGE('',*,*,#1221,.F.);
#1221 = EDGE_CURVE('',#1222,#1199,#1224,.T.);
#1222 = VERTEX_POINT('',#1223);
#1223 = CARTESIAN_POINT('',(54.6,60.,6.5));
#1224 = SURFACE_CURVE('',#1225,(#1229,#1236),.PCURVE_S1.);
#1225 = LINE('',#1226,#1227);
#1226 = CARTESIAN_POINT('',(54.5,60.,6.5));
#1227 = VECTOR('',#1228,1.);
#1228 = DIRECTION('',(1.,0.,0.));
#1229 = PCURVE('',#122,#1230);
#1230 = DEFINITIONAL_REPRESENTATION('',(#1231),#1235);
#1231 = LINE('',#1232,#1233);
#1232 = CARTESIAN_POINT('',(1.3,6.1));
#1233 = VECTOR('',#1234,1.);
#1234 = DIRECTION('',(1.,0.));
#1235 = ( GEOMETRIC_REPRESENTATION_CONTEXT(2) 
PARAMETRIC_REPRESENTATION_CONTEXT() REPRESENTATION_CONTEXT('2D SPACE',''
  ) );
#1236 = PCURVE('',#573,#1237);
#1237 = DEFINITIONAL_REPRESENTATION('',(#1238),#1242);
#1238 = LINE('',#1239,#1240);
#1239 = CARTESIAN_POINT('',(0.,0.));
#1240 = VECTOR('',#1241,1.);
#1241 = DIRECTION('',(0.,1.));
#1242 = ( GEOMETRIC_REPRESENTATION_CONTEXT(2) 
PARAMETRIC_REPRESENTATION_CONTEXT() REPRESENTATION_CONTEXT('2D SPACE',''
  ) );
#1243 = ORIENTED_EDGE('',*,*,#1244,.T.);
#1244 = EDGE_CURVE('',#1222,#1245,#1247,.T.);
#1245 = VERTEX_POINT('',#1246);
#1246 = CARTESIAN_POINT('',(54.6,61.4,6.5));
#1247 = SURFACE_CURVE('',#1248,(#1252,#1259),.PCURVE_S1.);
#1248 = LINE('',#1249,#1250);
#1249 = CARTESIAN_POINT('',(54.6,53.9,6.5));
#1250 = VECTOR('',#1251,1.);
#1251 = DIRECTION('',(0.,1.,0.));
#1252 = PCURVE('',#122,#1253);
#1253 = DEFINITIONAL_REPRESENTATION('',(#1254),#1258);
#1254 = LINE('',#1255,#1256);
#1255 = CARTESIAN_POINT('',(1.4,0.));
#1256 = VECTOR('',#1257,1.);
#1257 = DIRECTION('',(0.,1.));
#1258 = ( GEOMETRIC_REPRESENTATION_CONTEXT(2) 
PARAMETRIC_REPRESENTATION_CONTEXT() REPRESENTATION_CONTEXT('2D SPACE',''
  ) );
#1259 = PCURVE('',#601,#1260);
#1260 = DEFINITIONAL_REPRESENTATION('',(#1261),#1265);
#1261 = LINE('',#1262,#1263);
#1262 = CARTESIAN_POINT('',(0.,0.));
#1263 = VECTOR('',#1264,1.);
#1264 = DIRECTION('',(0.,-1.));
#1265 = ( GEOMETRIC_REPRESENTATION_CONTEXT(2) 
PARAMETRIC_REPRESENTATION_CONTEXT() REPRESENTATION_CONTEXT('2D SPACE',''
  ) );
#1266 = ORIENTED_EDGE('',*,*,#1267,.T.);
#1267 = EDGE_CURVE('',#1245,#1268,#1270,.T.);
#1268 = VERTEX_POINT('',#1269);
#1269 = CARTESIAN_POINT('',(55.,61.4,6.5));
#1270 = SURFACE_CURVE('',#1271,(#1275,#1282),.PCURVE_S1.);
#1271 = LINE('',#1272,#1273);
#1272 = CARTESIAN_POINT('',(54.5,61.4,6.5));
#1273 = VECTOR('',#1274,1.);
#1274 = DIRECTION('',(1.,0.,0.));
#1275 = PCURVE('',#122,#1276);
#1276 = DEFINITIONAL_REPRESENTATION('',(#1277),#1281);
#1277 = LINE('',#1278,#1279);
#1278 = CARTESIAN_POINT('',(1.3,7.5));
#1279 = VECTOR('',#1280,1.);
#1280 = DIRECTION('',(1.,0.));
#1281 = ( GEOMETRIC_REPRESENTATION_CONTEXT(2) 
PARAMETRIC_REPRESENTATION_CONTEXT() REPRESENTATION_CONTEXT('2D SPACE',''
  ) );
#1282 = PCURVE('',#629,#1283);
#1283 = DEFINITIONAL_REPRESENTATION('',(#1284),#1288);
#1284 = LINE('',#1285,#1286);
#1285 = CARTESIAN_POINT('',(0.,0.));
#1286 = VECTOR('',#1287,1.);
#1287 = DIRECTION('',(0.,1.));
#1288 = ( GEOMETRIC_REPRESENTATION_CONTEXT(2) 
PARAMETRIC_REPRESENTATION_CONTEXT() REPRESENTATION_CONTEXT('2D SPACE',''
  ) );
#1289 = ORIENTED_EDGE('',*,*,#1290,.T.);
#1290 = EDGE_CURVE('',#1268,#1291,#1293,.T.);
#1291 = VERTEX_POINT('',#1292);
#1292 = CARTESIAN_POINT('',(55.,62.2,6.5));
#1293 = SURFACE_CURVE('',#1294,(#1298,#1305),.PCURVE_S1.);
#1294 = LINE('',#1295,#1296);
#1295 = CARTESIAN_POINT('',(55.,61.4,6.5));
#1296 = VECTOR('',#1297,1.);
#1297 = DIRECTION('',(0.,1.,0.));
#1298 = PCURVE('',#122,#1299);
#1299 = DEFINITIONAL_REPRESENTATION('',(#1300),#1304);
#1300 = LINE('',#1301,#1302);
#1301 = CARTESIAN_POINT('',(1.8,7.5));
#1302 = VECTOR('',#1303,1.);
#1303 = DIRECTION('',(0.,1.));
#1304 = ( GEOMETRIC_REPRESENTATION_CONTEXT(2) 
PARAMETRIC_REPRESENTATION_CONTEXT() REPRESENTATION_CONTEXT('2D SPACE',''
  ) );
#1305 = PCURVE('',#657,#1306);
#1306 = DEFINITIONAL_REPRESENTATION('',(#1307),#1311);
#1307 = LINE('',#1308,#1309);
#1308 = CARTESIAN_POINT('',(0.,0.));
#1309 = VECTOR('',#1310,1.);
#1310 = DIRECTION('',(0.,-1.));
#1311 = ( GEOMETRIC_REPRESENTATION_CONTEXT(2) 
PARAMETRIC_REPRESENTATION_CONTEXT() REPRESENTATION_CONTEXT('2D SPACE',''
  ) );
#1312 = ORIENTED_EDGE('',*,*,#1313,.F.);
#1313 = EDGE_CURVE('',#1314,#1291,#1316,.T.);
#1314 = VERTEX_POINT('',#1315);
#1315 = CARTESIAN_POINT('',(54.6,62.2,6.5));
#1316 = SURFACE_CURVE('',#1317,(#1321,#1328),.PCURVE_S1.);
#1317 = LINE('',#1318,#1319);
#1318 = CARTESIAN_POINT('',(54.5,62.2,6.5));
#1319 = VECTOR('',#1320,1.);
#1320 = DIRECTION('',(1.,0.,0.));
#1321 = PCURVE('',#122,#1322);
#1322 = DEFINITIONAL_REPRESENTATION('',(#1323),#1327);
#1323 = LINE('',#1324,#1325);
#1324 = CARTESIAN_POINT('',(1.3,8.3));
#1325 = VECTOR('',#1326,1.);
#1326 = DIRECTION('',(1.,0.));
#1327 = ( GEOMETRIC_REPRESENTATION_CONTEXT(2) 
PARAMETRIC_REPRESENTATION_CONTEXT() REPRESENTATION_CONTEXT('2D SPACE',''
  ) );
#1328 = PCURVE('',#685,#1329);
#1329 = DEFINITIONAL_REPRESENTATION('',(#1330),#1334);
#1330 = LINE('',#1331,#1332);
#1331 = CARTESIAN_POINT('',(0.,0.));
#1332 = VECTOR('',#1333,1.);
#1333 = DIRECTION('',(0.,1.));
#1334 = ( GEOMETRIC_REPRESENTATION_CONTEXT(2) 
PARAMETRIC_REPRESENTATION_CONTEXT() REPRESENTATION_CONTEXT('2D SPACE',''
  ) );
#1335 = ORIENTED_EDGE('',*,*,#1336,.T.);
#1336 = EDGE_CURVE('',#1314,#1337,#1339,.T.);
#1337 = VERTEX_POINT('',#1338);
#1338 = CARTESIAN_POINT('',(54.6,62.3,6.5));
#1339 = SURFACE_CURVE('',#1340,(#1344,#1351),.PCURVE_S1.);
#1340 = LINE('',#1341,#1342);
#1341 = CARTESIAN_POINT('',(54.6,53.9,6.5));
#1342 = VECTOR('',#1343,1.);
#1343 = DIRECTION('',(0.,1.,0.));
#1344 = PCURVE('',#122,#1345);
#1345 = DEFINITIONAL_REPRESENTATION('',(#1346),#1350);
#1346 = LINE('',#1347,#1348);
#1347 = CARTESIAN_POINT('',(1.4,0.));
#1348 = VECTOR('',#1349,1.);
#1349 = DIRECTION('',(0.,1.));
#1350 = ( GEOMETRIC_REPRESENTATION_CONTEXT(2) 
PARAMETRIC_REPRESENTATION_CONTEXT() REPRESENTATION_CONTEXT('2D SPACE',''
  ) );
#1351 = PCURVE('',#713,#1352);
#1352 = DEFINITIONAL_REPRESENTATION('',(#1353),#1357);
#1353 = LINE('',#1354,#1355);
#1354 = CARTESIAN_POINT('',(0.,0.));
#1355 = VECTOR('',#1356,1.);
#1356 = DIRECTION('',(0.,-1.));
#1357 = ( GEOMETRIC_REPRESENTATION_CONTEXT(2) 
PARAMETRIC_REPRESENTATION_CONTEXT() REPRESENTATION_CONTEXT('2D SPACE',''
  ) );
#1358 = ORIENTED_EDGE('',*,*,#1359,.T.);
#1359 = EDGE_CURVE('',#1337,#1360,#1362,.T.);
#1360 = VERTEX_POINT('',#1361);
#1361 = CARTESIAN_POINT('',(54.,62.9,6.5));
#1362 = SURFACE_CURVE('',#1363,(#1368,#1375),.PCURVE_S1.);
#1363 = CIRCLE('',#1364,0.6);
#1364 = AXIS2_PLACEMENT_3D('',#1365,#1366,#1367);
#1365 = CARTESIAN_POINT('',(54.,62.3,6.5));
#1366 = DIRECTION('',(0.,0.,1.));
#1367 = DIRECTION('',(0.,-1.,0.));
#1368 = PCURVE('',#122,#1369);
#1369 = DEFINITIONAL_REPRESENTATION('',(#1370),#1374);
#1370 = CIRCLE('',#1371,0.6);
#1371 = AXIS2_PLACEMENT_2D('',#1372,#1373);
#1372 = CARTESIAN_POINT('',(0.8,8.4));
#1373 = DIRECTION('',(0.,-1.));
#1374 = ( GEOMETRIC_REPRESENTATION_CONTEXT(2) 
PARAMETRIC_REPRESENTATION_CONTEXT() REPRESENTATION_CONTEXT('2D SPACE',''
  ) );
#1375 = PCURVE('',#742,#1376);
#1376 = DEFINITIONAL_REPRESENTATION('',(#1377),#1381);
#1377 = LINE('',#1378,#1379);
#1378 = CARTESIAN_POINT('',(-1.570796326795,0.));
#1379 = VECTOR('',#1380,1.);
#1380 = DIRECTION('',(1.,0.));
#1381 = ( GEOMETRIC_REPRESENTATION_CONTEXT(2) 
PARAMETRIC_REPRESENTATION_CONTEXT() REPRESENTATION_CONTEXT('2D SPACE',''
  ) );
#1382 = ORIENTED_EDGE('',*,*,#1383,.F.);
#1383 = EDGE_CURVE('',#862,#1360,#1384,.T.);
#1384 = SURFACE_CURVE('',#1385,(#1389,#1396),.PCURVE_S1.);
#1385 = LINE('',#1386,#1387);
#1386 = CARTESIAN_POINT('',(53.2,62.9,6.5));
#1387 = VECTOR('',#1388,1.);
#1388 = DIRECTION('',(1.,0.,0.));
#1389 = PCURVE('',#122,#1390);
#1390 = DEFINITIONAL_REPRESENTATION('',(#1391),#1395);
#1391 = LINE('',#1392,#1393);
#1392 = CARTESIAN_POINT('',(0.,9.));
#1393 = VECTOR('',#1394,1.);
#1394 = DIRECTION('',(1.,0.));
#1395 = ( GEOMETRIC_REPRESENTATION_CONTEXT(2) 
PARAMETRIC_REPRESENTATION_CONTEXT() REPRESENTATION_CONTEXT('2D SPACE',''
  ) );
#1396 = PCURVE('',#770,#1397);
#1397 = DEFINITIONAL_REPRESENTATION('',(#1398),#1402);
#1398 = LINE('',#1399,#1400);
#1399 = CARTESIAN_POINT('',(0.,0.));
#1400 = VECTOR('',#1401,1.);
#1401 = DIRECTION('',(0.,1.));
#1402 = ( GEOMETRIC_REPRESENTATION_CONTEXT(2) 
PARAMETRIC_REPRESENTATION_CONTEXT() REPRESENTATION_CONTEXT('2D SPACE',''
  ) );
#1403 = ORIENTED_EDGE('',*,*,#861,.F.);
#1404 = ADVANCED_FACE('',(#1405),#770,.T.);
#1405 = FACE_BOUND('',#1406,.T.);
#1406 = EDGE_LOOP('',(#1407,#1408,#1409,#1410));
#1407 = ORIENTED_EDGE('',*,*,#1383,.F.);
#1408 = ORIENTED_EDGE('',*,*,#889,.T.);
#1409 = ORIENTED_EDGE('',*,*,#754,.T.);
#1410 = ORIENTED_EDGE('',*,*,#1411,.F.);
#1411 = EDGE_CURVE('',#1360,#726,#1412,.T.);
#1412 = SURFACE_CURVE('',#1413,(#1417,#1424),.PCURVE_S1.);
#1413 = LINE('',#1414,#1415);
#1414 = CARTESIAN_POINT('',(54.,62.9,6.5));
#1415 = VECTOR('',#1416,1.);
#1416 = DIRECTION('',(0.,0.,1.));
#1417 = PCURVE('',#770,#1418);
#1418 = DEFINITIONAL_REPRESENTATION('',(#1419),#1423);
#1419 = LINE('',#1420,#1421);
#1420 = CARTESIAN_POINT('',(0.,0.8));
#1421 = VECTOR('',#1422,1.);
#1422 = DIRECTION('',(1.,0.));
#1423 = ( GEOMETRIC_REPRESENTATION_CONTEXT(2) 
PARAMETRIC_REPRESENTATION_CONTEXT() REPRESENTATION_CONTEXT('2D SPACE',''
  ) );
#1424 = PCURVE('',#742,#1425);
#1425 = DEFINITIONAL_REPRESENTATION('',(#1426),#1430);
#1426 = LINE('',#1427,#1428);
#1427 = CARTESIAN_POINT('',(1.570796326795,0.));
#1428 = VECTOR('',#1429,1.);
#1429 = DIRECTION('',(0.,1.));
#1430 = ( GEOMETRIC_REPRESENTATION_CONTEXT(2) 
PARAMETRIC_REPRESENTATION_CONTEXT() REPRESENTATION_CONTEXT('2D SPACE',''
  ) );
#1431 = ADVANCED_FACE('',(#1432),#742,.T.);
#1432 = FACE_BOUND('',#1433,.T.);
#1433 = EDGE_LOOP('',(#1434,#1435,#1436,#1437));
#1434 = ORIENTED_EDGE('',*,*,#1359,.T.);
#1435 = ORIENTED_EDGE('',*,*,#1411,.T.);
#1436 = ORIENTED_EDGE('',*,*,#725,.F.);
#1437 = ORIENTED_EDGE('',*,*,#1438,.F.);
#1438 = EDGE_CURVE('',#1337,#698,#1439,.T.);
#1439 = SURFACE_CURVE('',#1440,(#1444,#1451),.PCURVE_S1.);
#1440 = LINE('',#1441,#1442);
#1441 = CARTESIAN_POINT('',(54.6,62.3,6.5));
#1442 = VECTOR('',#1443,1.);
#1443 = DIRECTION('',(0.,0.,1.));
#1444 = PCURVE('',#742,#1445);
#1445 = DEFINITIONAL_REPRESENTATION('',(#1446),#1450);
#1446 = LINE('',#1447,#1448);
#1447 = CARTESIAN_POINT('',(0.,0.));
#1448 = VECTOR('',#1449,1.);
#1449 = DIRECTION('',(0.,1.));
#1450 = ( GEOMETRIC_REPRESENTATION_CONTEXT(2) 
PARAMETRIC_REPRESENTATION_CONTEXT() REPRESENTATION_CONTEXT('2D SPACE',''
  ) );
#1451 = PCURVE('',#713,#1452);
#1452 = DEFINITIONAL_REPRESENTATION('',(#1453),#1457);
#1453 = LINE('',#1454,#1455);
#1454 = CARTESIAN_POINT('',(0.,-8.4));
#1455 = VECTOR('',#1456,1.);
#1456 = DIRECTION('',(1.,0.));
#1457 = ( GEOMETRIC_REPRESENTATION_CONTEXT(2) 
PARAMETRIC_REPRESENTATION_CONTEXT() REPRESENTATION_CONTEXT('2D SPACE',''
  ) );
#1458 = ADVANCED_FACE('',(#1459),#713,.T.);
#1459 = FACE_BOUND('',#1460,.T.);
#1460 = EDGE_LOOP('',(#1461,#1462,#1481,#1482));
#1461 = ORIENTED_EDGE('',*,*,#697,.F.);
#1462 = ORIENTED_EDGE('',*,*,#1463,.F.);
#1463 = EDGE_CURVE('',#1314,#670,#1464,.T.);
#1464 = SURFACE_CURVE('',#1465,(#1469,#1475),.PCURVE_S1.);
#1465 = LINE('',#1466,#1467);
#1466 = CARTESIAN_POINT('',(54.6,62.2,6.5));
#1467 = VECTOR('',#1468,1.);
#1468 = DIRECTION('',(0.,0.,1.));
#1469 = PCURVE('',#713,#1470);
#1470 = DEFINITIONAL_REPRESENTATION('',(#1471),#1474);
#1471 = B_SPLINE_CURVE_WITH_KNOTS('',1,(#1472,#1473),.UNSPECIFIED.,.F.,
  .F.,(2,2),(0.,4.),.PIECEWISE_BEZIER_KNOTS.);
#1472 = CARTESIAN_POINT('',(0.,-8.3));
#1473 = CARTESIAN_POINT('',(4.,-8.3));
#1474 = ( GEOMETRIC_REPRESENTATION_CONTEXT(2) 
PARAMETRIC_REPRESENTATION_CONTEXT() REPRESENTATION_CONTEXT('2D SPACE',''
  ) );
#1475 = PCURVE('',#685,#1476);
#1476 = DEFINITIONAL_REPRESENTATION('',(#1477),#1480);
#1477 = B_SPLINE_CURVE_WITH_KNOTS('',1,(#1478,#1479),.UNSPECIFIED.,.F.,
  .F.,(2,2),(0.,4.),.PIECEWISE_BEZIER_KNOTS.);
#1478 = CARTESIAN_POINT('',(0.,0.1));
#1479 = CARTESIAN_POINT('',(4.,0.1));
#1480 = ( GEOMETRIC_REPRESENTATION_CONTEXT(2) 
PARAMETRIC_REPRESENTATION_CONTEXT() REPRESENTATION_CONTEXT('2D SPACE',''
  ) );
#1481 = ORIENTED_EDGE('',*,*,#1336,.T.);
#1482 = ORIENTED_EDGE('',*,*,#1438,.T.);
#1483 = ADVANCED_FACE('',(#1484),#601,.T.);
#1484 = FACE_BOUND('',#1485,.T.);
#1485 = EDGE_LOOP('',(#1486,#1487,#1506,#1507));
#1486 = ORIENTED_EDGE('',*,*,#585,.F.);
#1487 = ORIENTED_EDGE('',*,*,#1488,.F.);
#1488 = EDGE_CURVE('',#1222,#558,#1489,.T.);
#1489 = SURFACE_CURVE('',#1490,(#1494,#1500),.PCURVE_S1.);
#1490 = LINE('',#1491,#1492);
#1491 = CARTESIAN_POINT('',(54.6,60.,6.5));
#1492 = VECTOR('',#1493,1.);
#1493 = DIRECTION('',(0.,0.,1.));
#1494 = PCURVE('',#601,#1495);
#1495 = DEFINITIONAL_REPRESENTATION('',(#1496),#1499);
#1496 = B_SPLINE_CURVE_WITH_KNOTS('',1,(#1497,#1498),.UNSPECIFIED.,.F.,
  .F.,(2,2),(0.,4.),.PIECEWISE_BEZIER_KNOTS.);
#1497 = CARTESIAN_POINT('',(0.,-6.1));
#1498 = CARTESIAN_POINT('',(4.,-6.1));
#1499 = ( GEOMETRIC_REPRESENTATION_CONTEXT(2) 
PARAMETRIC_REPRESENTATION_CONTEXT() REPRESENTATION_CONTEXT('2D SPACE',''
  ) );
#1500 = PCURVE('',#573,#1501);
#1501 = DEFINITIONAL_REPRESENTATION('',(#1502),#1505);
#1502 = B_SPLINE_CURVE_WITH_KNOTS('',1,(#1503,#1504),.UNSPECIFIED.,.F.,
  .F.,(2,2),(0.,4.),.PIECEWISE_BEZIER_KNOTS.);
#1503 = CARTESIAN_POINT('',(0.,0.1));
#1504 = CARTESIAN_POINT('',(4.,0.1));
#1505 = ( GEOMETRIC_REPRESENTATION_CONTEXT(2) 
PARAMETRIC_REPRESENTATION_CONTEXT() REPRESENTATION_CONTEXT('2D SPACE',''
  ) );
#1506 = ORIENTED_EDGE('',*,*,#1244,.T.);
#1507 = ORIENTED_EDGE('',*,*,#1508,.T.);
#1508 = EDGE_CURVE('',#1245,#586,#1509,.T.);
#1509 = SURFACE_CURVE('',#1510,(#1514,#1520),.PCURVE_S1.);
#1510 = LINE('',#1511,#1512);
#1511 = CARTESIAN_POINT('',(54.6,61.4,6.5));
#1512 = VECTOR('',#1513,1.);
#1513 = DIRECTION('',(0.,0.,1.));
#1514 = PCURVE('',#601,#1515);
#1515 = DEFINITIONAL_REPRESENTATION('',(#1516),#1519);
#1516 = B_SPLINE_CURVE_WITH_KNOTS('',1,(#1517,#1518),.UNSPECIFIED.,.F.,
  .F.,(2,2),(0.,4.),.PIECEWISE_BEZIER_KNOTS.);
#1517 = CARTESIAN_POINT('',(0.,-7.5));
#1518 = CARTESIAN_POINT('',(4.,-7.5));
#1519 = ( GEOMETRIC_REPRESENTATION_CONTEXT(2) 
PARAMETRIC_REPRESENTATION_CONTEXT() REPRESENTATION_CONTEXT('2D SPACE',''
  ) );
#1520 = PCURVE('',#629,#1521);
#1521 = DEFINITIONAL_REPRESENTATION('',(#1522),#1525);
#1522 = B_SPLINE_CURVE_WITH_KNOTS('',1,(#1523,#1524),.UNSPECIFIED.,.F.,
  .F.,(2,2),(0.,4.),.PIECEWISE_BEZIER_KNOTS.);
#1523 = CARTESIAN_POINT('',(0.,0.1));
#1524 = CARTESIAN_POINT('',(4.,0.1));
#1525 = ( GEOMETRIC_REPRESENTATION_CONTEXT(2) 
PARAMETRIC_REPRESENTATION_CONTEXT() REPRESENTATION_CONTEXT('2D SPACE',''
  ) );
#1526 = ADVANCED_FACE('',(#1527),#573,.T.);
#1527 = FACE_BOUND('',#1528,.T.);
#1528 = EDGE_LOOP('',(#1529,#1530,#1531,#1532));
#1529 = ORIENTED_EDGE('',*,*,#1221,.F.);
#1530 = ORIENTED_EDGE('',*,*,#1488,.T.);
#1531 = ORIENTED_EDGE('',*,*,#557,.T.);
#1532 = ORIENTED_EDGE('',*,*,#1533,.F.);
#1533 = EDGE_CURVE('',#1199,#530,#1534,.T.);
#1534 = SURFACE_CURVE('',#1535,(#1539,#1546),.PCURVE_S1.);
#1535 = LINE('',#1536,#1537);
#1536 = CARTESIAN_POINT('',(55.,60.,6.5));
#1537 = VECTOR('',#1538,1.);
#1538 = DIRECTION('',(0.,0.,1.));
#1539 = PCURVE('',#573,#1540);
#1540 = DEFINITIONAL_REPRESENTATION('',(#1541),#1545);
#1541 = LINE('',#1542,#1543);
#1542 = CARTESIAN_POINT('',(0.,0.5));
#1543 = VECTOR('',#1544,1.);
#1544 = DIRECTION('',(1.,0.));
#1545 = ( GEOMETRIC_REPRESENTATION_CONTEXT(2) 
PARAMETRIC_REPRESENTATION_CONTEXT() REPRESENTATION_CONTEXT('2D SPACE',''
  ) );
#1546 = PCURVE('',#545,#1547);
#1547 = DEFINITIONAL_REPRESENTATION('',(#1548),#1552);
#1548 = LINE('',#1549,#1550);
#1549 = CARTESIAN_POINT('',(0.,-0.8));
#1550 = VECTOR('',#1551,1.);
#1551 = DIRECTION('',(1.,0.));
#1552 = ( GEOMETRIC_REPRESENTATION_CONTEXT(2) 
PARAMETRIC_REPRESENTATION_CONTEXT() REPRESENTATION_CONTEXT('2D SPACE',''
  ) );
#1553 = ADVANCED_FACE('',(#1554),#545,.T.);
#1554 = FACE_BOUND('',#1555,.T.);
#1555 = EDGE_LOOP('',(#1556,#1577,#1578,#1579));
#1556 = ORIENTED_EDGE('',*,*,#1557,.F.);
#1557 = EDGE_CURVE('',#1176,#502,#1558,.T.);
#1558 = SURFACE_CURVE('',#1559,(#1563,#1570),.PCURVE_S1.);
#1559 = LINE('',#1560,#1561);
#1560 = CARTESIAN_POINT('',(55.,59.2,6.5));
#1561 = VECTOR('',#1562,1.);
#1562 = DIRECTION('',(0.,0.,1.));
#1563 = PCURVE('',#545,#1564);
#1564 = DEFINITIONAL_REPRESENTATION('',(#1565),#1569);
#1565 = LINE('',#1566,#1567);
#1566 = CARTESIAN_POINT('',(0.,0.));
#1567 = VECTOR('',#1568,1.);
#1568 = DIRECTION('',(1.,0.));
#1569 = ( GEOMETRIC_REPRESENTATION_CONTEXT(2) 
PARAMETRIC_REPRESENTATION_CONTEXT() REPRESENTATION_CONTEXT('2D SPACE',''
  ) );
#1570 = PCURVE('',#517,#1571);
#1571 = DEFINITIONAL_REPRESENTATION('',(#1572),#1576);
#1572 = LINE('',#1573,#1574);
#1573 = CARTESIAN_POINT('',(0.,0.5));
#1574 = VECTOR('',#1575,1.);
#1575 = DIRECTION('',(1.,0.));
#1576 = ( GEOMETRIC_REPRESENTATION_CONTEXT(2) 
PARAMETRIC_REPRESENTATION_CONTEXT() REPRESENTATION_CONTEXT('2D SPACE',''
  ) );
#1577 = ORIENTED_EDGE('',*,*,#1198,.T.);
#1578 = ORIENTED_EDGE('',*,*,#1533,.T.);
#1579 = ORIENTED_EDGE('',*,*,#529,.F.);
#1580 = ADVANCED_FACE('',(#1581),#517,.F.);
#1581 = FACE_BOUND('',#1582,.F.);
#1582 = EDGE_LOOP('',(#1583,#1584,#1603,#1604));
#1583 = ORIENTED_EDGE('',*,*,#1175,.F.);
#1584 = ORIENTED_EDGE('',*,*,#1585,.T.);
#1585 = EDGE_CURVE('',#1153,#474,#1586,.T.);
#1586 = SURFACE_CURVE('',#1587,(#1591,#1597),.PCURVE_S1.);
#1587 = LINE('',#1588,#1589);
#1588 = CARTESIAN_POINT('',(54.6,59.2,6.5));
#1589 = VECTOR('',#1590,1.);
#1590 = DIRECTION('',(0.,0.,1.));
#1591 = PCURVE('',#517,#1592);
#1592 = DEFINITIONAL_REPRESENTATION('',(#1593),#1596);
#1593 = B_SPLINE_CURVE_WITH_KNOTS('',1,(#1594,#1595),.UNSPECIFIED.,.F.,
  .F.,(2,2),(0.,4.),.PIECEWISE_BEZIER_KNOTS.);
#1594 = CARTESIAN_POINT('',(0.,0.1));
#1595 = CARTESIAN_POINT('',(4.,0.1));
#1596 = ( GEOMETRIC_REPRESENTATION_CONTEXT(2) 
PARAMETRIC_REPRESENTATION_CONTEXT() REPRESENTATION_CONTEXT('2D SPACE',''
  ) );
#1597 = PCURVE('',#489,#1598);
#1598 = DEFINITIONAL_REPRESENTATION('',(#1599),#1602);
#1599 = B_SPLINE_CURVE_WITH_KNOTS('',1,(#1600,#1601),.UNSPECIFIED.,.F.,
  .F.,(2,2),(0.,4.),.PIECEWISE_BEZIER_KNOTS.);
#1600 = CARTESIAN_POINT('',(0.,-5.3));
#1601 = CARTESIAN_POINT('',(4.,-5.3));
#1602 = ( GEOMETRIC_REPRESENTATION_CONTEXT(2) 
PARAMETRIC_REPRESENTATION_CONTEXT() REPRESENTATION_CONTEXT('2D SPACE',''
  ) );
#1603 = ORIENTED_EDGE('',*,*,#501,.T.);
#1604 = ORIENTED_EDGE('',*,*,#1557,.F.);
#1605 = ADVANCED_FACE('',(#1606),#489,.T.);
#1606 = FACE_BOUND('',#1607,.T.);
#1607 = EDGE_LOOP('',(#1608,#1609,#1628,#1629));
#1608 = ORIENTED_EDGE('',*,*,#473,.F.);
#1609 = ORIENTED_EDGE('',*,*,#1610,.F.);
#1610 = EDGE_CURVE('',#1130,#446,#1611,.T.);
#1611 = SURFACE_CURVE('',#1612,(#1616,#1622),.PCURVE_S1.);
#1612 = LINE('',#1613,#1614);
#1613 = CARTESIAN_POINT('',(54.6,57.8,6.5));
#1614 = VECTOR('',#1615,1.);
#1615 = DIRECTION('',(0.,0.,1.));
#1616 = PCURVE('',#489,#1617);
#1617 = DEFINITIONAL_REPRESENTATION('',(#1618),#1621);
#1618 = B_SPLINE_CURVE_WITH_KNOTS('',1,(#1619,#1620),.UNSPECIFIED.,.F.,
  .F.,(2,2),(0.,4.),.PIECEWISE_BEZIER_KNOTS.);
#1619 = CARTESIAN_POINT('',(0.,-3.9));
#1620 = CARTESIAN_POINT('',(4.,-3.9));
#1621 = ( GEOMETRIC_REPRESENTATION_CONTEXT(2) 
PARAMETRIC_REPRESENTATION_CONTEXT() REPRESENTATION_CONTEXT('2D SPACE',''
  ) );
#1622 = PCURVE('',#461,#1623);
#1623 = DEFINITIONAL_REPRESENTATION('',(#1624),#1627);
#1624 = B_SPLINE_CURVE_WITH_KNOTS('',1,(#1625,#1626),.UNSPECIFIED.,.F.,
  .F.,(2,2),(0.,4.),.PIECEWISE_BEZIER_KNOTS.);
#1625 = CARTESIAN_POINT('',(0.,0.1));
#1626 = CARTESIAN_POINT('',(4.,0.1));
#1627 = ( GEOMETRIC_REPRESENTATION_CONTEXT(2) 
PARAMETRIC_REPRESENTATION_CONTEXT() REPRESENTATION_CONTEXT('2D SPACE',''
  ) );
#1628 = ORIENTED_EDGE('',*,*,#1152,.T.);
#1629 = ORIENTED_EDGE('',*,*,#1585,.T.);
#1630 = ADVANCED_FACE('',(#1631),#461,.T.);
#1631 = FACE_BOUND('',#1632,.T.);
#1632 = EDGE_LOOP('',(#1633,#1634,#1635,#1636));
#1633 = ORIENTED_EDGE('',*,*,#1129,.F.);
#1634 = ORIENTED_EDGE('',*,*,#1610,.T.);
#1635 = ORIENTED_EDGE('',*,*,#445,.T.);
#1636 = ORIENTED_EDGE('',*,*,#1637,.F.);
#1637 = EDGE_CURVE('',#1107,#418,#1638,.T.);
#1638 = SURFACE_CURVE('',#1639,(#1643,#1650),.PCURVE_S1.);
#1639 = LINE('',#1640,#1641);
#1640 = CARTESIAN_POINT('',(55.,57.8,6.5));
#1641 = VECTOR('',#1642,1.);
#1642 = DIRECTION('',(0.,0.,1.));
#1643 = PCURVE('',#461,#1644);
#1644 = DEFINITIONAL_REPRESENTATION('',(#1645),#1649);
#1645 = LINE('',#1646,#1647);
#1646 = CARTESIAN_POINT('',(0.,0.5));
#1647 = VECTOR('',#1648,1.);
#1648 = DIRECTION('',(1.,0.));
#1649 = ( GEOMETRIC_REPRESENTATION_CONTEXT(2) 
PARAMETRIC_REPRESENTATION_CONTEXT() REPRESENTATION_CONTEXT('2D SPACE',''
  ) );
#1650 = PCURVE('',#433,#1651);
#1651 = DEFINITIONAL_REPRESENTATION('',(#1652),#1656);
#1652 = LINE('',#1653,#1654);
#1653 = CARTESIAN_POINT('',(0.,-0.8));
#1654 = VECTOR('',#1655,1.);
#1655 = DIRECTION('',(1.,0.));
#1656 = ( GEOMETRIC_REPRESENTATION_CONTEXT(2) 
PARAMETRIC_REPRESENTATION_CONTEXT() REPRESENTATION_CONTEXT('2D SPACE',''
  ) );
#1657 = ADVANCED_FACE('',(#1658),#433,.T.);
#1658 = FACE_BOUND('',#1659,.T.);
#1659 = EDGE_LOOP('',(#1660,#1681,#1682,#1683));
#1660 = ORIENTED_EDGE('',*,*,#1661,.F.);
#1661 = EDGE_CURVE('',#1084,#390,#1662,.T.);
#1662 = SURFACE_CURVE('',#1663,(#1667,#1674),.PCURVE_S1.);
#1663 = LINE('',#1664,#1665);
#1664 = CARTESIAN_POINT('',(55.,57.,6.5));
#1665 = VECTOR('',#1666,1.);
#1666 = DIRECTION('',(0.,0.,1.));
#1667 = PCURVE('',#433,#1668);
#1668 = DEFINITIONAL_REPRESENTATION('',(#1669),#1673);
#1669 = LINE('',#1670,#1671);
#1670 = CARTESIAN_POINT('',(0.,0.));
#1671 = VECTOR('',#1672,1.);
#1672 = DIRECTION('',(1.,0.));
#1673 = ( GEOMETRIC_REPRESENTATION_CONTEXT(2) 
PARAMETRIC_REPRESENTATION_CONTEXT() REPRESENTATION_CONTEXT('2D SPACE',''
  ) );
#1674 = PCURVE('',#405,#1675);
#1675 = DEFINITIONAL_REPRESENTATION('',(#1676),#1680);
#1676 = LINE('',#1677,#1678);
#1677 = CARTESIAN_POINT('',(0.,0.5));
#1678 = VECTOR('',#1679,1.);
#1679 = DIRECTION('',(1.,0.));
#1680 = ( GEOMETRIC_REPRESENTATION_CONTEXT(2) 
PARAMETRIC_REPRESENTATION_CONTEXT() REPRESENTATION_CONTEXT('2D SPACE',''
  ) );
#1681 = ORIENTED_EDGE('',*,*,#1106,.T.);
#1682 = ORIENTED_EDGE('',*,*,#1637,.T.);
#1683 = ORIENTED_EDGE('',*,*,#417,.F.);
#1684 = ADVANCED_FACE('',(#1685),#405,.F.);
#1685 = FACE_BOUND('',#1686,.F.);
#1686 = EDGE_LOOP('',(#1687,#1688,#1707,#1708));
#1687 = ORIENTED_EDGE('',*,*,#1083,.F.);
#1688 = ORIENTED_EDGE('',*,*,#1689,.T.);
#1689 = EDGE_CURVE('',#1061,#362,#1690,.T.);
#1690 = SURFACE_CURVE('',#1691,(#1695,#1701),.PCURVE_S1.);
#1691 = LINE('',#1692,#1693);
#1692 = CARTESIAN_POINT('',(54.6,57.,6.5));
#1693 = VECTOR('',#1694,1.);
#1694 = DIRECTION('',(0.,0.,1.));
#1695 = PCURVE('',#405,#1696);
#1696 = DEFINITIONAL_REPRESENTATION('',(#1697),#1700);
#1697 = B_SPLINE_CURVE_WITH_KNOTS('',1,(#1698,#1699),.UNSPECIFIED.,.F.,
  .F.,(2,2),(0.,4.),.PIECEWISE_BEZIER_KNOTS.);
#1698 = CARTESIAN_POINT('',(0.,0.1));
#1699 = CARTESIAN_POINT('',(4.,0.1));
#1700 = ( GEOMETRIC_REPRESENTATION_CONTEXT(2) 
PARAMETRIC_REPRESENTATION_CONTEXT() REPRESENTATION_CONTEXT('2D SPACE',''
  ) );
#1701 = PCURVE('',#377,#1702);
#1702 = DEFINITIONAL_REPRESENTATION('',(#1703),#1706);
#1703 = B_SPLINE_CURVE_WITH_KNOTS('',1,(#1704,#1705),.UNSPECIFIED.,.F.,
  .F.,(2,2),(0.,4.),.PIECEWISE_BEZIER_KNOTS.);
#1704 = CARTESIAN_POINT('',(0.,-3.1));
#1705 = CARTESIAN_POINT('',(4.,-3.1));
#1706 = ( GEOMETRIC_REPRESENTATION_CONTEXT(2) 
PARAMETRIC_REPRESENTATION_CONTEXT() REPRESENTATION_CONTEXT('2D SPACE',''
  ) );
#1707 = ORIENTED_EDGE('',*,*,#389,.T.);
#1708 = ORIENTED_EDGE('',*,*,#1661,.F.);
#1709 = ADVANCED_FACE('',(#1710),#377,.T.);
#1710 = FACE_BOUND('',#1711,.T.);
#1711 = EDGE_LOOP('',(#1712,#1713,#1732,#1733));
#1712 = ORIENTED_EDGE('',*,*,#361,.F.);
#1713 = ORIENTED_EDGE('',*,*,#1714,.F.);
#1714 = EDGE_CURVE('',#1038,#334,#1715,.T.);
#1715 = SURFACE_CURVE('',#1716,(#1720,#1726),.PCURVE_S1.);
#1716 = LINE('',#1717,#1718);
#1717 = CARTESIAN_POINT('',(54.6,55.6,6.5));
#1718 = VECTOR('',#1719,1.);
#1719 = DIRECTION('',(0.,0.,1.));
#1720 = PCURVE('',#377,#1721);
#1721 = DEFINITIONAL_REPRESENTATION('',(#1722),#1725);
#1722 = B_SPLINE_CURVE_WITH_KNOTS('',1,(#1723,#1724),.UNSPECIFIED.,.F.,
  .F.,(2,2),(0.,4.),.PIECEWISE_BEZIER_KNOTS.);
#1723 = CARTESIAN_POINT('',(0.,-1.7));
#1724 = CARTESIAN_POINT('',(4.,-1.7));
#1725 = ( GEOMETRIC_REPRESENTATION_CONTEXT(2) 
PARAMETRIC_REPRESENTATION_CONTEXT() REPRESENTATION_CONTEXT('2D SPACE',''
  ) );
#1726 = PCURVE('',#349,#1727);
#1727 = DEFINITIONAL_REPRESENTATION('',(#1728),#1731);
#1728 = B_SPLINE_CURVE_WITH_KNOTS('',1,(#1729,#1730),.UNSPECIFIED.,.F.,
  .F.,(2,2),(0.,4.),.PIECEWISE_BEZIER_KNOTS.);
#1729 = CARTESIAN_POINT('',(0.,0.1));
#1730 = CARTESIAN_POINT('',(4.,0.1));
#1731 = ( GEOMETRIC_REPRESENTATION_CONTEXT(2) 
PARAMETRIC_REPRESENTATION_CONTEXT() REPRESENTATION_CONTEXT('2D SPACE',''
  ) );
#1732 = ORIENTED_EDGE('',*,*,#1060,.T.);
#1733 = ORIENTED_EDGE('',*,*,#1689,.T.);
#1734 = ADVANCED_FACE('',(#1735),#349,.T.);
#1735 = FACE_BOUND('',#1736,.T.);
#1736 = EDGE_LOOP('',(#1737,#1738,#1739,#1740));
#1737 = ORIENTED_EDGE('',*,*,#1037,.F.);
#1738 = ORIENTED_EDGE('',*,*,#1714,.T.);
#1739 = ORIENTED_EDGE('',*,*,#333,.T.);
#1740 = ORIENTED_EDGE('',*,*,#1741,.F.);
#1741 = EDGE_CURVE('',#1015,#306,#1742,.T.);
#1742 = SURFACE_CURVE('',#1743,(#1747,#1754),.PCURVE_S1.);
#1743 = LINE('',#1744,#1745);
#1744 = CARTESIAN_POINT('',(55.,55.6,6.5));
#1745 = VECTOR('',#1746,1.);
#1746 = DIRECTION('',(0.,0.,1.));
#1747 = PCURVE('',#349,#1748);
#1748 = DEFINITIONAL_REPRESENTATION('',(#1749),#1753);
#1749 = LINE('',#1750,#1751);
#1750 = CARTESIAN_POINT('',(0.,0.5));
#1751 = VECTOR('',#1752,1.);
#1752 = DIRECTION('',(1.,0.));
#1753 = ( GEOMETRIC_REPRESENTATION_CONTEXT(2) 
PARAMETRIC_REPRESENTATION_CONTEXT() REPRESENTATION_CONTEXT('2D SPACE',''
  ) );
#1754 = PCURVE('',#321,#1755);
#1755 = DEFINITIONAL_REPRESENTATION('',(#1756),#1760);
#1756 = LINE('',#1757,#1758);
#1757 = CARTESIAN_POINT('',(0.,-0.8));
#1758 = VECTOR('',#1759,1.);
#1759 = DIRECTION('',(1.,0.));
#1760 = ( GEOMETRIC_REPRESENTATION_CONTEXT(2) 
PARAMETRIC_REPRESENTATION_CONTEXT() REPRESENTATION_CONTEXT('2D SPACE',''
  ) );
#1761 = ADVANCED_FACE('',(#1762),#321,.T.);
#1762 = FACE_BOUND('',#1763,.T.);
#1763 = EDGE_LOOP('',(#1764,#1785,#1786,#1787));
#1764 = ORIENTED_EDGE('',*,*,#1765,.F.);
#1765 = EDGE_CURVE('',#992,#278,#1766,.T.);
#1766 = SURFACE_CURVE('',#1767,(#1771,#1778),.PCURVE_S1.);
#1767 = LINE('',#1768,#1769);
#1768 = CARTESIAN_POINT('',(55.,54.8,6.5));
#1769 = VECTOR('',#1770,1.);
#1770 = DIRECTION('',(0.,0.,1.));
#1771 = PCURVE('',#321,#1772);
#1772 = DEFINITIONAL_REPRESENTATION('',(#1773),#1777);
#1773 = LINE('',#1774,#1775);
#1774 = CARTESIAN_POINT('',(0.,0.));
#1775 = VECTOR('',#1776,1.);
#1776 = DIRECTION('',(1.,0.));
#1777 = ( GEOMETRIC_REPRESENTATION_CONTEXT(2) 
PARAMETRIC_REPRESENTATION_CONTEXT() REPRESENTATION_CONTEXT('2D SPACE',''
  ) );
#1778 = PCURVE('',#293,#1779);
#1779 = DEFINITIONAL_REPRESENTATION('',(#1780),#1784);
#1780 = LINE('',#1781,#1782);
#1781 = CARTESIAN_POINT('',(0.,0.5));
#1782 = VECTOR('',#1783,1.);
#1783 = DIRECTION('',(1.,0.));
#1784 = ( GEOMETRIC_REPRESENTATION_CONTEXT(2) 
PARAMETRIC_REPRESENTATION_CONTEXT() REPRESENTATION_CONTEXT('2D SPACE',''
  ) );
#1785 = ORIENTED_EDGE('',*,*,#1014,.T.);
#1786 = ORIENTED_EDGE('',*,*,#1741,.T.);
#1787 = ORIENTED_EDGE('',*,*,#305,.F.);
#1788 = ADVANCED_FACE('',(#1789),#293,.F.);
#1789 = FACE_BOUND('',#1790,.F.);
#1790 = EDGE_LOOP('',(#1791,#1792,#1811,#1812));
#1791 = ORIENTED_EDGE('',*,*,#991,.F.);
#1792 = ORIENTED_EDGE('',*,*,#1793,.T.);
#1793 = EDGE_CURVE('',#969,#250,#1794,.T.);
#1794 = SURFACE_CURVE('',#1795,(#1799,#1805),.PCURVE_S1.);
#1795 = LINE('',#1796,#1797);
#1796 = CARTESIAN_POINT('',(54.6,54.8,6.5));
#1797 = VECTOR('',#1798,1.);
#1798 = DIRECTION('',(0.,0.,1.));
#1799 = PCURVE('',#293,#1800);
#1800 = DEFINITIONAL_REPRESENTATION('',(#1801),#1804);
#1801 = B_SPLINE_CURVE_WITH_KNOTS('',1,(#1802,#1803),.UNSPECIFIED.,.F.,
  .F.,(2,2),(0.,4.),.PIECEWISE_BEZIER_KNOTS.);
#1802 = CARTESIAN_POINT('',(0.,0.1));
#1803 = CARTESIAN_POINT('',(4.,0.1));
#1804 = ( GEOMETRIC_REPRESENTATION_CONTEXT(2) 
PARAMETRIC_REPRESENTATION_CONTEXT() REPRESENTATION_CONTEXT('2D SPACE',''
  ) );
#1805 = PCURVE('',#265,#1806);
#1806 = DEFINITIONAL_REPRESENTATION('',(#1807),#1810);
#1807 = B_SPLINE_CURVE_WITH_KNOTS('',1,(#1808,#1809),.UNSPECIFIED.,.F.,
  .F.,(2,2),(0.,4.),.PIECEWISE_BEZIER_KNOTS.);
#1808 = CARTESIAN_POINT('',(0.,-0.9));
#1809 = CARTESIAN_POINT('',(4.,-0.9));
#1810 = ( GEOMETRIC_REPRESENTATION_CONTEXT(2) 
PARAMETRIC_REPRESENTATION_CONTEXT() REPRESENTATION_CONTEXT('2D SPACE',''
  ) );
#1811 = ORIENTED_EDGE('',*,*,#277,.T.);
#1812 = ORIENTED_EDGE('',*,*,#1765,.F.);
#1813 = ADVANCED_FACE('',(#1814),#265,.T.);
#1814 = FACE_BOUND('',#1815,.T.);
#1815 = EDGE_LOOP('',(#1816,#1817,#1838,#1839));
#1816 = ORIENTED_EDGE('',*,*,#249,.F.);
#1817 = ORIENTED_EDGE('',*,*,#1818,.F.);
#1818 = EDGE_CURVE('',#941,#217,#1819,.T.);
#1819 = SURFACE_CURVE('',#1820,(#1824,#1831),.PCURVE_S1.);
#1820 = LINE('',#1821,#1822);
#1821 = CARTESIAN_POINT('',(54.6,54.5,6.5));
#1822 = VECTOR('',#1823,1.);
#1823 = DIRECTION('',(0.,0.,1.));
#1824 = PCURVE('',#265,#1825);
#1825 = DEFINITIONAL_REPRESENTATION('',(#1826),#1830);
#1826 = LINE('',#1827,#1828);
#1827 = CARTESIAN_POINT('',(0.,-0.6));
#1828 = VECTOR('',#1829,1.);
#1829 = DIRECTION('',(1.,0.));
#1830 = ( GEOMETRIC_REPRESENTATION_CONTEXT(2) 
PARAMETRIC_REPRESENTATION_CONTEXT() REPRESENTATION_CONTEXT('2D SPACE',''
  ) );
#1831 = PCURVE('',#237,#1832);
#1832 = DEFINITIONAL_REPRESENTATION('',(#1833),#1837);
#1833 = LINE('',#1834,#1835);
#1834 = CARTESIAN_POINT('',(-0.,0.));
#1835 = VECTOR('',#1836,1.);
#1836 = DIRECTION('',(-0.,1.));
#1837 = ( GEOMETRIC_REPRESENTATION_CONTEXT(2) 
PARAMETRIC_REPRESENTATION_CONTEXT() REPRESENTATION_CONTEXT('2D SPACE',''
  ) );
#1838 = ORIENTED_EDGE('',*,*,#968,.T.);
#1839 = ORIENTED_EDGE('',*,*,#1793,.T.);
#1840 = ADVANCED_FACE('',(#1841),#237,.T.);
#1841 = FACE_BOUND('',#1842,.F.);
#1842 = EDGE_LOOP('',(#1843,#1844,#1865,#1866));
#1843 = ORIENTED_EDGE('',*,*,#940,.T.);
#1844 = ORIENTED_EDGE('',*,*,#1845,.T.);
#1845 = EDGE_CURVE('',#918,#189,#1846,.T.);
#1846 = SURFACE_CURVE('',#1847,(#1851,#1858),.PCURVE_S1.);
#1847 = LINE('',#1848,#1849);
#1848 = CARTESIAN_POINT('',(54.,53.9,6.5));
#1849 = VECTOR('',#1850,1.);
#1850 = DIRECTION('',(0.,0.,1.));
#1851 = PCURVE('',#237,#1852);
#1852 = DEFINITIONAL_REPRESENTATION('',(#1853),#1857);
#1853 = LINE('',#1854,#1855);
#1854 = CARTESIAN_POINT('',(-1.570796326795,0.));
#1855 = VECTOR('',#1856,1.);
#1856 = DIRECTION('',(-0.,1.));
#1857 = ( GEOMETRIC_REPRESENTATION_CONTEXT(2) 
PARAMETRIC_REPRESENTATION_CONTEXT() REPRESENTATION_CONTEXT('2D SPACE',''
  ) );
#1858 = PCURVE('',#204,#1859);
#1859 = DEFINITIONAL_REPRESENTATION('',(#1860),#1864);
#1860 = LINE('',#1861,#1862);
#1861 = CARTESIAN_POINT('',(0.,0.8));
#1862 = VECTOR('',#1863,1.);
#1863 = DIRECTION('',(1.,0.));
#1864 = ( GEOMETRIC_REPRESENTATION_CONTEXT(2) 
PARAMETRIC_REPRESENTATION_CONTEXT() REPRESENTATION_CONTEXT('2D SPACE',''
  ) );
#1865 = ORIENTED_EDGE('',*,*,#216,.F.);
#1866 = ORIENTED_EDGE('',*,*,#1818,.F.);
#1867 = ADVANCED_FACE('',(#1868),#204,.F.);
#1868 = FACE_BOUND('',#1869,.F.);
#1869 = EDGE_LOOP('',(#1870,#1871,#1872,#1873));
#1870 = ORIENTED_EDGE('',*,*,#917,.F.);
#1871 = ORIENTED_EDGE('',*,*,#835,.T.);
#1872 = ORIENTED_EDGE('',*,*,#188,.T.);
#1873 = ORIENTED_EDGE('',*,*,#1845,.F.);
#1874 = ADVANCED_FACE('',(#1875),#685,.T.);
#1875 = FACE_BOUND('',#1876,.T.);
#1876 = EDGE_LOOP('',(#1877,#1878,#1879,#1880));
#1877 = ORIENTED_EDGE('',*,*,#1313,.F.);
#1878 = ORIENTED_EDGE('',*,*,#1463,.T.);
#1879 = ORIENTED_EDGE('',*,*,#669,.T.);
#1880 = ORIENTED_EDGE('',*,*,#1881,.F.);
#1881 = EDGE_CURVE('',#1291,#642,#1882,.T.);
#1882 = SURFACE_CURVE('',#1883,(#1887,#1894),.PCURVE_S1.);
#1883 = LINE('',#1884,#1885);
#1884 = CARTESIAN_POINT('',(55.,62.2,6.5));
#1885 = VECTOR('',#1886,1.);
#1886 = DIRECTION('',(0.,0.,1.));
#1887 = PCURVE('',#685,#1888);
#1888 = DEFINITIONAL_REPRESENTATION('',(#1889),#1893);
#1889 = LINE('',#1890,#1891);
#1890 = CARTESIAN_POINT('',(0.,0.5));
#1891 = VECTOR('',#1892,1.);
#1892 = DIRECTION('',(1.,0.));
#1893 = ( GEOMETRIC_REPRESENTATION_CONTEXT(2) 
PARAMETRIC_REPRESENTATION_CONTEXT() REPRESENTATION_CONTEXT('2D SPACE',''
  ) );
#1894 = PCURVE('',#657,#1895);
#1895 = DEFINITIONAL_REPRESENTATION('',(#1896),#1900);
#1896 = LINE('',#1897,#1898);
#1897 = CARTESIAN_POINT('',(0.,-0.8));
#1898 = VECTOR('',#1899,1.);
#1899 = DIRECTION('',(1.,0.));
#1900 = ( GEOMETRIC_REPRESENTATION_CONTEXT(2) 
PARAMETRIC_REPRESENTATION_CONTEXT() REPRESENTATION_CONTEXT('2D SPACE',''
  ) );
#1901 = ADVANCED_FACE('',(#1902),#629,.F.);
#1902 = FACE_BOUND('',#1903,.F.);
#1903 = EDGE_LOOP('',(#1904,#1905,#1906,#1907));
#1904 = ORIENTED_EDGE('',*,*,#1267,.F.);
#1905 = ORIENTED_EDGE('',*,*,#1508,.T.);
#1906 = ORIENTED_EDGE('',*,*,#613,.T.);
#1907 = ORIENTED_EDGE('',*,*,#1908,.F.);
#1908 = EDGE_CURVE('',#1268,#614,#1909,.T.);
#1909 = SURFACE_CURVE('',#1910,(#1914,#1921),.PCURVE_S1.);
#1910 = LINE('',#1911,#1912);
#1911 = CARTESIAN_POINT('',(55.,61.4,6.5));
#1912 = VECTOR('',#1913,1.);
#1913 = DIRECTION('',(0.,0.,1.));
#1914 = PCURVE('',#629,#1915);
#1915 = DEFINITIONAL_REPRESENTATION('',(#1916),#1920);
#1916 = LINE('',#1917,#1918);
#1917 = CARTESIAN_POINT('',(0.,0.5));
#1918 = VECTOR('',#1919,1.);
#1919 = DIRECTION('',(1.,0.));
#1920 = ( GEOMETRIC_REPRESENTATION_CONTEXT(2) 
PARAMETRIC_REPRESENTATION_CONTEXT() REPRESENTATION_CONTEXT('2D SPACE',''
  ) );
#1921 = PCURVE('',#657,#1922);
#1922 = DEFINITIONAL_REPRESENTATION('',(#1923),#1927);
#1923 = LINE('',#1924,#1925);
#1924 = CARTESIAN_POINT('',(0.,0.));
#1925 = VECTOR('',#1926,1.);
#1926 = DIRECTION('',(1.,0.));
#1927 = ( GEOMETRIC_REPRESENTATION_CONTEXT(2) 
PARAMETRIC_REPRESENTATION_CONTEXT() REPRESENTATION_CONTEXT('2D SPACE',''
  ) );
#1928 = ADVANCED_FACE('',(#1929),#657,.T.);
#1929 = FACE_BOUND('',#1930,.T.);
#1930 = EDGE_LOOP('',(#1931,#1932,#1933,#1934));
#1931 = ORIENTED_EDGE('',*,*,#1908,.F.);
#1932 = ORIENTED_EDGE('',*,*,#1290,.T.);
#1933 = ORIENTED_EDGE('',*,*,#1881,.T.);
#1934 = ORIENTED_EDGE('',*,*,#641,.F.);
#1935 = ( GEOMETRIC_REPRESENTATION_CONTEXT(3) 
GLOBAL_UNCERTAINTY_ASSIGNED_CONTEXT((#1939)) 
GLOBAL_UNIT_ASSIGNED_CONTEXT((#1936,#1937,#1938)) REPRESENTATION_CONTEXT
('Context #1','3D Context with UNIT and UNCERTAINTY') );
#1936 = ( LENGTH_UNIT() NAMED_UNIT(*) SI_UNIT(.MILLI.,.METRE.) );
#1937 = ( NAMED_UNIT(*) PLANE_ANGLE_UNIT() SI_UNIT($,.RADIAN.) );
#1938 = ( NAMED_UNIT(*) SI_UNIT($,.STERADIAN.) SOLID_ANGLE_UNIT() );
#1939 = UNCERTAINTY_MEASURE_WITH_UNIT(LENGTH_MEASURE(1.E-07),#1936,
  'distance_accuracy_value','confusion accuracy');
#1940 = CONTEXT_DEPENDENT_SHAPE_REPRESENTATION(#1941,#1943);
#1941 = ( REPRESENTATION_RELATIONSHIP('','',#36,#10) 
REPRESENTATION_RELATIONSHIP_WITH_TRANSFORMATION(#1942) 
SHAPE_REPRESENTATION_RELATIONSHIP() );
#1942 = ITEM_DEFINED_TRANSFORMATION('','',#11,#15);
#1943 = PRODUCT_DEFINITION_SHAPE('Placement','Placement of an item',
  #1944);
#1944 = NEXT_ASSEMBLY_USAGE_OCCURRENCE('1','','',#5,#31,$);
#1945 = PRODUCT_RELATED_PRODUCT_CATEGORY('part',$,(#33));
#1946 = SHAPE_DEFINITION_REPRESENTATION(#1947,#1953);
#1947 = PRODUCT_DEFINITION_SHAPE('','',#1948);
#1948 = PRODUCT_DEFINITION('design','',#1949,#1952);
#1949 = PRODUCT_DEFINITION_FORMATION('','',#1950);
#1950 = PRODUCT('Open CASCADE STEP translator 7.9 6.2',
  'Open CASCADE STEP translator 7.9 6.2','',(#1951));
#1951 = PRODUCT_CONTEXT('',#2,'mechanical');
#1952 = PRODUCT_DEFINITION_CONTEXT('part definition',#2,'design');
#1953 = ADVANCED_BREP_SHAPE_REPRESENTATION('',(#11,#1954),#3852);
#1954 = MANIFOLD_SOLID_BREP('',#1955);
#1955 = CLOSED_SHELL('',(#1956,#2074,#2722,#2771,#3292,#3319,#3346,#3371
    ,#3396,#3423,#3450,#3475,#3500,#3527,#3554,#3579,#3604,#3649,#3676,
    #3703,#3730,#3757,#3784,#3791,#3818,#3845));
#1956 = ADVANCED_FACE('',(#1957),#1971,.F.);
#1957 = FACE_BOUND('',#1958,.F.);
#1958 = EDGE_LOOP('',(#1959,#1994,#2022,#2050));
#1959 = ORIENTED_EDGE('',*,*,#1960,.F.);
#1960 = EDGE_CURVE('',#1961,#1963,#1965,.T.);
#1961 = VERTEX_POINT('',#1962);
#1962 = CARTESIAN_POINT('',(-2.6,54.5,10.5));
#1963 = VERTEX_POINT('',#1964);
#1964 = CARTESIAN_POINT('',(-2.6,54.8,10.5));
#1965 = SURFACE_CURVE('',#1966,(#1970,#1982),.PCURVE_S1.);
#1966 = LINE('',#1967,#1968);
#1967 = CARTESIAN_POINT('',(-2.6,53.9,10.5));
#1968 = VECTOR('',#1969,1.);
#1969 = DIRECTION('',(0.,1.,0.));
#1970 = PCURVE('',#1971,#1976);
#1971 = PLANE('',#1972);
#1972 = AXIS2_PLACEMENT_3D('',#1973,#1974,#1975);
#1973 = CARTESIAN_POINT('',(-2.6,53.9,6.5));
#1974 = DIRECTION('',(1.,0.,0.));
#1975 = DIRECTION('',(0.,0.,1.));
#1976 = DEFINITIONAL_REPRESENTATION('',(#1977),#1981);
#1977 = LINE('',#1978,#1979);
#1978 = CARTESIAN_POINT('',(4.,0.));
#1979 = VECTOR('',#1980,1.);
#1980 = DIRECTION('',(0.,-1.));
#1981 = ( GEOMETRIC_REPRESENTATION_CONTEXT(2) 
PARAMETRIC_REPRESENTATION_CONTEXT() REPRESENTATION_CONTEXT('2D SPACE',''
  ) );
#1982 = PCURVE('',#1983,#1988);
#1983 = PLANE('',#1984);
#1984 = AXIS2_PLACEMENT_3D('',#1985,#1986,#1987);
#1985 = CARTESIAN_POINT('',(-2.6,53.9,10.5));
#1986 = DIRECTION('',(0.,0.,1.));
#1987 = DIRECTION('',(1.,0.,0.));
#1988 = DEFINITIONAL_REPRESENTATION('',(#1989),#1993);
#1989 = LINE('',#1990,#1991);
#1990 = CARTESIAN_POINT('',(0.,0.));
#1991 = VECTOR('',#1992,1.);
#1992 = DIRECTION('',(0.,1.));
#1993 = ( GEOMETRIC_REPRESENTATION_CONTEXT(2) 
PARAMETRIC_REPRESENTATION_CONTEXT() REPRESENTATION_CONTEXT('2D SPACE',''
  ) );
#1994 = ORIENTED_EDGE('',*,*,#1995,.F.);
#1995 = EDGE_CURVE('',#1996,#1961,#1998,.T.);
#1996 = VERTEX_POINT('',#1997);
#1997 = CARTESIAN_POINT('',(-2.6,54.5,6.5));
#1998 = SURFACE_CURVE('',#1999,(#2003,#2010),.PCURVE_S1.);
#1999 = LINE('',#2000,#2001);
#2000 = CARTESIAN_POINT('',(-2.6,54.5,6.5));
#2001 = VECTOR('',#2002,1.);
#2002 = DIRECTION('',(0.,0.,1.));
#2003 = PCURVE('',#1971,#2004);
#2004 = DEFINITIONAL_REPRESENTATION('',(#2005),#2009);
#2005 = LINE('',#2006,#2007);
#2006 = CARTESIAN_POINT('',(0.,-0.6));
#2007 = VECTOR('',#2008,1.);
#2008 = DIRECTION('',(1.,0.));
#2009 = ( GEOMETRIC_REPRESENTATION_CONTEXT(2) 
PARAMETRIC_REPRESENTATION_CONTEXT() REPRESENTATION_CONTEXT('2D SPACE',''
  ) );
#2010 = PCURVE('',#2011,#2016);
#2011 = CYLINDRICAL_SURFACE('',#2012,0.6);
#2012 = AXIS2_PLACEMENT_3D('',#2013,#2014,#2015);
#2013 = CARTESIAN_POINT('',(-2.,54.5,6.5));
#2014 = DIRECTION('',(0.,0.,1.));
#2015 = DIRECTION('',(-1.,-0.,0.));
#2016 = DEFINITIONAL_REPRESENTATION('',(#2017),#2021);
#2017 = LINE('',#2018,#2019);
#2018 = CARTESIAN_POINT('',(0.,0.));
#2019 = VECTOR('',#2020,1.);
#2020 = DIRECTION('',(0.,1.));
#2021 = ( GEOMETRIC_REPRESENTATION_CONTEXT(2) 
PARAMETRIC_REPRESENTATION_CONTEXT() REPRESENTATION_CONTEXT('2D SPACE',''
  ) );
#2022 = ORIENTED_EDGE('',*,*,#2023,.T.);
#2023 = EDGE_CURVE('',#1996,#2024,#2026,.T.);
#2024 = VERTEX_POINT('',#2025);
#2025 = CARTESIAN_POINT('',(-2.6,54.8,6.5));
#2026 = SURFACE_CURVE('',#2027,(#2031,#2038),.PCURVE_S1.);
#2027 = LINE('',#2028,#2029);
#2028 = CARTESIAN_POINT('',(-2.6,53.9,6.5));
#2029 = VECTOR('',#2030,1.);
#2030 = DIRECTION('',(0.,1.,0.));
#2031 = PCURVE('',#1971,#2032);
#2032 = DEFINITIONAL_REPRESENTATION('',(#2033),#2037);
#2033 = LINE('',#2034,#2035);
#2034 = CARTESIAN_POINT('',(0.,0.));
#2035 = VECTOR('',#2036,1.);
#2036 = DIRECTION('',(0.,-1.));
#2037 = ( GEOMETRIC_REPRESENTATION_CONTEXT(2) 
PARAMETRIC_REPRESENTATION_CONTEXT() REPRESENTATION_CONTEXT('2D SPACE',''
  ) );
#2038 = PCURVE('',#2039,#2044);
#2039 = PLANE('',#2040);
#2040 = AXIS2_PLACEMENT_3D('',#2041,#2042,#2043);
#2041 = CARTESIAN_POINT('',(-2.6,53.9,6.5));
#2042 = DIRECTION('',(0.,0.,1.));
#2043 = DIRECTION('',(1.,0.,0.));
#2044 = DEFINITIONAL_REPRESENTATION('',(#2045),#2049);
#2045 = LINE('',#2046,#2047);
#2046 = CARTESIAN_POINT('',(0.,0.));
#2047 = VECTOR('',#2048,1.);
#2048 = DIRECTION('',(0.,1.));
#2049 = ( GEOMETRIC_REPRESENTATION_CONTEXT(2) 
PARAMETRIC_REPRESENTATION_CONTEXT() REPRESENTATION_CONTEXT('2D SPACE',''
  ) );
#2050 = ORIENTED_EDGE('',*,*,#2051,.T.);
#2051 = EDGE_CURVE('',#2024,#1963,#2052,.T.);
#2052 = SURFACE_CURVE('',#2053,(#2057,#2063),.PCURVE_S1.);
#2053 = LINE('',#2054,#2055);
#2054 = CARTESIAN_POINT('',(-2.6,54.8,6.5));
#2055 = VECTOR('',#2056,1.);
#2056 = DIRECTION('',(0.,0.,1.));
#2057 = PCURVE('',#1971,#2058);
#2058 = DEFINITIONAL_REPRESENTATION('',(#2059),#2062);
#2059 = B_SPLINE_CURVE_WITH_KNOTS('',1,(#2060,#2061),.UNSPECIFIED.,.F.,
  .F.,(2,2),(0.,4.),.PIECEWISE_BEZIER_KNOTS.);
#2060 = CARTESIAN_POINT('',(0.,-0.9));
#2061 = CARTESIAN_POINT('',(4.,-0.9));
#2062 = ( GEOMETRIC_REPRESENTATION_CONTEXT(2) 
PARAMETRIC_REPRESENTATION_CONTEXT() REPRESENTATION_CONTEXT('2D SPACE',''
  ) );
#2063 = PCURVE('',#2064,#2069);
#2064 = PLANE('',#2065);
#2065 = AXIS2_PLACEMENT_3D('',#2066,#2067,#2068);
#2066 = CARTESIAN_POINT('',(-3.,54.8,6.5));
#2067 = DIRECTION('',(0.,1.,0.));
#2068 = DIRECTION('',(0.,0.,1.));
#2069 = DEFINITIONAL_REPRESENTATION('',(#2070),#2073);
#2070 = B_SPLINE_CURVE_WITH_KNOTS('',1,(#2071,#2072),.UNSPECIFIED.,.F.,
  .F.,(2,2),(0.,4.),.PIECEWISE_BEZIER_KNOTS.);
#2071 = CARTESIAN_POINT('',(0.,0.4));
#2072 = CARTESIAN_POINT('',(4.,0.4));
#2073 = ( GEOMETRIC_REPRESENTATION_CONTEXT(2) 
PARAMETRIC_REPRESENTATION_CONTEXT() REPRESENTATION_CONTEXT('2D SPACE',''
  ) );
#2074 = ADVANCED_FACE('',(#2075),#1983,.T.);
#2075 = FACE_BOUND('',#2076,.T.);
#2076 = EDGE_LOOP('',(#2077,#2078,#2102,#2130,#2163,#2191,#2220,#2248,
    #2281,#2309,#2337,#2365,#2393,#2421,#2449,#2477,#2505,#2533,#2561,
    #2589,#2617,#2645,#2673,#2701));
#2077 = ORIENTED_EDGE('',*,*,#1960,.F.);
#2078 = ORIENTED_EDGE('',*,*,#2079,.T.);
#2079 = EDGE_CURVE('',#1961,#2080,#2082,.T.);
#2080 = VERTEX_POINT('',#2081);
#2081 = CARTESIAN_POINT('',(-2.,53.9,10.5));
#2082 = SURFACE_CURVE('',#2083,(#2088,#2095),.PCURVE_S1.);
#2083 = CIRCLE('',#2084,0.6);
#2084 = AXIS2_PLACEMENT_3D('',#2085,#2086,#2087);
#2085 = CARTESIAN_POINT('',(-2.,54.5,10.5));
#2086 = DIRECTION('',(0.,0.,1.));
#2087 = DIRECTION('',(0.,-1.,0.));
#2088 = PCURVE('',#1983,#2089);
#2089 = DEFINITIONAL_REPRESENTATION('',(#2090),#2094);
#2090 = CIRCLE('',#2091,0.6);
#2091 = AXIS2_PLACEMENT_2D('',#2092,#2093);
#2092 = CARTESIAN_POINT('',(0.6,0.6));
#2093 = DIRECTION('',(0.,-1.));
#2094 = ( GEOMETRIC_REPRESENTATION_CONTEXT(2) 
PARAMETRIC_REPRESENTATION_CONTEXT() REPRESENTATION_CONTEXT('2D SPACE',''
  ) );
#2095 = PCURVE('',#2011,#2096);
#2096 = DEFINITIONAL_REPRESENTATION('',(#2097),#2101);
#2097 = LINE('',#2098,#2099);
#2098 = CARTESIAN_POINT('',(-4.712388980385,4.));
#2099 = VECTOR('',#2100,1.);
#2100 = DIRECTION('',(1.,0.));
#2101 = ( GEOMETRIC_REPRESENTATION_CONTEXT(2) 
PARAMETRIC_REPRESENTATION_CONTEXT() REPRESENTATION_CONTEXT('2D SPACE',''
  ) );
#2102 = ORIENTED_EDGE('',*,*,#2103,.T.);
#2103 = EDGE_CURVE('',#2080,#2104,#2106,.T.);
#2104 = VERTEX_POINT('',#2105);
#2105 = CARTESIAN_POINT('',(-1.8,53.9,10.5));
#2106 = SURFACE_CURVE('',#2107,(#2111,#2118),.PCURVE_S1.);
#2107 = LINE('',#2108,#2109);
#2108 = CARTESIAN_POINT('',(-2.6,53.9,10.5));
#2109 = VECTOR('',#2110,1.);
#2110 = DIRECTION('',(1.,0.,0.));
#2111 = PCURVE('',#1983,#2112);
#2112 = DEFINITIONAL_REPRESENTATION('',(#2113),#2117);
#2113 = LINE('',#2114,#2115);
#2114 = CARTESIAN_POINT('',(0.,0.));
#2115 = VECTOR('',#2116,1.);
#2116 = DIRECTION('',(1.,0.));
#2117 = ( GEOMETRIC_REPRESENTATION_CONTEXT(2) 
PARAMETRIC_REPRESENTATION_CONTEXT() REPRESENTATION_CONTEXT('2D SPACE',''
  ) );
#2118 = PCURVE('',#2119,#2124);
#2119 = PLANE('',#2120);
#2120 = AXIS2_PLACEMENT_3D('',#2121,#2122,#2123);
#2121 = CARTESIAN_POINT('',(-2.6,53.9,6.5));
#2122 = DIRECTION('',(0.,1.,0.));
#2123 = DIRECTION('',(0.,0.,1.));
#2124 = DEFINITIONAL_REPRESENTATION('',(#2125),#2129);
#2125 = LINE('',#2126,#2127);
#2126 = CARTESIAN_POINT('',(4.,0.));
#2127 = VECTOR('',#2128,1.);
#2128 = DIRECTION('',(0.,1.));
#2129 = ( GEOMETRIC_REPRESENTATION_CONTEXT(2) 
PARAMETRIC_REPRESENTATION_CONTEXT() REPRESENTATION_CONTEXT('2D SPACE',''
  ) );
#2130 = ORIENTED_EDGE('',*,*,#2131,.F.);
#2131 = EDGE_CURVE('',#2132,#2104,#2134,.T.);
#2132 = VERTEX_POINT('',#2133);
#2133 = CARTESIAN_POINT('',(-1.2,54.5,10.5));
#2134 = SURFACE_CURVE('',#2135,(#2140,#2151),.PCURVE_S1.);
#2135 = CIRCLE('',#2136,0.6);
#2136 = AXIS2_PLACEMENT_3D('',#2137,#2138,#2139);
#2137 = CARTESIAN_POINT('',(-1.8,54.5,10.5));
#2138 = DIRECTION('',(-0.,-0.,-1.));
#2139 = DIRECTION('',(0.,-1.,0.));
#2140 = PCURVE('',#1983,#2141);
#2141 = DEFINITIONAL_REPRESENTATION('',(#2142),#2150);
#2142 = ( BOUNDED_CURVE() B_SPLINE_CURVE(2,(#2143,#2144,#2145,#2146,
#2147,#2148,#2149),.UNSPECIFIED.,.T.,.F.) B_SPLINE_CURVE_WITH_KNOTS((1,2
    ,2,2,2,1),(-2.094395102393,0.,2.094395102393,4.188790204786,
6.28318530718,8.377580409573),.UNSPECIFIED.) CURVE() 
GEOMETRIC_REPRESENTATION_ITEM() RATIONAL_B_SPLINE_CURVE((1.,0.5,1.,0.5,
1.,0.5,1.)) REPRESENTATION_ITEM('') );
#2143 = CARTESIAN_POINT('',(0.8,0.));
#2144 = CARTESIAN_POINT('',(-0.239230484541,0.));
#2145 = CARTESIAN_POINT('',(0.280384757729,0.9));
#2146 = CARTESIAN_POINT('',(0.8,1.8));
#2147 = CARTESIAN_POINT('',(1.319615242271,0.9));
#2148 = CARTESIAN_POINT('',(1.839230484541,8.881784197001E-16));
#2149 = CARTESIAN_POINT('',(0.8,0.));
#2150 = ( GEOMETRIC_REPRESENTATION_CONTEXT(2) 
PARAMETRIC_REPRESENTATION_CONTEXT() REPRESENTATION_CONTEXT('2D SPACE',''
  ) );
#2151 = PCURVE('',#2152,#2157);
#2152 = CYLINDRICAL_SURFACE('',#2153,0.6);
#2153 = AXIS2_PLACEMENT_3D('',#2154,#2155,#2156);
#2154 = CARTESIAN_POINT('',(-1.8,54.5,6.5));
#2155 = DIRECTION('',(0.,0.,1.));
#2156 = DIRECTION('',(1.,0.,-0.));
#2157 = DEFINITIONAL_REPRESENTATION('',(#2158),#2162);
#2158 = LINE('',#2159,#2160);
#2159 = CARTESIAN_POINT('',(4.712388980385,4.));
#2160 = VECTOR('',#2161,1.);
#2161 = DIRECTION('',(-1.,0.));
#2162 = ( GEOMETRIC_REPRESENTATION_CONTEXT(2) 
PARAMETRIC_REPRESENTATION_CONTEXT() REPRESENTATION_CONTEXT('2D SPACE',''
  ) );
#2163 = ORIENTED_EDGE('',*,*,#2164,.T.);
#2164 = EDGE_CURVE('',#2132,#2165,#2167,.T.);
#2165 = VERTEX_POINT('',#2166);
#2166 = CARTESIAN_POINT('',(-1.2,62.3,10.5));
#2167 = SURFACE_CURVE('',#2168,(#2172,#2179),.PCURVE_S1.);
#2168 = LINE('',#2169,#2170);
#2169 = CARTESIAN_POINT('',(-1.2,53.9,10.5));
#2170 = VECTOR('',#2171,1.);
#2171 = DIRECTION('',(0.,1.,0.));
#2172 = PCURVE('',#1983,#2173);
#2173 = DEFINITIONAL_REPRESENTATION('',(#2174),#2178);
#2174 = LINE('',#2175,#2176);
#2175 = CARTESIAN_POINT('',(1.4,0.));
#2176 = VECTOR('',#2177,1.);
#2177 = DIRECTION('',(0.,1.));
#2178 = ( GEOMETRIC_REPRESENTATION_CONTEXT(2) 
PARAMETRIC_REPRESENTATION_CONTEXT() REPRESENTATION_CONTEXT('2D SPACE',''
  ) );
#2179 = PCURVE('',#2180,#2185);
#2180 = PLANE('',#2181);
#2181 = AXIS2_PLACEMENT_3D('',#2182,#2183,#2184);
#2182 = CARTESIAN_POINT('',(-1.2,53.9,6.5));
#2183 = DIRECTION('',(1.,0.,0.));
#2184 = DIRECTION('',(0.,0.,1.));
#2185 = DEFINITIONAL_REPRESENTATION('',(#2186),#2190);
#2186 = LINE('',#2187,#2188);
#2187 = CARTESIAN_POINT('',(4.,0.));
#2188 = VECTOR('',#2189,1.);
#2189 = DIRECTION('',(0.,-1.));
#2190 = ( GEOMETRIC_REPRESENTATION_CONTEXT(2) 
PARAMETRIC_REPRESENTATION_CONTEXT() REPRESENTATION_CONTEXT('2D SPACE',''
  ) );
#2191 = ORIENTED_EDGE('',*,*,#2192,.T.);
#2192 = EDGE_CURVE('',#2165,#2193,#2195,.T.);
#2193 = VERTEX_POINT('',#2194);
#2194 = CARTESIAN_POINT('',(-1.8,62.9,10.5));
#2195 = SURFACE_CURVE('',#2196,(#2201,#2208),.PCURVE_S1.);
#2196 = CIRCLE('',#2197,0.6);
#2197 = AXIS2_PLACEMENT_3D('',#2198,#2199,#2200);
#2198 = CARTESIAN_POINT('',(-1.8,62.3,10.5));
#2199 = DIRECTION('',(0.,0.,1.));
#2200 = DIRECTION('',(0.,-1.,0.));
#2201 = PCURVE('',#1983,#2202);
#2202 = DEFINITIONAL_REPRESENTATION('',(#2203),#2207);
#2203 = CIRCLE('',#2204,0.6);
#2204 = AXIS2_PLACEMENT_2D('',#2205,#2206);
#2205 = CARTESIAN_POINT('',(0.8,8.4));
#2206 = DIRECTION('',(0.,-1.));
#2207 = ( GEOMETRIC_REPRESENTATION_CONTEXT(2) 
PARAMETRIC_REPRESENTATION_CONTEXT() REPRESENTATION_CONTEXT('2D SPACE',''
  ) );
#2208 = PCURVE('',#2209,#2214);
#2209 = CYLINDRICAL_SURFACE('',#2210,0.6);
#2210 = AXIS2_PLACEMENT_3D('',#2211,#2212,#2213);
#2211 = CARTESIAN_POINT('',(-1.8,62.3,6.5));
#2212 = DIRECTION('',(0.,0.,1.));
#2213 = DIRECTION('',(1.,0.,-0.));
#2214 = DEFINITIONAL_REPRESENTATION('',(#2215),#2219);
#2215 = LINE('',#2216,#2217);
#2216 = CARTESIAN_POINT('',(-1.570796326795,4.));
#2217 = VECTOR('',#2218,1.);
#2218 = DIRECTION('',(1.,0.));
#2219 = ( GEOMETRIC_REPRESENTATION_CONTEXT(2) 
PARAMETRIC_REPRESENTATION_CONTEXT() REPRESENTATION_CONTEXT('2D SPACE',''
  ) );
#2220 = ORIENTED_EDGE('',*,*,#2221,.F.);
#2221 = EDGE_CURVE('',#2222,#2193,#2224,.T.);
#2222 = VERTEX_POINT('',#2223);
#2223 = CARTESIAN_POINT('',(-2.,62.9,10.5));
#2224 = SURFACE_CURVE('',#2225,(#2229,#2236),.PCURVE_S1.);
#2225 = LINE('',#2226,#2227);
#2226 = CARTESIAN_POINT('',(-2.6,62.9,10.5));
#2227 = VECTOR('',#2228,1.);
#2228 = DIRECTION('',(1.,0.,0.));
#2229 = PCURVE('',#1983,#2230);
#2230 = DEFINITIONAL_REPRESENTATION('',(#2231),#2235);
#2231 = LINE('',#2232,#2233);
#2232 = CARTESIAN_POINT('',(0.,9.));
#2233 = VECTOR('',#2234,1.);
#2234 = DIRECTION('',(1.,0.));
#2235 = ( GEOMETRIC_REPRESENTATION_CONTEXT(2) 
PARAMETRIC_REPRESENTATION_CONTEXT() REPRESENTATION_CONTEXT('2D SPACE',''
  ) );
#2236 = PCURVE('',#2237,#2242);
#2237 = PLANE('',#2238);
#2238 = AXIS2_PLACEMENT_3D('',#2239,#2240,#2241);
#2239 = CARTESIAN_POINT('',(-2.6,62.9,6.5));
#2240 = DIRECTION('',(0.,1.,0.));
#2241 = DIRECTION('',(0.,0.,1.));
#2242 = DEFINITIONAL_REPRESENTATION('',(#2243),#2247);
#2243 = LINE('',#2244,#2245);
#2244 = CARTESIAN_POINT('',(4.,0.));
#2245 = VECTOR('',#2246,1.);
#2246 = DIRECTION('',(0.,1.));
#2247 = ( GEOMETRIC_REPRESENTATION_CONTEXT(2) 
PARAMETRIC_REPRESENTATION_CONTEXT() REPRESENTATION_CONTEXT('2D SPACE',''
  ) );
#2248 = ORIENTED_EDGE('',*,*,#2249,.F.);
#2249 = EDGE_CURVE('',#2250,#2222,#2252,.T.);
#2250 = VERTEX_POINT('',#2251);
#2251 = CARTESIAN_POINT('',(-2.6,62.3,10.5));
#2252 = SURFACE_CURVE('',#2253,(#2258,#2269),.PCURVE_S1.);
#2253 = CIRCLE('',#2254,0.6);
#2254 = AXIS2_PLACEMENT_3D('',#2255,#2256,#2257);
#2255 = CARTESIAN_POINT('',(-2.,62.3,10.5));
#2256 = DIRECTION('',(-0.,-0.,-1.));
#2257 = DIRECTION('',(0.,-1.,0.));
#2258 = PCURVE('',#1983,#2259);
#2259 = DEFINITIONAL_REPRESENTATION('',(#2260),#2268);
#2260 = ( BOUNDED_CURVE() B_SPLINE_CURVE(2,(#2261,#2262,#2263,#2264,
#2265,#2266,#2267),.UNSPECIFIED.,.T.,.F.) B_SPLINE_CURVE_WITH_KNOTS((1,2
    ,2,2,2,1),(-2.094395102393,0.,2.094395102393,4.188790204786,
6.28318530718,8.377580409573),.UNSPECIFIED.) CURVE() 
GEOMETRIC_REPRESENTATION_ITEM() RATIONAL_B_SPLINE_CURVE((1.,0.5,1.,0.5,
1.,0.5,1.)) REPRESENTATION_ITEM('') );
#2261 = CARTESIAN_POINT('',(0.6,7.8));
#2262 = CARTESIAN_POINT('',(-0.439230484541,7.8));
#2263 = CARTESIAN_POINT('',(8.038475772934E-02,8.7));
#2264 = CARTESIAN_POINT('',(0.6,9.6));
#2265 = CARTESIAN_POINT('',(1.119615242271,8.7));
#2266 = CARTESIAN_POINT('',(1.639230484541,7.8));
#2267 = CARTESIAN_POINT('',(0.6,7.8));
#2268 = ( GEOMETRIC_REPRESENTATION_CONTEXT(2) 
PARAMETRIC_REPRESENTATION_CONTEXT() REPRESENTATION_CONTEXT('2D SPACE',''
  ) );
#2269 = PCURVE('',#2270,#2275);
#2270 = CYLINDRICAL_SURFACE('',#2271,0.6);
#2271 = AXIS2_PLACEMENT_3D('',#2272,#2273,#2274);
#2272 = CARTESIAN_POINT('',(-2.,62.3,6.5));
#2273 = DIRECTION('',(0.,0.,1.));
#2274 = DIRECTION('',(-1.,-0.,0.));
#2275 = DEFINITIONAL_REPRESENTATION('',(#2276),#2280);
#2276 = LINE('',#2277,#2278);
#2277 = CARTESIAN_POINT('',(1.570796326795,4.));
#2278 = VECTOR('',#2279,1.);
#2279 = DIRECTION('',(-1.,0.));
#2280 = ( GEOMETRIC_REPRESENTATION_CONTEXT(2) 
PARAMETRIC_REPRESENTATION_CONTEXT() REPRESENTATION_CONTEXT('2D SPACE',''
  ) );
#2281 = ORIENTED_EDGE('',*,*,#2282,.F.);
#2282 = EDGE_CURVE('',#2283,#2250,#2285,.T.);
#2283 = VERTEX_POINT('',#2284);
#2284 = CARTESIAN_POINT('',(-2.6,62.2,10.5));
#2285 = SURFACE_CURVE('',#2286,(#2290,#2297),.PCURVE_S1.);
#2286 = LINE('',#2287,#2288);
#2287 = CARTESIAN_POINT('',(-2.6,53.9,10.5));
#2288 = VECTOR('',#2289,1.);
#2289 = DIRECTION('',(0.,1.,0.));
#2290 = PCURVE('',#1983,#2291);
#2291 = DEFINITIONAL_REPRESENTATION('',(#2292),#2296);
#2292 = LINE('',#2293,#2294);
#2293 = CARTESIAN_POINT('',(0.,0.));
#2294 = VECTOR('',#2295,1.);
#2295 = DIRECTION('',(0.,1.));
#2296 = ( GEOMETRIC_REPRESENTATION_CONTEXT(2) 
PARAMETRIC_REPRESENTATION_CONTEXT() REPRESENTATION_CONTEXT('2D SPACE',''
  ) );
#2297 = PCURVE('',#2298,#2303);
#2298 = PLANE('',#2299);
#2299 = AXIS2_PLACEMENT_3D('',#2300,#2301,#2302);
#2300 = CARTESIAN_POINT('',(-2.6,53.9,6.5));
#2301 = DIRECTION('',(1.,0.,0.));
#2302 = DIRECTION('',(0.,0.,1.));
#2303 = DEFINITIONAL_REPRESENTATION('',(#2304),#2308);
#2304 = LINE('',#2305,#2306);
#2305 = CARTESIAN_POINT('',(4.,0.));
#2306 = VECTOR('',#2307,1.);
#2307 = DIRECTION('',(0.,-1.));
#2308 = ( GEOMETRIC_REPRESENTATION_CONTEXT(2) 
PARAMETRIC_REPRESENTATION_CONTEXT() REPRESENTATION_CONTEXT('2D SPACE',''
  ) );
#2309 = ORIENTED_EDGE('',*,*,#2310,.F.);
#2310 = EDGE_CURVE('',#2311,#2283,#2313,.T.);
#2311 = VERTEX_POINT('',#2312);
#2312 = CARTESIAN_POINT('',(-3.,62.2,10.5));
#2313 = SURFACE_CURVE('',#2314,(#2318,#2325),.PCURVE_S1.);
#2314 = LINE('',#2315,#2316);
#2315 = CARTESIAN_POINT('',(-3.,62.2,10.5));
#2316 = VECTOR('',#2317,1.);
#2317 = DIRECTION('',(1.,0.,0.));
#2318 = PCURVE('',#1983,#2319);
#2319 = DEFINITIONAL_REPRESENTATION('',(#2320),#2324);
#2320 = LINE('',#2321,#2322);
#2321 = CARTESIAN_POINT('',(-0.4,8.3));
#2322 = VECTOR('',#2323,1.);
#2323 = DIRECTION('',(1.,0.));
#2324 = ( GEOMETRIC_REPRESENTATION_CONTEXT(2) 
PARAMETRIC_REPRESENTATION_CONTEXT() REPRESENTATION_CONTEXT('2D SPACE',''
  ) );
#2325 = PCURVE('',#2326,#2331);
#2326 = PLANE('',#2327);
#2327 = AXIS2_PLACEMENT_3D('',#2328,#2329,#2330);
#2328 = CARTESIAN_POINT('',(-3.,62.2,6.5));
#2329 = DIRECTION('',(0.,1.,0.));
#2330 = DIRECTION('',(0.,0.,1.));
#2331 = DEFINITIONAL_REPRESENTATION('',(#2332),#2336);
#2332 = LINE('',#2333,#2334);
#2333 = CARTESIAN_POINT('',(4.,0.));
#2334 = VECTOR('',#2335,1.);
#2335 = DIRECTION('',(0.,1.));
#2336 = ( GEOMETRIC_REPRESENTATION_CONTEXT(2) 
PARAMETRIC_REPRESENTATION_CONTEXT() REPRESENTATION_CONTEXT('2D SPACE',''
  ) );
#2337 = ORIENTED_EDGE('',*,*,#2338,.F.);
#2338 = EDGE_CURVE('',#2339,#2311,#2341,.T.);
#2339 = VERTEX_POINT('',#2340);
#2340 = CARTESIAN_POINT('',(-3.,61.4,10.5));
#2341 = SURFACE_CURVE('',#2342,(#2346,#2353),.PCURVE_S1.);
#2342 = LINE('',#2343,#2344);
#2343 = CARTESIAN_POINT('',(-3.,61.4,10.5));
#2344 = VECTOR('',#2345,1.);
#2345 = DIRECTION('',(0.,1.,0.));
#2346 = PCURVE('',#1983,#2347);
#2347 = DEFINITIONAL_REPRESENTATION('',(#2348),#2352);
#2348 = LINE('',#2349,#2350);
#2349 = CARTESIAN_POINT('',(-0.4,7.5));
#2350 = VECTOR('',#2351,1.);
#2351 = DIRECTION('',(0.,1.));
#2352 = ( GEOMETRIC_REPRESENTATION_CONTEXT(2) 
PARAMETRIC_REPRESENTATION_CONTEXT() REPRESENTATION_CONTEXT('2D SPACE',''
  ) );
#2353 = PCURVE('',#2354,#2359);
#2354 = PLANE('',#2355);
#2355 = AXIS2_PLACEMENT_3D('',#2356,#2357,#2358);
#2356 = CARTESIAN_POINT('',(-3.,61.4,6.5));
#2357 = DIRECTION('',(1.,0.,0.));
#2358 = DIRECTION('',(0.,0.,1.));
#2359 = DEFINITIONAL_REPRESENTATION('',(#2360),#2364);
#2360 = LINE('',#2361,#2362);
#2361 = CARTESIAN_POINT('',(4.,0.));
#2362 = VECTOR('',#2363,1.);
#2363 = DIRECTION('',(0.,-1.));
#2364 = ( GEOMETRIC_REPRESENTATION_CONTEXT(2) 
PARAMETRIC_REPRESENTATION_CONTEXT() REPRESENTATION_CONTEXT('2D SPACE',''
  ) );
#2365 = ORIENTED_EDGE('',*,*,#2366,.T.);
#2366 = EDGE_CURVE('',#2339,#2367,#2369,.T.);
#2367 = VERTEX_POINT('',#2368);
#2368 = CARTESIAN_POINT('',(-2.6,61.4,10.5));
#2369 = SURFACE_CURVE('',#2370,(#2374,#2381),.PCURVE_S1.);
#2370 = LINE('',#2371,#2372);
#2371 = CARTESIAN_POINT('',(-3.,61.4,10.5));
#2372 = VECTOR('',#2373,1.);
#2373 = DIRECTION('',(1.,0.,0.));
#2374 = PCURVE('',#1983,#2375);
#2375 = DEFINITIONAL_REPRESENTATION('',(#2376),#2380);
#2376 = LINE('',#2377,#2378);
#2377 = CARTESIAN_POINT('',(-0.4,7.5));
#2378 = VECTOR('',#2379,1.);
#2379 = DIRECTION('',(1.,0.));
#2380 = ( GEOMETRIC_REPRESENTATION_CONTEXT(2) 
PARAMETRIC_REPRESENTATION_CONTEXT() REPRESENTATION_CONTEXT('2D SPACE',''
  ) );
#2381 = PCURVE('',#2382,#2387);
#2382 = PLANE('',#2383);
#2383 = AXIS2_PLACEMENT_3D('',#2384,#2385,#2386);
#2384 = CARTESIAN_POINT('',(-3.,61.4,6.5));
#2385 = DIRECTION('',(0.,1.,0.));
#2386 = DIRECTION('',(0.,0.,1.));
#2387 = DEFINITIONAL_REPRESENTATION('',(#2388),#2392);
#2388 = LINE('',#2389,#2390);
#2389 = CARTESIAN_POINT('',(4.,0.));
#2390 = VECTOR('',#2391,1.);
#2391 = DIRECTION('',(0.,1.));
#2392 = ( GEOMETRIC_REPRESENTATION_CONTEXT(2) 
PARAMETRIC_REPRESENTATION_CONTEXT() REPRESENTATION_CONTEXT('2D SPACE',''
  ) );
#2393 = ORIENTED_EDGE('',*,*,#2394,.F.);
#2394 = EDGE_CURVE('',#2395,#2367,#2397,.T.);
#2395 = VERTEX_POINT('',#2396);
#2396 = CARTESIAN_POINT('',(-2.6,60.,10.5));
#2397 = SURFACE_CURVE('',#2398,(#2402,#2409),.PCURVE_S1.);
#2398 = LINE('',#2399,#2400);
#2399 = CARTESIAN_POINT('',(-2.6,53.9,10.5));
#2400 = VECTOR('',#2401,1.);
#2401 = DIRECTION('',(0.,1.,0.));
#2402 = PCURVE('',#1983,#2403);
#2403 = DEFINITIONAL_REPRESENTATION('',(#2404),#2408);
#2404 = LINE('',#2405,#2406);
#2405 = CARTESIAN_POINT('',(0.,0.));
#2406 = VECTOR('',#2407,1.);
#2407 = DIRECTION('',(0.,1.));
#2408 = ( GEOMETRIC_REPRESENTATION_CONTEXT(2) 
PARAMETRIC_REPRESENTATION_CONTEXT() REPRESENTATION_CONTEXT('2D SPACE',''
  ) );
#2409 = PCURVE('',#2410,#2415);
#2410 = PLANE('',#2411);
#2411 = AXIS2_PLACEMENT_3D('',#2412,#2413,#2414);
#2412 = CARTESIAN_POINT('',(-2.6,53.9,6.5));
#2413 = DIRECTION('',(1.,0.,0.));
#2414 = DIRECTION('',(0.,0.,1.));
#2415 = DEFINITIONAL_REPRESENTATION('',(#2416),#2420);
#2416 = LINE('',#2417,#2418);
#2417 = CARTESIAN_POINT('',(4.,0.));
#2418 = VECTOR('',#2419,1.);
#2419 = DIRECTION('',(0.,-1.));
#2420 = ( GEOMETRIC_REPRESENTATION_CONTEXT(2) 
PARAMETRIC_REPRESENTATION_CONTEXT() REPRESENTATION_CONTEXT('2D SPACE',''
  ) );
#2421 = ORIENTED_EDGE('',*,*,#2422,.F.);
#2422 = EDGE_CURVE('',#2423,#2395,#2425,.T.);
#2423 = VERTEX_POINT('',#2424);
#2424 = CARTESIAN_POINT('',(-3.,60.,10.5));
#2425 = SURFACE_CURVE('',#2426,(#2430,#2437),.PCURVE_S1.);
#2426 = LINE('',#2427,#2428);
#2427 = CARTESIAN_POINT('',(-3.,60.,10.5));
#2428 = VECTOR('',#2429,1.);
#2429 = DIRECTION('',(1.,0.,0.));
#2430 = PCURVE('',#1983,#2431);
#2431 = DEFINITIONAL_REPRESENTATION('',(#2432),#2436);
#2432 = LINE('',#2433,#2434);
#2433 = CARTESIAN_POINT('',(-0.4,6.1));
#2434 = VECTOR('',#2435,1.);
#2435 = DIRECTION('',(1.,0.));
#2436 = ( GEOMETRIC_REPRESENTATION_CONTEXT(2) 
PARAMETRIC_REPRESENTATION_CONTEXT() REPRESENTATION_CONTEXT('2D SPACE',''
  ) );
#2437 = PCURVE('',#2438,#2443);
#2438 = PLANE('',#2439);
#2439 = AXIS2_PLACEMENT_3D('',#2440,#2441,#2442);
#2440 = CARTESIAN_POINT('',(-3.,60.,6.5));
#2441 = DIRECTION('',(0.,1.,0.));
#2442 = DIRECTION('',(0.,0.,1.));
#2443 = DEFINITIONAL_REPRESENTATION('',(#2444),#2448);
#2444 = LINE('',#2445,#2446);
#2445 = CARTESIAN_POINT('',(4.,0.));
#2446 = VECTOR('',#2447,1.);
#2447 = DIRECTION('',(0.,1.));
#2448 = ( GEOMETRIC_REPRESENTATION_CONTEXT(2) 
PARAMETRIC_REPRESENTATION_CONTEXT() REPRESENTATION_CONTEXT('2D SPACE',''
  ) );
#2449 = ORIENTED_EDGE('',*,*,#2450,.F.);
#2450 = EDGE_CURVE('',#2451,#2423,#2453,.T.);
#2451 = VERTEX_POINT('',#2452);
#2452 = CARTESIAN_POINT('',(-3.,59.2,10.5));
#2453 = SURFACE_CURVE('',#2454,(#2458,#2465),.PCURVE_S1.);
#2454 = LINE('',#2455,#2456);
#2455 = CARTESIAN_POINT('',(-3.,59.2,10.5));
#2456 = VECTOR('',#2457,1.);
#2457 = DIRECTION('',(0.,1.,0.));
#2458 = PCURVE('',#1983,#2459);
#2459 = DEFINITIONAL_REPRESENTATION('',(#2460),#2464);
#2460 = LINE('',#2461,#2462);
#2461 = CARTESIAN_POINT('',(-0.4,5.3));
#2462 = VECTOR('',#2463,1.);
#2463 = DIRECTION('',(0.,1.));
#2464 = ( GEOMETRIC_REPRESENTATION_CONTEXT(2) 
PARAMETRIC_REPRESENTATION_CONTEXT() REPRESENTATION_CONTEXT('2D SPACE',''
  ) );
#2465 = PCURVE('',#2466,#2471);
#2466 = PLANE('',#2467);
#2467 = AXIS2_PLACEMENT_3D('',#2468,#2469,#2470);
#2468 = CARTESIAN_POINT('',(-3.,59.2,6.5));
#2469 = DIRECTION('',(1.,0.,0.));
#2470 = DIRECTION('',(0.,0.,1.));
#2471 = DEFINITIONAL_REPRESENTATION('',(#2472),#2476);
#2472 = LINE('',#2473,#2474);
#2473 = CARTESIAN_POINT('',(4.,0.));
#2474 = VECTOR('',#2475,1.);
#2475 = DIRECTION('',(0.,-1.));
#2476 = ( GEOMETRIC_REPRESENTATION_CONTEXT(2) 
PARAMETRIC_REPRESENTATION_CONTEXT() REPRESENTATION_CONTEXT('2D SPACE',''
  ) );
#2477 = ORIENTED_EDGE('',*,*,#2478,.T.);
#2478 = EDGE_CURVE('',#2451,#2479,#2481,.T.);
#2479 = VERTEX_POINT('',#2480);
#2480 = CARTESIAN_POINT('',(-2.6,59.2,10.5));
#2481 = SURFACE_CURVE('',#2482,(#2486,#2493),.PCURVE_S1.);
#2482 = LINE('',#2483,#2484);
#2483 = CARTESIAN_POINT('',(-3.,59.2,10.5));
#2484 = VECTOR('',#2485,1.);
#2485 = DIRECTION('',(1.,0.,0.));
#2486 = PCURVE('',#1983,#2487);
#2487 = DEFINITIONAL_REPRESENTATION('',(#2488),#2492);
#2488 = LINE('',#2489,#2490);
#2489 = CARTESIAN_POINT('',(-0.4,5.3));
#2490 = VECTOR('',#2491,1.);
#2491 = DIRECTION('',(1.,0.));
#2492 = ( GEOMETRIC_REPRESENTATION_CONTEXT(2) 
PARAMETRIC_REPRESENTATION_CONTEXT() REPRESENTATION_CONTEXT('2D SPACE',''
  ) );
#2493 = PCURVE('',#2494,#2499);
#2494 = PLANE('',#2495);
#2495 = AXIS2_PLACEMENT_3D('',#2496,#2497,#2498);
#2496 = CARTESIAN_POINT('',(-3.,59.2,6.5));
#2497 = DIRECTION('',(0.,1.,0.));
#2498 = DIRECTION('',(0.,0.,1.));
#2499 = DEFINITIONAL_REPRESENTATION('',(#2500),#2504);
#2500 = LINE('',#2501,#2502);
#2501 = CARTESIAN_POINT('',(4.,0.));
#2502 = VECTOR('',#2503,1.);
#2503 = DIRECTION('',(0.,1.));
#2504 = ( GEOMETRIC_REPRESENTATION_CONTEXT(2) 
PARAMETRIC_REPRESENTATION_CONTEXT() REPRESENTATION_CONTEXT('2D SPACE',''
  ) );
#2505 = ORIENTED_EDGE('',*,*,#2506,.F.);
#2506 = EDGE_CURVE('',#2507,#2479,#2509,.T.);
#2507 = VERTEX_POINT('',#2508);
#2508 = CARTESIAN_POINT('',(-2.6,57.8,10.5));
#2509 = SURFACE_CURVE('',#2510,(#2514,#2521),.PCURVE_S1.);
#2510 = LINE('',#2511,#2512);
#2511 = CARTESIAN_POINT('',(-2.6,53.9,10.5));
#2512 = VECTOR('',#2513,1.);
#2513 = DIRECTION('',(0.,1.,0.));
#2514 = PCURVE('',#1983,#2515);
#2515 = DEFINITIONAL_REPRESENTATION('',(#2516),#2520);
#2516 = LINE('',#2517,#2518);
#2517 = CARTESIAN_POINT('',(0.,0.));
#2518 = VECTOR('',#2519,1.);
#2519 = DIRECTION('',(0.,1.));
#2520 = ( GEOMETRIC_REPRESENTATION_CONTEXT(2) 
PARAMETRIC_REPRESENTATION_CONTEXT() REPRESENTATION_CONTEXT('2D SPACE',''
  ) );
#2521 = PCURVE('',#2522,#2527);
#2522 = PLANE('',#2523);
#2523 = AXIS2_PLACEMENT_3D('',#2524,#2525,#2526);
#2524 = CARTESIAN_POINT('',(-2.6,53.9,6.5));
#2525 = DIRECTION('',(1.,0.,0.));
#2526 = DIRECTION('',(0.,0.,1.));
#2527 = DEFINITIONAL_REPRESENTATION('',(#2528),#2532);
#2528 = LINE('',#2529,#2530);
#2529 = CARTESIAN_POINT('',(4.,0.));
#2530 = VECTOR('',#2531,1.);
#2531 = DIRECTION('',(0.,-1.));
#2532 = ( GEOMETRIC_REPRESENTATION_CONTEXT(2) 
PARAMETRIC_REPRESENTATION_CONTEXT() REPRESENTATION_CONTEXT('2D SPACE',''
  ) );
#2533 = ORIENTED_EDGE('',*,*,#2534,.F.);
#2534 = EDGE_CURVE('',#2535,#2507,#2537,.T.);
#2535 = VERTEX_POINT('',#2536);
#2536 = CARTESIAN_POINT('',(-3.,57.8,10.5));
#2537 = SURFACE_CURVE('',#2538,(#2542,#2549),.PCURVE_S1.);
#2538 = LINE('',#2539,#2540);
#2539 = CARTESIAN_POINT('',(-3.,57.8,10.5));
#2540 = VECTOR('',#2541,1.);
#2541 = DIRECTION('',(1.,0.,0.));
#2542 = PCURVE('',#1983,#2543);
#2543 = DEFINITIONAL_REPRESENTATION('',(#2544),#2548);
#2544 = LINE('',#2545,#2546);
#2545 = CARTESIAN_POINT('',(-0.4,3.9));
#2546 = VECTOR('',#2547,1.);
#2547 = DIRECTION('',(1.,0.));
#2548 = ( GEOMETRIC_REPRESENTATION_CONTEXT(2) 
PARAMETRIC_REPRESENTATION_CONTEXT() REPRESENTATION_CONTEXT('2D SPACE',''
  ) );
#2549 = PCURVE('',#2550,#2555);
#2550 = PLANE('',#2551);
#2551 = AXIS2_PLACEMENT_3D('',#2552,#2553,#2554);
#2552 = CARTESIAN_POINT('',(-3.,57.8,6.5));
#2553 = DIRECTION('',(0.,1.,0.));
#2554 = DIRECTION('',(0.,0.,1.));
#2555 = DEFINITIONAL_REPRESENTATION('',(#2556),#2560);
#2556 = LINE('',#2557,#2558);
#2557 = CARTESIAN_POINT('',(4.,0.));
#2558 = VECTOR('',#2559,1.);
#2559 = DIRECTION('',(0.,1.));
#2560 = ( GEOMETRIC_REPRESENTATION_CONTEXT(2) 
PARAMETRIC_REPRESENTATION_CONTEXT() REPRESENTATION_CONTEXT('2D SPACE',''
  ) );
#2561 = ORIENTED_EDGE('',*,*,#2562,.F.);
#2562 = EDGE_CURVE('',#2563,#2535,#2565,.T.);
#2563 = VERTEX_POINT('',#2564);
#2564 = CARTESIAN_POINT('',(-3.,57.,10.5));
#2565 = SURFACE_CURVE('',#2566,(#2570,#2577),.PCURVE_S1.);
#2566 = LINE('',#2567,#2568);
#2567 = CARTESIAN_POINT('',(-3.,57.,10.5));
#2568 = VECTOR('',#2569,1.);
#2569 = DIRECTION('',(0.,1.,0.));
#2570 = PCURVE('',#1983,#2571);
#2571 = DEFINITIONAL_REPRESENTATION('',(#2572),#2576);
#2572 = LINE('',#2573,#2574);
#2573 = CARTESIAN_POINT('',(-0.4,3.1));
#2574 = VECTOR('',#2575,1.);
#2575 = DIRECTION('',(0.,1.));
#2576 = ( GEOMETRIC_REPRESENTATION_CONTEXT(2) 
PARAMETRIC_REPRESENTATION_CONTEXT() REPRESENTATION_CONTEXT('2D SPACE',''
  ) );
#2577 = PCURVE('',#2578,#2583);
#2578 = PLANE('',#2579);
#2579 = AXIS2_PLACEMENT_3D('',#2580,#2581,#2582);
#2580 = CARTESIAN_POINT('',(-3.,57.,6.5));
#2581 = DIRECTION('',(1.,0.,0.));
#2582 = DIRECTION('',(0.,0.,1.));
#2583 = DEFINITIONAL_REPRESENTATION('',(#2584),#2588);
#2584 = LINE('',#2585,#2586);
#2585 = CARTESIAN_POINT('',(4.,0.));
#2586 = VECTOR('',#2587,1.);
#2587 = DIRECTION('',(0.,-1.));
#2588 = ( GEOMETRIC_REPRESENTATION_CONTEXT(2) 
PARAMETRIC_REPRESENTATION_CONTEXT() REPRESENTATION_CONTEXT('2D SPACE',''
  ) );
#2589 = ORIENTED_EDGE('',*,*,#2590,.T.);
#2590 = EDGE_CURVE('',#2563,#2591,#2593,.T.);
#2591 = VERTEX_POINT('',#2592);
#2592 = CARTESIAN_POINT('',(-2.6,57.,10.5));
#2593 = SURFACE_CURVE('',#2594,(#2598,#2605),.PCURVE_S1.);
#2594 = LINE('',#2595,#2596);
#2595 = CARTESIAN_POINT('',(-3.,57.,10.5));
#2596 = VECTOR('',#2597,1.);
#2597 = DIRECTION('',(1.,0.,0.));
#2598 = PCURVE('',#1983,#2599);
#2599 = DEFINITIONAL_REPRESENTATION('',(#2600),#2604);
#2600 = LINE('',#2601,#2602);
#2601 = CARTESIAN_POINT('',(-0.4,3.1));
#2602 = VECTOR('',#2603,1.);
#2603 = DIRECTION('',(1.,0.));
#2604 = ( GEOMETRIC_REPRESENTATION_CONTEXT(2) 
PARAMETRIC_REPRESENTATION_CONTEXT() REPRESENTATION_CONTEXT('2D SPACE',''
  ) );
#2605 = PCURVE('',#2606,#2611);
#2606 = PLANE('',#2607);
#2607 = AXIS2_PLACEMENT_3D('',#2608,#2609,#2610);
#2608 = CARTESIAN_POINT('',(-3.,57.,6.5));
#2609 = DIRECTION('',(0.,1.,0.));
#2610 = DIRECTION('',(0.,0.,1.));
#2611 = DEFINITIONAL_REPRESENTATION('',(#2612),#2616);
#2612 = LINE('',#2613,#2614);
#2613 = CARTESIAN_POINT('',(4.,0.));
#2614 = VECTOR('',#2615,1.);
#2615 = DIRECTION('',(0.,1.));
#2616 = ( GEOMETRIC_REPRESENTATION_CONTEXT(2) 
PARAMETRIC_REPRESENTATION_CONTEXT() REPRESENTATION_CONTEXT('2D SPACE',''
  ) );
#2617 = ORIENTED_EDGE('',*,*,#2618,.F.);
#2618 = EDGE_CURVE('',#2619,#2591,#2621,.T.);
#2619 = VERTEX_POINT('',#2620);
#2620 = CARTESIAN_POINT('',(-2.6,55.6,10.5));
#2621 = SURFACE_CURVE('',#2622,(#2626,#2633),.PCURVE_S1.);
#2622 = LINE('',#2623,#2624);
#2623 = CARTESIAN_POINT('',(-2.6,53.9,10.5));
#2624 = VECTOR('',#2625,1.);
#2625 = DIRECTION('',(0.,1.,0.));
#2626 = PCURVE('',#1983,#2627);
#2627 = DEFINITIONAL_REPRESENTATION('',(#2628),#2632);
#2628 = LINE('',#2629,#2630);
#2629 = CARTESIAN_POINT('',(0.,0.));
#2630 = VECTOR('',#2631,1.);
#2631 = DIRECTION('',(0.,1.));
#2632 = ( GEOMETRIC_REPRESENTATION_CONTEXT(2) 
PARAMETRIC_REPRESENTATION_CONTEXT() REPRESENTATION_CONTEXT('2D SPACE',''
  ) );
#2633 = PCURVE('',#2634,#2639);
#2634 = PLANE('',#2635);
#2635 = AXIS2_PLACEMENT_3D('',#2636,#2637,#2638);
#2636 = CARTESIAN_POINT('',(-2.6,53.9,6.5));
#2637 = DIRECTION('',(1.,0.,0.));
#2638 = DIRECTION('',(0.,0.,1.));
#2639 = DEFINITIONAL_REPRESENTATION('',(#2640),#2644);
#2640 = LINE('',#2641,#2642);
#2641 = CARTESIAN_POINT('',(4.,0.));
#2642 = VECTOR('',#2643,1.);
#2643 = DIRECTION('',(0.,-1.));
#2644 = ( GEOMETRIC_REPRESENTATION_CONTEXT(2) 
PARAMETRIC_REPRESENTATION_CONTEXT() REPRESENTATION_CONTEXT('2D SPACE',''
  ) );
#2645 = ORIENTED_EDGE('',*,*,#2646,.F.);
#2646 = EDGE_CURVE('',#2647,#2619,#2649,.T.);
#2647 = VERTEX_POINT('',#2648);
#2648 = CARTESIAN_POINT('',(-3.,55.6,10.5));
#2649 = SURFACE_CURVE('',#2650,(#2654,#2661),.PCURVE_S1.);
#2650 = LINE('',#2651,#2652);
#2651 = CARTESIAN_POINT('',(-3.,55.6,10.5));
#2652 = VECTOR('',#2653,1.);
#2653 = DIRECTION('',(1.,0.,0.));
#2654 = PCURVE('',#1983,#2655);
#2655 = DEFINITIONAL_REPRESENTATION('',(#2656),#2660);
#2656 = LINE('',#2657,#2658);
#2657 = CARTESIAN_POINT('',(-0.4,1.7));
#2658 = VECTOR('',#2659,1.);
#2659 = DIRECTION('',(1.,0.));
#2660 = ( GEOMETRIC_REPRESENTATION_CONTEXT(2) 
PARAMETRIC_REPRESENTATION_CONTEXT() REPRESENTATION_CONTEXT('2D SPACE',''
  ) );
#2661 = PCURVE('',#2662,#2667);
#2662 = PLANE('',#2663);
#2663 = AXIS2_PLACEMENT_3D('',#2664,#2665,#2666);
#2664 = CARTESIAN_POINT('',(-3.,55.6,6.5));
#2665 = DIRECTION('',(0.,1.,0.));
#2666 = DIRECTION('',(0.,0.,1.));
#2667 = DEFINITIONAL_REPRESENTATION('',(#2668),#2672);
#2668 = LINE('',#2669,#2670);
#2669 = CARTESIAN_POINT('',(4.,0.));
#2670 = VECTOR('',#2671,1.);
#2671 = DIRECTION('',(0.,1.));
#2672 = ( GEOMETRIC_REPRESENTATION_CONTEXT(2) 
PARAMETRIC_REPRESENTATION_CONTEXT() REPRESENTATION_CONTEXT('2D SPACE',''
  ) );
#2673 = ORIENTED_EDGE('',*,*,#2674,.F.);
#2674 = EDGE_CURVE('',#2675,#2647,#2677,.T.);
#2675 = VERTEX_POINT('',#2676);
#2676 = CARTESIAN_POINT('',(-3.,54.8,10.5));
#2677 = SURFACE_CURVE('',#2678,(#2682,#2689),.PCURVE_S1.);
#2678 = LINE('',#2679,#2680);
#2679 = CARTESIAN_POINT('',(-3.,54.8,10.5));
#2680 = VECTOR('',#2681,1.);
#2681 = DIRECTION('',(0.,1.,0.));
#2682 = PCURVE('',#1983,#2683);
#2683 = DEFINITIONAL_REPRESENTATION('',(#2684),#2688);
#2684 = LINE('',#2685,#2686);
#2685 = CARTESIAN_POINT('',(-0.4,0.9));
#2686 = VECTOR('',#2687,1.);
#2687 = DIRECTION('',(0.,1.));
#2688 = ( GEOMETRIC_REPRESENTATION_CONTEXT(2) 
PARAMETRIC_REPRESENTATION_CONTEXT() REPRESENTATION_CONTEXT('2D SPACE',''
  ) );
#2689 = PCURVE('',#2690,#2695);
#2690 = PLANE('',#2691);
#2691 = AXIS2_PLACEMENT_3D('',#2692,#2693,#2694);
#2692 = CARTESIAN_POINT('',(-3.,54.8,6.5));
#2693 = DIRECTION('',(1.,0.,0.));
#2694 = DIRECTION('',(0.,0.,1.));
#2695 = DEFINITIONAL_REPRESENTATION('',(#2696),#2700);
#2696 = LINE('',#2697,#2698);
#2697 = CARTESIAN_POINT('',(4.,0.));
#2698 = VECTOR('',#2699,1.);
#2699 = DIRECTION('',(0.,-1.));
#2700 = ( GEOMETRIC_REPRESENTATION_CONTEXT(2) 
PARAMETRIC_REPRESENTATION_CONTEXT() REPRESENTATION_CONTEXT('2D SPACE',''
  ) );
#2701 = ORIENTED_EDGE('',*,*,#2702,.T.);
#2702 = EDGE_CURVE('',#2675,#1963,#2703,.T.);
#2703 = SURFACE_CURVE('',#2704,(#2708,#2715),.PCURVE_S1.);
#2704 = LINE('',#2705,#2706);
#2705 = CARTESIAN_POINT('',(-3.,54.8,10.5));
#2706 = VECTOR('',#2707,1.);
#2707 = DIRECTION('',(1.,0.,0.));
#2708 = PCURVE('',#1983,#2709);
#2709 = DEFINITIONAL_REPRESENTATION('',(#2710),#2714);
#2710 = LINE('',#2711,#2712);
#2711 = CARTESIAN_POINT('',(-0.4,0.9));
#2712 = VECTOR('',#2713,1.);
#2713 = DIRECTION('',(1.,0.));
#2714 = ( GEOMETRIC_REPRESENTATION_CONTEXT(2) 
PARAMETRIC_REPRESENTATION_CONTEXT() REPRESENTATION_CONTEXT('2D SPACE',''
  ) );
#2715 = PCURVE('',#2064,#2716);
#2716 = DEFINITIONAL_REPRESENTATION('',(#2717),#2721);
#2717 = LINE('',#2718,#2719);
#2718 = CARTESIAN_POINT('',(4.,0.));
#2719 = VECTOR('',#2720,1.);
#2720 = DIRECTION('',(0.,1.));
#2721 = ( GEOMETRIC_REPRESENTATION_CONTEXT(2) 
PARAMETRIC_REPRESENTATION_CONTEXT() REPRESENTATION_CONTEXT('2D SPACE',''
  ) );
#2722 = ADVANCED_FACE('',(#2723),#2064,.F.);
#2723 = FACE_BOUND('',#2724,.F.);
#2724 = EDGE_LOOP('',(#2725,#2748,#2769,#2770));
#2725 = ORIENTED_EDGE('',*,*,#2726,.F.);
#2726 = EDGE_CURVE('',#2727,#2024,#2729,.T.);
#2727 = VERTEX_POINT('',#2728);
#2728 = CARTESIAN_POINT('',(-3.,54.8,6.5));
#2729 = SURFACE_CURVE('',#2730,(#2734,#2741),.PCURVE_S1.);
#2730 = LINE('',#2731,#2732);
#2731 = CARTESIAN_POINT('',(-3.,54.8,6.5));
#2732 = VECTOR('',#2733,1.);
#2733 = DIRECTION('',(1.,0.,0.));
#2734 = PCURVE('',#2064,#2735);
#2735 = DEFINITIONAL_REPRESENTATION('',(#2736),#2740);
#2736 = LINE('',#2737,#2738);
#2737 = CARTESIAN_POINT('',(0.,0.));
#2738 = VECTOR('',#2739,1.);
#2739 = DIRECTION('',(0.,1.));
#2740 = ( GEOMETRIC_REPRESENTATION_CONTEXT(2) 
PARAMETRIC_REPRESENTATION_CONTEXT() REPRESENTATION_CONTEXT('2D SPACE',''
  ) );
#2741 = PCURVE('',#2039,#2742);
#2742 = DEFINITIONAL_REPRESENTATION('',(#2743),#2747);
#2743 = LINE('',#2744,#2745);
#2744 = CARTESIAN_POINT('',(-0.4,0.9));
#2745 = VECTOR('',#2746,1.);
#2746 = DIRECTION('',(1.,0.));
#2747 = ( GEOMETRIC_REPRESENTATION_CONTEXT(2) 
PARAMETRIC_REPRESENTATION_CONTEXT() REPRESENTATION_CONTEXT('2D SPACE',''
  ) );
#2748 = ORIENTED_EDGE('',*,*,#2749,.T.);
#2749 = EDGE_CURVE('',#2727,#2675,#2750,.T.);
#2750 = SURFACE_CURVE('',#2751,(#2755,#2762),.PCURVE_S1.);
#2751 = LINE('',#2752,#2753);
#2752 = CARTESIAN_POINT('',(-3.,54.8,6.5));
#2753 = VECTOR('',#2754,1.);
#2754 = DIRECTION('',(0.,0.,1.));
#2755 = PCURVE('',#2064,#2756);
#2756 = DEFINITIONAL_REPRESENTATION('',(#2757),#2761);
#2757 = LINE('',#2758,#2759);
#2758 = CARTESIAN_POINT('',(0.,0.));
#2759 = VECTOR('',#2760,1.);
#2760 = DIRECTION('',(1.,0.));
#2761 = ( GEOMETRIC_REPRESENTATION_CONTEXT(2) 
PARAMETRIC_REPRESENTATION_CONTEXT() REPRESENTATION_CONTEXT('2D SPACE',''
  ) );
#2762 = PCURVE('',#2690,#2763);
#2763 = DEFINITIONAL_REPRESENTATION('',(#2764),#2768);
#2764 = LINE('',#2765,#2766);
#2765 = CARTESIAN_POINT('',(0.,0.));
#2766 = VECTOR('',#2767,1.);
#2767 = DIRECTION('',(1.,0.));
#2768 = ( GEOMETRIC_REPRESENTATION_CONTEXT(2) 
PARAMETRIC_REPRESENTATION_CONTEXT() REPRESENTATION_CONTEXT('2D SPACE',''
  ) );
#2769 = ORIENTED_EDGE('',*,*,#2702,.T.);
#2770 = ORIENTED_EDGE('',*,*,#2051,.F.);
#2771 = ADVANCED_FACE('',(#2772),#2039,.F.);
#2772 = FACE_BOUND('',#2773,.F.);
#2773 = EDGE_LOOP('',(#2774,#2775,#2799,#2822,#2850,#2873,#2897,#2920,
    #2948,#2971,#2994,#3017,#3040,#3063,#3086,#3109,#3132,#3155,#3178,
    #3201,#3224,#3247,#3270,#3291));
#2774 = ORIENTED_EDGE('',*,*,#2023,.F.);
#2775 = ORIENTED_EDGE('',*,*,#2776,.T.);
#2776 = EDGE_CURVE('',#1996,#2777,#2779,.T.);
#2777 = VERTEX_POINT('',#2778);
#2778 = CARTESIAN_POINT('',(-2.,53.9,6.5));
#2779 = SURFACE_CURVE('',#2780,(#2785,#2792),.PCURVE_S1.);
#2780 = CIRCLE('',#2781,0.6);
#2781 = AXIS2_PLACEMENT_3D('',#2782,#2783,#2784);
#2782 = CARTESIAN_POINT('',(-2.,54.5,6.5));
#2783 = DIRECTION('',(0.,0.,1.));
#2784 = DIRECTION('',(0.,-1.,0.));
#2785 = PCURVE('',#2039,#2786);
#2786 = DEFINITIONAL_REPRESENTATION('',(#2787),#2791);
#2787 = CIRCLE('',#2788,0.6);
#2788 = AXIS2_PLACEMENT_2D('',#2789,#2790);
#2789 = CARTESIAN_POINT('',(0.6,0.6));
#2790 = DIRECTION('',(0.,-1.));
#2791 = ( GEOMETRIC_REPRESENTATION_CONTEXT(2) 
PARAMETRIC_REPRESENTATION_CONTEXT() REPRESENTATION_CONTEXT('2D SPACE',''
  ) );
#2792 = PCURVE('',#2011,#2793);
#2793 = DEFINITIONAL_REPRESENTATION('',(#2794),#2798);
#2794 = LINE('',#2795,#2796);
#2795 = CARTESIAN_POINT('',(-4.712388980385,0.));
#2796 = VECTOR('',#2797,1.);
#2797 = DIRECTION('',(1.,0.));
#2798 = ( GEOMETRIC_REPRESENTATION_CONTEXT(2) 
PARAMETRIC_REPRESENTATION_CONTEXT() REPRESENTATION_CONTEXT('2D SPACE',''
  ) );
#2799 = ORIENTED_EDGE('',*,*,#2800,.T.);
#2800 = EDGE_CURVE('',#2777,#2801,#2803,.T.);
#2801 = VERTEX_POINT('',#2802);
#2802 = CARTESIAN_POINT('',(-1.8,53.9,6.5));
#2803 = SURFACE_CURVE('',#2804,(#2808,#2815),.PCURVE_S1.);
#2804 = LINE('',#2805,#2806);
#2805 = CARTESIAN_POINT('',(-2.6,53.9,6.5));
#2806 = VECTOR('',#2807,1.);
#2807 = DIRECTION('',(1.,0.,0.));
#2808 = PCURVE('',#2039,#2809);
#2809 = DEFINITIONAL_REPRESENTATION('',(#2810),#2814);
#2810 = LINE('',#2811,#2812);
#2811 = CARTESIAN_POINT('',(0.,0.));
#2812 = VECTOR('',#2813,1.);
#2813 = DIRECTION('',(1.,0.));
#2814 = ( GEOMETRIC_REPRESENTATION_CONTEXT(2) 
PARAMETRIC_REPRESENTATION_CONTEXT() REPRESENTATION_CONTEXT('2D SPACE',''
  ) );
#2815 = PCURVE('',#2119,#2816);
#2816 = DEFINITIONAL_REPRESENTATION('',(#2817),#2821);
#2817 = LINE('',#2818,#2819);
#2818 = CARTESIAN_POINT('',(0.,0.));
#2819 = VECTOR('',#2820,1.);
#2820 = DIRECTION('',(0.,1.));
#2821 = ( GEOMETRIC_REPRESENTATION_CONTEXT(2) 
PARAMETRIC_REPRESENTATION_CONTEXT() REPRESENTATION_CONTEXT('2D SPACE',''
  ) );
#2822 = ORIENTED_EDGE('',*,*,#2823,.F.);
#2823 = EDGE_CURVE('',#2824,#2801,#2826,.T.);
#2824 = VERTEX_POINT('',#2825);
#2825 = CARTESIAN_POINT('',(-1.2,54.5,6.5));
#2826 = SURFACE_CURVE('',#2827,(#2832,#2843),.PCURVE_S1.);
#2827 = CIRCLE('',#2828,0.6);
#2828 = AXIS2_PLACEMENT_3D('',#2829,#2830,#2831);
#2829 = CARTESIAN_POINT('',(-1.8,54.5,6.5));
#2830 = DIRECTION('',(-0.,-0.,-1.));
#2831 = DIRECTION('',(0.,-1.,0.));
#2832 = PCURVE('',#2039,#2833);
#2833 = DEFINITIONAL_REPRESENTATION('',(#2834),#2842);
#2834 = ( BOUNDED_CURVE() B_SPLINE_CURVE(2,(#2835,#2836,#2837,#2838,
#2839,#2840,#2841),.UNSPECIFIED.,.T.,.F.) B_SPLINE_CURVE_WITH_KNOTS((1,2
    ,2,2,2,1),(-2.094395102393,0.,2.094395102393,4.188790204786,
6.28318530718,8.377580409573),.UNSPECIFIED.) CURVE() 
GEOMETRIC_REPRESENTATION_ITEM() RATIONAL_B_SPLINE_CURVE((1.,0.5,1.,0.5,
1.,0.5,1.)) REPRESENTATION_ITEM('') );
#2835 = CARTESIAN_POINT('',(0.8,0.));
#2836 = CARTESIAN_POINT('',(-0.239230484541,0.));
#2837 = CARTESIAN_POINT('',(0.280384757729,0.9));
#2838 = CARTESIAN_POINT('',(0.8,1.8));
#2839 = CARTESIAN_POINT('',(1.319615242271,0.9));
#2840 = CARTESIAN_POINT('',(1.839230484541,8.881784197001E-16));
#2841 = CARTESIAN_POINT('',(0.8,0.));
#2842 = ( GEOMETRIC_REPRESENTATION_CONTEXT(2) 
PARAMETRIC_REPRESENTATION_CONTEXT() REPRESENTATION_CONTEXT('2D SPACE',''
  ) );
#2843 = PCURVE('',#2152,#2844);
#2844 = DEFINITIONAL_REPRESENTATION('',(#2845),#2849);
#2845 = LINE('',#2846,#2847);
#2846 = CARTESIAN_POINT('',(4.712388980385,-0.));
#2847 = VECTOR('',#2848,1.);
#2848 = DIRECTION('',(-1.,0.));
#2849 = ( GEOMETRIC_REPRESENTATION_CONTEXT(2) 
PARAMETRIC_REPRESENTATION_CONTEXT() REPRESENTATION_CONTEXT('2D SPACE',''
  ) );
#2850 = ORIENTED_EDGE('',*,*,#2851,.T.);
#2851 = EDGE_CURVE('',#2824,#2852,#2854,.T.);
#2852 = VERTEX_POINT('',#2853);
#2853 = CARTESIAN_POINT('',(-1.2,62.3,6.5));
#2854 = SURFACE_CURVE('',#2855,(#2859,#2866),.PCURVE_S1.);
#2855 = LINE('',#2856,#2857);
#2856 = CARTESIAN_POINT('',(-1.2,53.9,6.5));
#2857 = VECTOR('',#2858,1.);
#2858 = DIRECTION('',(0.,1.,0.));
#2859 = PCURVE('',#2039,#2860);
#2860 = DEFINITIONAL_REPRESENTATION('',(#2861),#2865);
#2861 = LINE('',#2862,#2863);
#2862 = CARTESIAN_POINT('',(1.4,0.));
#2863 = VECTOR('',#2864,1.);
#2864 = DIRECTION('',(0.,1.));
#2865 = ( GEOMETRIC_REPRESENTATION_CONTEXT(2) 
PARAMETRIC_REPRESENTATION_CONTEXT() REPRESENTATION_CONTEXT('2D SPACE',''
  ) );
#2866 = PCURVE('',#2180,#2867);
#2867 = DEFINITIONAL_REPRESENTATION('',(#2868),#2872);
#2868 = LINE('',#2869,#2870);
#2869 = CARTESIAN_POINT('',(0.,0.));
#2870 = VECTOR('',#2871,1.);
#2871 = DIRECTION('',(0.,-1.));
#2872 = ( GEOMETRIC_REPRESENTATION_CONTEXT(2) 
PARAMETRIC_REPRESENTATION_CONTEXT() REPRESENTATION_CONTEXT('2D SPACE',''
  ) );
#2873 = ORIENTED_EDGE('',*,*,#2874,.T.);
#2874 = EDGE_CURVE('',#2852,#2875,#2877,.T.);
#2875 = VERTEX_POINT('',#2876);
#2876 = CARTESIAN_POINT('',(-1.8,62.9,6.5));
#2877 = SURFACE_CURVE('',#2878,(#2883,#2890),.PCURVE_S1.);
#2878 = CIRCLE('',#2879,0.6);
#2879 = AXIS2_PLACEMENT_3D('',#2880,#2881,#2882);
#2880 = CARTESIAN_POINT('',(-1.8,62.3,6.5));
#2881 = DIRECTION('',(0.,0.,1.));
#2882 = DIRECTION('',(0.,-1.,0.));
#2883 = PCURVE('',#2039,#2884);
#2884 = DEFINITIONAL_REPRESENTATION('',(#2885),#2889);
#2885 = CIRCLE('',#2886,0.6);
#2886 = AXIS2_PLACEMENT_2D('',#2887,#2888);
#2887 = CARTESIAN_POINT('',(0.8,8.4));
#2888 = DIRECTION('',(0.,-1.));
#2889 = ( GEOMETRIC_REPRESENTATION_CONTEXT(2) 
PARAMETRIC_REPRESENTATION_CONTEXT() REPRESENTATION_CONTEXT('2D SPACE',''
  ) );
#2890 = PCURVE('',#2209,#2891);
#2891 = DEFINITIONAL_REPRESENTATION('',(#2892),#2896);
#2892 = LINE('',#2893,#2894);
#2893 = CARTESIAN_POINT('',(-1.570796326795,0.));
#2894 = VECTOR('',#2895,1.);
#2895 = DIRECTION('',(1.,0.));
#2896 = ( GEOMETRIC_REPRESENTATION_CONTEXT(2) 
PARAMETRIC_REPRESENTATION_CONTEXT() REPRESENTATION_CONTEXT('2D SPACE',''
  ) );
#2897 = ORIENTED_EDGE('',*,*,#2898,.F.);
#2898 = EDGE_CURVE('',#2899,#2875,#2901,.T.);
#2899 = VERTEX_POINT('',#2900);
#2900 = CARTESIAN_POINT('',(-2.,62.9,6.5));
#2901 = SURFACE_CURVE('',#2902,(#2906,#2913),.PCURVE_S1.);
#2902 = LINE('',#2903,#2904);
#2903 = CARTESIAN_POINT('',(-2.6,62.9,6.5));
#2904 = VECTOR('',#2905,1.);
#2905 = DIRECTION('',(1.,0.,0.));
#2906 = PCURVE('',#2039,#2907);
#2907 = DEFINITIONAL_REPRESENTATION('',(#2908),#2912);
#2908 = LINE('',#2909,#2910);
#2909 = CARTESIAN_POINT('',(0.,9.));
#2910 = VECTOR('',#2911,1.);
#2911 = DIRECTION('',(1.,0.));
#2912 = ( GEOMETRIC_REPRESENTATION_CONTEXT(2) 
PARAMETRIC_REPRESENTATION_CONTEXT() REPRESENTATION_CONTEXT('2D SPACE',''
  ) );
#2913 = PCURVE('',#2237,#2914);
#2914 = DEFINITIONAL_REPRESENTATION('',(#2915),#2919);
#2915 = LINE('',#2916,#2917);
#2916 = CARTESIAN_POINT('',(0.,0.));
#2917 = VECTOR('',#2918,1.);
#2918 = DIRECTION('',(0.,1.));
#2919 = ( GEOMETRIC_REPRESENTATION_CONTEXT(2) 
PARAMETRIC_REPRESENTATION_CONTEXT() REPRESENTATION_CONTEXT('2D SPACE',''
  ) );
#2920 = ORIENTED_EDGE('',*,*,#2921,.F.);
#2921 = EDGE_CURVE('',#2922,#2899,#2924,.T.);
#2922 = VERTEX_POINT('',#2923);
#2923 = CARTESIAN_POINT('',(-2.6,62.3,6.5));
#2924 = SURFACE_CURVE('',#2925,(#2930,#2941),.PCURVE_S1.);
#2925 = CIRCLE('',#2926,0.6);
#2926 = AXIS2_PLACEMENT_3D('',#2927,#2928,#2929);
#2927 = CARTESIAN_POINT('',(-2.,62.3,6.5));
#2928 = DIRECTION('',(-0.,-0.,-1.));
#2929 = DIRECTION('',(0.,-1.,0.));
#2930 = PCURVE('',#2039,#2931);
#2931 = DEFINITIONAL_REPRESENTATION('',(#2932),#2940);
#2932 = ( BOUNDED_CURVE() B_SPLINE_CURVE(2,(#2933,#2934,#2935,#2936,
#2937,#2938,#2939),.UNSPECIFIED.,.T.,.F.) B_SPLINE_CURVE_WITH_KNOTS((1,2
    ,2,2,2,1),(-2.094395102393,0.,2.094395102393,4.188790204786,
6.28318530718,8.377580409573),.UNSPECIFIED.) CURVE() 
GEOMETRIC_REPRESENTATION_ITEM() RATIONAL_B_SPLINE_CURVE((1.,0.5,1.,0.5,
1.,0.5,1.)) REPRESENTATION_ITEM('') );
#2933 = CARTESIAN_POINT('',(0.6,7.8));
#2934 = CARTESIAN_POINT('',(-0.439230484541,7.8));
#2935 = CARTESIAN_POINT('',(8.038475772934E-02,8.7));
#2936 = CARTESIAN_POINT('',(0.6,9.6));
#2937 = CARTESIAN_POINT('',(1.119615242271,8.7));
#2938 = CARTESIAN_POINT('',(1.639230484541,7.8));
#2939 = CARTESIAN_POINT('',(0.6,7.8));
#2940 = ( GEOMETRIC_REPRESENTATION_CONTEXT(2) 
PARAMETRIC_REPRESENTATION_CONTEXT() REPRESENTATION_CONTEXT('2D SPACE',''
  ) );
#2941 = PCURVE('',#2270,#2942);
#2942 = DEFINITIONAL_REPRESENTATION('',(#2943),#2947);
#2943 = LINE('',#2944,#2945);
#2944 = CARTESIAN_POINT('',(1.570796326795,-0.));
#2945 = VECTOR('',#2946,1.);
#2946 = DIRECTION('',(-1.,0.));
#2947 = ( GEOMETRIC_REPRESENTATION_CONTEXT(2) 
PARAMETRIC_REPRESENTATION_CONTEXT() REPRESENTATION_CONTEXT('2D SPACE',''
  ) );
#2948 = ORIENTED_EDGE('',*,*,#2949,.F.);
#2949 = EDGE_CURVE('',#2950,#2922,#2952,.T.);
#2950 = VERTEX_POINT('',#2951);
#2951 = CARTESIAN_POINT('',(-2.6,62.2,6.5));
#2952 = SURFACE_CURVE('',#2953,(#2957,#2964),.PCURVE_S1.);
#2953 = LINE('',#2954,#2955);
#2954 = CARTESIAN_POINT('',(-2.6,53.9,6.5));
#2955 = VECTOR('',#2956,1.);
#2956 = DIRECTION('',(0.,1.,0.));
#2957 = PCURVE('',#2039,#2958);
#2958 = DEFINITIONAL_REPRESENTATION('',(#2959),#2963);
#2959 = LINE('',#2960,#2961);
#2960 = CARTESIAN_POINT('',(0.,0.));
#2961 = VECTOR('',#2962,1.);
#2962 = DIRECTION('',(0.,1.));
#2963 = ( GEOMETRIC_REPRESENTATION_CONTEXT(2) 
PARAMETRIC_REPRESENTATION_CONTEXT() REPRESENTATION_CONTEXT('2D SPACE',''
  ) );
#2964 = PCURVE('',#2298,#2965);
#2965 = DEFINITIONAL_REPRESENTATION('',(#2966),#2970);
#2966 = LINE('',#2967,#2968);
#2967 = CARTESIAN_POINT('',(0.,0.));
#2968 = VECTOR('',#2969,1.);
#2969 = DIRECTION('',(0.,-1.));
#2970 = ( GEOMETRIC_REPRESENTATION_CONTEXT(2) 
PARAMETRIC_REPRESENTATION_CONTEXT() REPRESENTATION_CONTEXT('2D SPACE',''
  ) );
#2971 = ORIENTED_EDGE('',*,*,#2972,.F.);
#2972 = EDGE_CURVE('',#2973,#2950,#2975,.T.);
#2973 = VERTEX_POINT('',#2974);
#2974 = CARTESIAN_POINT('',(-3.,62.2,6.5));
#2975 = SURFACE_CURVE('',#2976,(#2980,#2987),.PCURVE_S1.);
#2976 = LINE('',#2977,#2978);
#2977 = CARTESIAN_POINT('',(-3.,62.2,6.5));
#2978 = VECTOR('',#2979,1.);
#2979 = DIRECTION('',(1.,0.,0.));
#2980 = PCURVE('',#2039,#2981);
#2981 = DEFINITIONAL_REPRESENTATION('',(#2982),#2986);
#2982 = LINE('',#2983,#2984);
#2983 = CARTESIAN_POINT('',(-0.4,8.3));
#2984 = VECTOR('',#2985,1.);
#2985 = DIRECTION('',(1.,0.));
#2986 = ( GEOMETRIC_REPRESENTATION_CONTEXT(2) 
PARAMETRIC_REPRESENTATION_CONTEXT() REPRESENTATION_CONTEXT('2D SPACE',''
  ) );
#2987 = PCURVE('',#2326,#2988);
#2988 = DEFINITIONAL_REPRESENTATION('',(#2989),#2993);
#2989 = LINE('',#2990,#2991);
#2990 = CARTESIAN_POINT('',(0.,0.));
#2991 = VECTOR('',#2992,1.);
#2992 = DIRECTION('',(0.,1.));
#2993 = ( GEOMETRIC_REPRESENTATION_CONTEXT(2) 
PARAMETRIC_REPRESENTATION_CONTEXT() REPRESENTATION_CONTEXT('2D SPACE',''
  ) );
#2994 = ORIENTED_EDGE('',*,*,#2995,.F.);
#2995 = EDGE_CURVE('',#2996,#2973,#2998,.T.);
#2996 = VERTEX_POINT('',#2997);
#2997 = CARTESIAN_POINT('',(-3.,61.4,6.5));
#2998 = SURFACE_CURVE('',#2999,(#3003,#3010),.PCURVE_S1.);
#2999 = LINE('',#3000,#3001);
#3000 = CARTESIAN_POINT('',(-3.,61.4,6.5));
#3001 = VECTOR('',#3002,1.);
#3002 = DIRECTION('',(0.,1.,0.));
#3003 = PCURVE('',#2039,#3004);
#3004 = DEFINITIONAL_REPRESENTATION('',(#3005),#3009);
#3005 = LINE('',#3006,#3007);
#3006 = CARTESIAN_POINT('',(-0.4,7.5));
#3007 = VECTOR('',#3008,1.);
#3008 = DIRECTION('',(0.,1.));
#3009 = ( GEOMETRIC_REPRESENTATION_CONTEXT(2) 
PARAMETRIC_REPRESENTATION_CONTEXT() REPRESENTATION_CONTEXT('2D SPACE',''
  ) );
#3010 = PCURVE('',#2354,#3011);
#3011 = DEFINITIONAL_REPRESENTATION('',(#3012),#3016);
#3012 = LINE('',#3013,#3014);
#3013 = CARTESIAN_POINT('',(0.,0.));
#3014 = VECTOR('',#3015,1.);
#3015 = DIRECTION('',(0.,-1.));
#3016 = ( GEOMETRIC_REPRESENTATION_CONTEXT(2) 
PARAMETRIC_REPRESENTATION_CONTEXT() REPRESENTATION_CONTEXT('2D SPACE',''
  ) );
#3017 = ORIENTED_EDGE('',*,*,#3018,.T.);
#3018 = EDGE_CURVE('',#2996,#3019,#3021,.T.);
#3019 = VERTEX_POINT('',#3020);
#3020 = CARTESIAN_POINT('',(-2.6,61.4,6.5));
#3021 = SURFACE_CURVE('',#3022,(#3026,#3033),.PCURVE_S1.);
#3022 = LINE('',#3023,#3024);
#3023 = CARTESIAN_POINT('',(-3.,61.4,6.5));
#3024 = VECTOR('',#3025,1.);
#3025 = DIRECTION('',(1.,0.,0.));
#3026 = PCURVE('',#2039,#3027);
#3027 = DEFINITIONAL_REPRESENTATION('',(#3028),#3032);
#3028 = LINE('',#3029,#3030);
#3029 = CARTESIAN_POINT('',(-0.4,7.5));
#3030 = VECTOR('',#3031,1.);
#3031 = DIRECTION('',(1.,0.));
#3032 = ( GEOMETRIC_REPRESENTATION_CONTEXT(2) 
PARAMETRIC_REPRESENTATION_CONTEXT() REPRESENTATION_CONTEXT('2D SPACE',''
  ) );
#3033 = PCURVE('',#2382,#3034);
#3034 = DEFINITIONAL_REPRESENTATION('',(#3035),#3039);
#3035 = LINE('',#3036,#3037);
#3036 = CARTESIAN_POINT('',(0.,0.));
#3037 = VECTOR('',#3038,1.);
#3038 = DIRECTION('',(0.,1.));
#3039 = ( GEOMETRIC_REPRESENTATION_CONTEXT(2) 
PARAMETRIC_REPRESENTATION_CONTEXT() REPRESENTATION_CONTEXT('2D SPACE',''
  ) );
#3040 = ORIENTED_EDGE('',*,*,#3041,.F.);
#3041 = EDGE_CURVE('',#3042,#3019,#3044,.T.);
#3042 = VERTEX_POINT('',#3043);
#3043 = CARTESIAN_POINT('',(-2.6,60.,6.5));
#3044 = SURFACE_CURVE('',#3045,(#3049,#3056),.PCURVE_S1.);
#3045 = LINE('',#3046,#3047);
#3046 = CARTESIAN_POINT('',(-2.6,53.9,6.5));
#3047 = VECTOR('',#3048,1.);
#3048 = DIRECTION('',(0.,1.,0.));
#3049 = PCURVE('',#2039,#3050);
#3050 = DEFINITIONAL_REPRESENTATION('',(#3051),#3055);
#3051 = LINE('',#3052,#3053);
#3052 = CARTESIAN_POINT('',(0.,0.));
#3053 = VECTOR('',#3054,1.);
#3054 = DIRECTION('',(0.,1.));
#3055 = ( GEOMETRIC_REPRESENTATION_CONTEXT(2) 
PARAMETRIC_REPRESENTATION_CONTEXT() REPRESENTATION_CONTEXT('2D SPACE',''
  ) );
#3056 = PCURVE('',#2410,#3057);
#3057 = DEFINITIONAL_REPRESENTATION('',(#3058),#3062);
#3058 = LINE('',#3059,#3060);
#3059 = CARTESIAN_POINT('',(0.,0.));
#3060 = VECTOR('',#3061,1.);
#3061 = DIRECTION('',(0.,-1.));
#3062 = ( GEOMETRIC_REPRESENTATION_CONTEXT(2) 
PARAMETRIC_REPRESENTATION_CONTEXT() REPRESENTATION_CONTEXT('2D SPACE',''
  ) );
#3063 = ORIENTED_EDGE('',*,*,#3064,.F.);
#3064 = EDGE_CURVE('',#3065,#3042,#3067,.T.);
#3065 = VERTEX_POINT('',#3066);
#3066 = CARTESIAN_POINT('',(-3.,60.,6.5));
#3067 = SURFACE_CURVE('',#3068,(#3072,#3079),.PCURVE_S1.);
#3068 = LINE('',#3069,#3070);
#3069 = CARTESIAN_POINT('',(-3.,60.,6.5));
#3070 = VECTOR('',#3071,1.);
#3071 = DIRECTION('',(1.,0.,0.));
#3072 = PCURVE('',#2039,#3073);
#3073 = DEFINITIONAL_REPRESENTATION('',(#3074),#3078);
#3074 = LINE('',#3075,#3076);
#3075 = CARTESIAN_POINT('',(-0.4,6.1));
#3076 = VECTOR('',#3077,1.);
#3077 = DIRECTION('',(1.,0.));
#3078 = ( GEOMETRIC_REPRESENTATION_CONTEXT(2) 
PARAMETRIC_REPRESENTATION_CONTEXT() REPRESENTATION_CONTEXT('2D SPACE',''
  ) );
#3079 = PCURVE('',#2438,#3080);
#3080 = DEFINITIONAL_REPRESENTATION('',(#3081),#3085);
#3081 = LINE('',#3082,#3083);
#3082 = CARTESIAN_POINT('',(0.,0.));
#3083 = VECTOR('',#3084,1.);
#3084 = DIRECTION('',(0.,1.));
#3085 = ( GEOMETRIC_REPRESENTATION_CONTEXT(2) 
PARAMETRIC_REPRESENTATION_CONTEXT() REPRESENTATION_CONTEXT('2D SPACE',''
  ) );
#3086 = ORIENTED_EDGE('',*,*,#3087,.F.);
#3087 = EDGE_CURVE('',#3088,#3065,#3090,.T.);
#3088 = VERTEX_POINT('',#3089);
#3089 = CARTESIAN_POINT('',(-3.,59.2,6.5));
#3090 = SURFACE_CURVE('',#3091,(#3095,#3102),.PCURVE_S1.);
#3091 = LINE('',#3092,#3093);
#3092 = CARTESIAN_POINT('',(-3.,59.2,6.5));
#3093 = VECTOR('',#3094,1.);
#3094 = DIRECTION('',(0.,1.,0.));
#3095 = PCURVE('',#2039,#3096);
#3096 = DEFINITIONAL_REPRESENTATION('',(#3097),#3101);
#3097 = LINE('',#3098,#3099);
#3098 = CARTESIAN_POINT('',(-0.4,5.3));
#3099 = VECTOR('',#3100,1.);
#3100 = DIRECTION('',(0.,1.));
#3101 = ( GEOMETRIC_REPRESENTATION_CONTEXT(2) 
PARAMETRIC_REPRESENTATION_CONTEXT() REPRESENTATION_CONTEXT('2D SPACE',''
  ) );
#3102 = PCURVE('',#2466,#3103);
#3103 = DEFINITIONAL_REPRESENTATION('',(#3104),#3108);
#3104 = LINE('',#3105,#3106);
#3105 = CARTESIAN_POINT('',(0.,0.));
#3106 = VECTOR('',#3107,1.);
#3107 = DIRECTION('',(0.,-1.));
#3108 = ( GEOMETRIC_REPRESENTATION_CONTEXT(2) 
PARAMETRIC_REPRESENTATION_CONTEXT() REPRESENTATION_CONTEXT('2D SPACE',''
  ) );
#3109 = ORIENTED_EDGE('',*,*,#3110,.T.);
#3110 = EDGE_CURVE('',#3088,#3111,#3113,.T.);
#3111 = VERTEX_POINT('',#3112);
#3112 = CARTESIAN_POINT('',(-2.6,59.2,6.5));
#3113 = SURFACE_CURVE('',#3114,(#3118,#3125),.PCURVE_S1.);
#3114 = LINE('',#3115,#3116);
#3115 = CARTESIAN_POINT('',(-3.,59.2,6.5));
#3116 = VECTOR('',#3117,1.);
#3117 = DIRECTION('',(1.,0.,0.));
#3118 = PCURVE('',#2039,#3119);
#3119 = DEFINITIONAL_REPRESENTATION('',(#3120),#3124);
#3120 = LINE('',#3121,#3122);
#3121 = CARTESIAN_POINT('',(-0.4,5.3));
#3122 = VECTOR('',#3123,1.);
#3123 = DIRECTION('',(1.,0.));
#3124 = ( GEOMETRIC_REPRESENTATION_CONTEXT(2) 
PARAMETRIC_REPRESENTATION_CONTEXT() REPRESENTATION_CONTEXT('2D SPACE',''
  ) );
#3125 = PCURVE('',#2494,#3126);
#3126 = DEFINITIONAL_REPRESENTATION('',(#3127),#3131);
#3127 = LINE('',#3128,#3129);
#3128 = CARTESIAN_POINT('',(0.,0.));
#3129 = VECTOR('',#3130,1.);
#3130 = DIRECTION('',(0.,1.));
#3131 = ( GEOMETRIC_REPRESENTATION_CONTEXT(2) 
PARAMETRIC_REPRESENTATION_CONTEXT() REPRESENTATION_CONTEXT('2D SPACE',''
  ) );
#3132 = ORIENTED_EDGE('',*,*,#3133,.F.);
#3133 = EDGE_CURVE('',#3134,#3111,#3136,.T.);
#3134 = VERTEX_POINT('',#3135);
#3135 = CARTESIAN_POINT('',(-2.6,57.8,6.5));
#3136 = SURFACE_CURVE('',#3137,(#3141,#3148),.PCURVE_S1.);
#3137 = LINE('',#3138,#3139);
#3138 = CARTESIAN_POINT('',(-2.6,53.9,6.5));
#3139 = VECTOR('',#3140,1.);
#3140 = DIRECTION('',(0.,1.,0.));
#3141 = PCURVE('',#2039,#3142);
#3142 = DEFINITIONAL_REPRESENTATION('',(#3143),#3147);
#3143 = LINE('',#3144,#3145);
#3144 = CARTESIAN_POINT('',(0.,0.));
#3145 = VECTOR('',#3146,1.);
#3146 = DIRECTION('',(0.,1.));
#3147 = ( GEOMETRIC_REPRESENTATION_CONTEXT(2) 
PARAMETRIC_REPRESENTATION_CONTEXT() REPRESENTATION_CONTEXT('2D SPACE',''
  ) );
#3148 = PCURVE('',#2522,#3149);
#3149 = DEFINITIONAL_REPRESENTATION('',(#3150),#3154);
#3150 = LINE('',#3151,#3152);
#3151 = CARTESIAN_POINT('',(0.,0.));
#3152 = VECTOR('',#3153,1.);
#3153 = DIRECTION('',(0.,-1.));
#3154 = ( GEOMETRIC_REPRESENTATION_CONTEXT(2) 
PARAMETRIC_REPRESENTATION_CONTEXT() REPRESENTATION_CONTEXT('2D SPACE',''
  ) );
#3155 = ORIENTED_EDGE('',*,*,#3156,.F.);
#3156 = EDGE_CURVE('',#3157,#3134,#3159,.T.);
#3157 = VERTEX_POINT('',#3158);
#3158 = CARTESIAN_POINT('',(-3.,57.8,6.5));
#3159 = SURFACE_CURVE('',#3160,(#3164,#3171),.PCURVE_S1.);
#3160 = LINE('',#3161,#3162);
#3161 = CARTESIAN_POINT('',(-3.,57.8,6.5));
#3162 = VECTOR('',#3163,1.);
#3163 = DIRECTION('',(1.,0.,0.));
#3164 = PCURVE('',#2039,#3165);
#3165 = DEFINITIONAL_REPRESENTATION('',(#3166),#3170);
#3166 = LINE('',#3167,#3168);
#3167 = CARTESIAN_POINT('',(-0.4,3.9));
#3168 = VECTOR('',#3169,1.);
#3169 = DIRECTION('',(1.,0.));
#3170 = ( GEOMETRIC_REPRESENTATION_CONTEXT(2) 
PARAMETRIC_REPRESENTATION_CONTEXT() REPRESENTATION_CONTEXT('2D SPACE',''
  ) );
#3171 = PCURVE('',#2550,#3172);
#3172 = DEFINITIONAL_REPRESENTATION('',(#3173),#3177);
#3173 = LINE('',#3174,#3175);
#3174 = CARTESIAN_POINT('',(0.,0.));
#3175 = VECTOR('',#3176,1.);
#3176 = DIRECTION('',(0.,1.));
#3177 = ( GEOMETRIC_REPRESENTATION_CONTEXT(2) 
PARAMETRIC_REPRESENTATION_CONTEXT() REPRESENTATION_CONTEXT('2D SPACE',''
  ) );
#3178 = ORIENTED_EDGE('',*,*,#3179,.F.);
#3179 = EDGE_CURVE('',#3180,#3157,#3182,.T.);
#3180 = VERTEX_POINT('',#3181);
#3181 = CARTESIAN_POINT('',(-3.,57.,6.5));
#3182 = SURFACE_CURVE('',#3183,(#3187,#3194),.PCURVE_S1.);
#3183 = LINE('',#3184,#3185);
#3184 = CARTESIAN_POINT('',(-3.,57.,6.5));
#3185 = VECTOR('',#3186,1.);
#3186 = DIRECTION('',(0.,1.,0.));
#3187 = PCURVE('',#2039,#3188);
#3188 = DEFINITIONAL_REPRESENTATION('',(#3189),#3193);
#3189 = LINE('',#3190,#3191);
#3190 = CARTESIAN_POINT('',(-0.4,3.1));
#3191 = VECTOR('',#3192,1.);
#3192 = DIRECTION('',(0.,1.));
#3193 = ( GEOMETRIC_REPRESENTATION_CONTEXT(2) 
PARAMETRIC_REPRESENTATION_CONTEXT() REPRESENTATION_CONTEXT('2D SPACE',''
  ) );
#3194 = PCURVE('',#2578,#3195);
#3195 = DEFINITIONAL_REPRESENTATION('',(#3196),#3200);
#3196 = LINE('',#3197,#3198);
#3197 = CARTESIAN_POINT('',(0.,0.));
#3198 = VECTOR('',#3199,1.);
#3199 = DIRECTION('',(0.,-1.));
#3200 = ( GEOMETRIC_REPRESENTATION_CONTEXT(2) 
PARAMETRIC_REPRESENTATION_CONTEXT() REPRESENTATION_CONTEXT('2D SPACE',''
  ) );
#3201 = ORIENTED_EDGE('',*,*,#3202,.T.);
#3202 = EDGE_CURVE('',#3180,#3203,#3205,.T.);
#3203 = VERTEX_POINT('',#3204);
#3204 = CARTESIAN_POINT('',(-2.6,57.,6.5));
#3205 = SURFACE_CURVE('',#3206,(#3210,#3217),.PCURVE_S1.);
#3206 = LINE('',#3207,#3208);
#3207 = CARTESIAN_POINT('',(-3.,57.,6.5));
#3208 = VECTOR('',#3209,1.);
#3209 = DIRECTION('',(1.,0.,0.));
#3210 = PCURVE('',#2039,#3211);
#3211 = DEFINITIONAL_REPRESENTATION('',(#3212),#3216);
#3212 = LINE('',#3213,#3214);
#3213 = CARTESIAN_POINT('',(-0.4,3.1));
#3214 = VECTOR('',#3215,1.);
#3215 = DIRECTION('',(1.,0.));
#3216 = ( GEOMETRIC_REPRESENTATION_CONTEXT(2) 
PARAMETRIC_REPRESENTATION_CONTEXT() REPRESENTATION_CONTEXT('2D SPACE',''
  ) );
#3217 = PCURVE('',#2606,#3218);
#3218 = DEFINITIONAL_REPRESENTATION('',(#3219),#3223);
#3219 = LINE('',#3220,#3221);
#3220 = CARTESIAN_POINT('',(0.,0.));
#3221 = VECTOR('',#3222,1.);
#3222 = DIRECTION('',(0.,1.));
#3223 = ( GEOMETRIC_REPRESENTATION_CONTEXT(2) 
PARAMETRIC_REPRESENTATION_CONTEXT() REPRESENTATION_CONTEXT('2D SPACE',''
  ) );
#3224 = ORIENTED_EDGE('',*,*,#3225,.F.);
#3225 = EDGE_CURVE('',#3226,#3203,#3228,.T.);
#3226 = VERTEX_POINT('',#3227);
#3227 = CARTESIAN_POINT('',(-2.6,55.6,6.5));
#3228 = SURFACE_CURVE('',#3229,(#3233,#3240),.PCURVE_S1.);
#3229 = LINE('',#3230,#3231);
#3230 = CARTESIAN_POINT('',(-2.6,53.9,6.5));
#3231 = VECTOR('',#3232,1.);
#3232 = DIRECTION('',(0.,1.,0.));
#3233 = PCURVE('',#2039,#3234);
#3234 = DEFINITIONAL_REPRESENTATION('',(#3235),#3239);
#3235 = LINE('',#3236,#3237);
#3236 = CARTESIAN_POINT('',(0.,0.));
#3237 = VECTOR('',#3238,1.);
#3238 = DIRECTION('',(0.,1.));
#3239 = ( GEOMETRIC_REPRESENTATION_CONTEXT(2) 
PARAMETRIC_REPRESENTATION_CONTEXT() REPRESENTATION_CONTEXT('2D SPACE',''
  ) );
#3240 = PCURVE('',#2634,#3241);
#3241 = DEFINITIONAL_REPRESENTATION('',(#3242),#3246);
#3242 = LINE('',#3243,#3244);
#3243 = CARTESIAN_POINT('',(0.,0.));
#3244 = VECTOR('',#3245,1.);
#3245 = DIRECTION('',(0.,-1.));
#3246 = ( GEOMETRIC_REPRESENTATION_CONTEXT(2) 
PARAMETRIC_REPRESENTATION_CONTEXT() REPRESENTATION_CONTEXT('2D SPACE',''
  ) );
#3247 = ORIENTED_EDGE('',*,*,#3248,.F.);
#3248 = EDGE_CURVE('',#3249,#3226,#3251,.T.);
#3249 = VERTEX_POINT('',#3250);
#3250 = CARTESIAN_POINT('',(-3.,55.6,6.5));
#3251 = SURFACE_CURVE('',#3252,(#3256,#3263),.PCURVE_S1.);
#3252 = LINE('',#3253,#3254);
#3253 = CARTESIAN_POINT('',(-3.,55.6,6.5));
#3254 = VECTOR('',#3255,1.);
#3255 = DIRECTION('',(1.,0.,0.));
#3256 = PCURVE('',#2039,#3257);
#3257 = DEFINITIONAL_REPRESENTATION('',(#3258),#3262);
#3258 = LINE('',#3259,#3260);
#3259 = CARTESIAN_POINT('',(-0.4,1.7));
#3260 = VECTOR('',#3261,1.);
#3261 = DIRECTION('',(1.,0.));
#3262 = ( GEOMETRIC_REPRESENTATION_CONTEXT(2) 
PARAMETRIC_REPRESENTATION_CONTEXT() REPRESENTATION_CONTEXT('2D SPACE',''
  ) );
#3263 = PCURVE('',#2662,#3264);
#3264 = DEFINITIONAL_REPRESENTATION('',(#3265),#3269);
#3265 = LINE('',#3266,#3267);
#3266 = CARTESIAN_POINT('',(0.,0.));
#3267 = VECTOR('',#3268,1.);
#3268 = DIRECTION('',(0.,1.));
#3269 = ( GEOMETRIC_REPRESENTATION_CONTEXT(2) 
PARAMETRIC_REPRESENTATION_CONTEXT() REPRESENTATION_CONTEXT('2D SPACE',''
  ) );
#3270 = ORIENTED_EDGE('',*,*,#3271,.F.);
#3271 = EDGE_CURVE('',#2727,#3249,#3272,.T.);
#3272 = SURFACE_CURVE('',#3273,(#3277,#3284),.PCURVE_S1.);
#3273 = LINE('',#3274,#3275);
#3274 = CARTESIAN_POINT('',(-3.,54.8,6.5));
#3275 = VECTOR('',#3276,1.);
#3276 = DIRECTION('',(0.,1.,0.));
#3277 = PCURVE('',#2039,#3278);
#3278 = DEFINITIONAL_REPRESENTATION('',(#3279),#3283);
#3279 = LINE('',#3280,#3281);
#3280 = CARTESIAN_POINT('',(-0.4,0.9));
#3281 = VECTOR('',#3282,1.);
#3282 = DIRECTION('',(0.,1.));
#3283 = ( GEOMETRIC_REPRESENTATION_CONTEXT(2) 
PARAMETRIC_REPRESENTATION_CONTEXT() REPRESENTATION_CONTEXT('2D SPACE',''
  ) );
#3284 = PCURVE('',#2690,#3285);
#3285 = DEFINITIONAL_REPRESENTATION('',(#3286),#3290);
#3286 = LINE('',#3287,#3288);
#3287 = CARTESIAN_POINT('',(0.,0.));
#3288 = VECTOR('',#3289,1.);
#3289 = DIRECTION('',(0.,-1.));
#3290 = ( GEOMETRIC_REPRESENTATION_CONTEXT(2) 
PARAMETRIC_REPRESENTATION_CONTEXT() REPRESENTATION_CONTEXT('2D SPACE',''
  ) );
#3291 = ORIENTED_EDGE('',*,*,#2726,.T.);
#3292 = ADVANCED_FACE('',(#3293),#2011,.T.);
#3293 = FACE_BOUND('',#3294,.T.);
#3294 = EDGE_LOOP('',(#3295,#3296,#3317,#3318));
#3295 = ORIENTED_EDGE('',*,*,#2776,.T.);
#3296 = ORIENTED_EDGE('',*,*,#3297,.T.);
#3297 = EDGE_CURVE('',#2777,#2080,#3298,.T.);
#3298 = SURFACE_CURVE('',#3299,(#3303,#3310),.PCURVE_S1.);
#3299 = LINE('',#3300,#3301);
#3300 = CARTESIAN_POINT('',(-2.,53.9,6.5));
#3301 = VECTOR('',#3302,1.);
#3302 = DIRECTION('',(0.,0.,1.));
#3303 = PCURVE('',#2011,#3304);
#3304 = DEFINITIONAL_REPRESENTATION('',(#3305),#3309);
#3305 = LINE('',#3306,#3307);
#3306 = CARTESIAN_POINT('',(1.570796326795,0.));
#3307 = VECTOR('',#3308,1.);
#3308 = DIRECTION('',(0.,1.));
#3309 = ( GEOMETRIC_REPRESENTATION_CONTEXT(2) 
PARAMETRIC_REPRESENTATION_CONTEXT() REPRESENTATION_CONTEXT('2D SPACE',''
  ) );
#3310 = PCURVE('',#2119,#3311);
#3311 = DEFINITIONAL_REPRESENTATION('',(#3312),#3316);
#3312 = LINE('',#3313,#3314);
#3313 = CARTESIAN_POINT('',(0.,0.6));
#3314 = VECTOR('',#3315,1.);
#3315 = DIRECTION('',(1.,0.));
#3316 = ( GEOMETRIC_REPRESENTATION_CONTEXT(2) 
PARAMETRIC_REPRESENTATION_CONTEXT() REPRESENTATION_CONTEXT('2D SPACE',''
  ) );
#3317 = ORIENTED_EDGE('',*,*,#2079,.F.);
#3318 = ORIENTED_EDGE('',*,*,#1995,.F.);
#3319 = ADVANCED_FACE('',(#3320),#2690,.F.);
#3320 = FACE_BOUND('',#3321,.F.);
#3321 = EDGE_LOOP('',(#3322,#3323,#3324,#3345));
#3322 = ORIENTED_EDGE('',*,*,#2749,.F.);
#3323 = ORIENTED_EDGE('',*,*,#3271,.T.);
#3324 = ORIENTED_EDGE('',*,*,#3325,.T.);
#3325 = EDGE_CURVE('',#3249,#2647,#3326,.T.);
#3326 = SURFACE_CURVE('',#3327,(#3331,#3338),.PCURVE_S1.);
#3327 = LINE('',#3328,#3329);
#3328 = CARTESIAN_POINT('',(-3.,55.6,6.5));
#3329 = VECTOR('',#3330,1.);
#3330 = DIRECTION('',(0.,0.,1.));
#3331 = PCURVE('',#2690,#3332);
#3332 = DEFINITIONAL_REPRESENTATION('',(#3333),#3337);
#3333 = LINE('',#3334,#3335);
#3334 = CARTESIAN_POINT('',(0.,-0.8));
#3335 = VECTOR('',#3336,1.);
#3336 = DIRECTION('',(1.,0.));
#3337 = ( GEOMETRIC_REPRESENTATION_CONTEXT(2) 
PARAMETRIC_REPRESENTATION_CONTEXT() REPRESENTATION_CONTEXT('2D SPACE',''
  ) );
#3338 = PCURVE('',#2662,#3339);
#3339 = DEFINITIONAL_REPRESENTATION('',(#3340),#3344);
#3340 = LINE('',#3341,#3342);
#3341 = CARTESIAN_POINT('',(0.,0.));
#3342 = VECTOR('',#3343,1.);
#3343 = DIRECTION('',(1.,0.));
#3344 = ( GEOMETRIC_REPRESENTATION_CONTEXT(2) 
PARAMETRIC_REPRESENTATION_CONTEXT() REPRESENTATION_CONTEXT('2D SPACE',''
  ) );
#3345 = ORIENTED_EDGE('',*,*,#2674,.F.);
#3346 = ADVANCED_FACE('',(#3347),#2662,.T.);
#3347 = FACE_BOUND('',#3348,.T.);
#3348 = EDGE_LOOP('',(#3349,#3350,#3351,#3352));
#3349 = ORIENTED_EDGE('',*,*,#3248,.F.);
#3350 = ORIENTED_EDGE('',*,*,#3325,.T.);
#3351 = ORIENTED_EDGE('',*,*,#2646,.T.);
#3352 = ORIENTED_EDGE('',*,*,#3353,.F.);
#3353 = EDGE_CURVE('',#3226,#2619,#3354,.T.);
#3354 = SURFACE_CURVE('',#3355,(#3359,#3365),.PCURVE_S1.);
#3355 = LINE('',#3356,#3357);
#3356 = CARTESIAN_POINT('',(-2.6,55.6,6.5));
#3357 = VECTOR('',#3358,1.);
#3358 = DIRECTION('',(0.,0.,1.));
#3359 = PCURVE('',#2662,#3360);
#3360 = DEFINITIONAL_REPRESENTATION('',(#3361),#3364);
#3361 = B_SPLINE_CURVE_WITH_KNOTS('',1,(#3362,#3363),.UNSPECIFIED.,.F.,
  .F.,(2,2),(0.,4.),.PIECEWISE_BEZIER_KNOTS.);
#3362 = CARTESIAN_POINT('',(0.,0.4));
#3363 = CARTESIAN_POINT('',(4.,0.4));
#3364 = ( GEOMETRIC_REPRESENTATION_CONTEXT(2) 
PARAMETRIC_REPRESENTATION_CONTEXT() REPRESENTATION_CONTEXT('2D SPACE',''
  ) );
#3365 = PCURVE('',#2634,#3366);
#3366 = DEFINITIONAL_REPRESENTATION('',(#3367),#3370);
#3367 = B_SPLINE_CURVE_WITH_KNOTS('',1,(#3368,#3369),.UNSPECIFIED.,.F.,
  .F.,(2,2),(0.,4.),.PIECEWISE_BEZIER_KNOTS.);
#3368 = CARTESIAN_POINT('',(0.,-1.7));
#3369 = CARTESIAN_POINT('',(4.,-1.7));
#3370 = ( GEOMETRIC_REPRESENTATION_CONTEXT(2) 
PARAMETRIC_REPRESENTATION_CONTEXT() REPRESENTATION_CONTEXT('2D SPACE',''
  ) );
#3371 = ADVANCED_FACE('',(#3372),#2634,.F.);
#3372 = FACE_BOUND('',#3373,.F.);
#3373 = EDGE_LOOP('',(#3374,#3375,#3376,#3377));
#3374 = ORIENTED_EDGE('',*,*,#2618,.F.);
#3375 = ORIENTED_EDGE('',*,*,#3353,.F.);
#3376 = ORIENTED_EDGE('',*,*,#3225,.T.);
#3377 = ORIENTED_EDGE('',*,*,#3378,.T.);
#3378 = EDGE_CURVE('',#3203,#2591,#3379,.T.);
#3379 = SURFACE_CURVE('',#3380,(#3384,#3390),.PCURVE_S1.);
#3380 = LINE('',#3381,#3382);
#3381 = CARTESIAN_POINT('',(-2.6,57.,6.5));
#3382 = VECTOR('',#3383,1.);
#3383 = DIRECTION('',(0.,0.,1.));
#3384 = PCURVE('',#2634,#3385);
#3385 = DEFINITIONAL_REPRESENTATION('',(#3386),#3389);
#3386 = B_SPLINE_CURVE_WITH_KNOTS('',1,(#3387,#3388),.UNSPECIFIED.,.F.,
  .F.,(2,2),(0.,4.),.PIECEWISE_BEZIER_KNOTS.);
#3387 = CARTESIAN_POINT('',(0.,-3.1));
#3388 = CARTESIAN_POINT('',(4.,-3.1));
#3389 = ( GEOMETRIC_REPRESENTATION_CONTEXT(2) 
PARAMETRIC_REPRESENTATION_CONTEXT() REPRESENTATION_CONTEXT('2D SPACE',''
  ) );
#3390 = PCURVE('',#2606,#3391);
#3391 = DEFINITIONAL_REPRESENTATION('',(#3392),#3395);
#3392 = B_SPLINE_CURVE_WITH_KNOTS('',1,(#3393,#3394),.UNSPECIFIED.,.F.,
  .F.,(2,2),(0.,4.),.PIECEWISE_BEZIER_KNOTS.);
#3393 = CARTESIAN_POINT('',(0.,0.4));
#3394 = CARTESIAN_POINT('',(4.,0.4));
#3395 = ( GEOMETRIC_REPRESENTATION_CONTEXT(2) 
PARAMETRIC_REPRESENTATION_CONTEXT() REPRESENTATION_CONTEXT('2D SPACE',''
  ) );
#3396 = ADVANCED_FACE('',(#3397),#2606,.F.);
#3397 = FACE_BOUND('',#3398,.F.);
#3398 = EDGE_LOOP('',(#3399,#3400,#3421,#3422));
#3399 = ORIENTED_EDGE('',*,*,#3202,.F.);
#3400 = ORIENTED_EDGE('',*,*,#3401,.T.);
#3401 = EDGE_CURVE('',#3180,#2563,#3402,.T.);
#3402 = SURFACE_CURVE('',#3403,(#3407,#3414),.PCURVE_S1.);
#3403 = LINE('',#3404,#3405);
#3404 = CARTESIAN_POINT('',(-3.,57.,6.5));
#3405 = VECTOR('',#3406,1.);
#3406 = DIRECTION('',(0.,0.,1.));
#3407 = PCURVE('',#2606,#3408);
#3408 = DEFINITIONAL_REPRESENTATION('',(#3409),#3413);
#3409 = LINE('',#3410,#3411);
#3410 = CARTESIAN_POINT('',(0.,0.));
#3411 = VECTOR('',#3412,1.);
#3412 = DIRECTION('',(1.,0.));
#3413 = ( GEOMETRIC_REPRESENTATION_CONTEXT(2) 
PARAMETRIC_REPRESENTATION_CONTEXT() REPRESENTATION_CONTEXT('2D SPACE',''
  ) );
#3414 = PCURVE('',#2578,#3415);
#3415 = DEFINITIONAL_REPRESENTATION('',(#3416),#3420);
#3416 = LINE('',#3417,#3418);
#3417 = CARTESIAN_POINT('',(0.,0.));
#3418 = VECTOR('',#3419,1.);
#3419 = DIRECTION('',(1.,0.));
#3420 = ( GEOMETRIC_REPRESENTATION_CONTEXT(2) 
PARAMETRIC_REPRESENTATION_CONTEXT() REPRESENTATION_CONTEXT('2D SPACE',''
  ) );
#3421 = ORIENTED_EDGE('',*,*,#2590,.T.);
#3422 = ORIENTED_EDGE('',*,*,#3378,.F.);
#3423 = ADVANCED_FACE('',(#3424),#2578,.F.);
#3424 = FACE_BOUND('',#3425,.F.);
#3425 = EDGE_LOOP('',(#3426,#3427,#3428,#3449));
#3426 = ORIENTED_EDGE('',*,*,#3401,.F.);
#3427 = ORIENTED_EDGE('',*,*,#3179,.T.);
#3428 = ORIENTED_EDGE('',*,*,#3429,.T.);
#3429 = EDGE_CURVE('',#3157,#2535,#3430,.T.);
#3430 = SURFACE_CURVE('',#3431,(#3435,#3442),.PCURVE_S1.);
#3431 = LINE('',#3432,#3433);
#3432 = CARTESIAN_POINT('',(-3.,57.8,6.5));
#3433 = VECTOR('',#3434,1.);
#3434 = DIRECTION('',(0.,0.,1.));
#3435 = PCURVE('',#2578,#3436);
#3436 = DEFINITIONAL_REPRESENTATION('',(#3437),#3441);
#3437 = LINE('',#3438,#3439);
#3438 = CARTESIAN_POINT('',(0.,-0.8));
#3439 = VECTOR('',#3440,1.);
#3440 = DIRECTION('',(1.,0.));
#3441 = ( GEOMETRIC_REPRESENTATION_CONTEXT(2) 
PARAMETRIC_REPRESENTATION_CONTEXT() REPRESENTATION_CONTEXT('2D SPACE',''
  ) );
#3442 = PCURVE('',#2550,#3443);
#3443 = DEFINITIONAL_REPRESENTATION('',(#3444),#3448);
#3444 = LINE('',#3445,#3446);
#3445 = CARTESIAN_POINT('',(0.,0.));
#3446 = VECTOR('',#3447,1.);
#3447 = DIRECTION('',(1.,0.));
#3448 = ( GEOMETRIC_REPRESENTATION_CONTEXT(2) 
PARAMETRIC_REPRESENTATION_CONTEXT() REPRESENTATION_CONTEXT('2D SPACE',''
  ) );
#3449 = ORIENTED_EDGE('',*,*,#2562,.F.);
#3450 = ADVANCED_FACE('',(#3451),#2550,.T.);
#3451 = FACE_BOUND('',#3452,.T.);
#3452 = EDGE_LOOP('',(#3453,#3454,#3455,#3456));
#3453 = ORIENTED_EDGE('',*,*,#3156,.F.);
#3454 = ORIENTED_EDGE('',*,*,#3429,.T.);
#3455 = ORIENTED_EDGE('',*,*,#2534,.T.);
#3456 = ORIENTED_EDGE('',*,*,#3457,.F.);
#3457 = EDGE_CURVE('',#3134,#2507,#3458,.T.);
#3458 = SURFACE_CURVE('',#3459,(#3463,#3469),.PCURVE_S1.);
#3459 = LINE('',#3460,#3461);
#3460 = CARTESIAN_POINT('',(-2.6,57.8,6.5));
#3461 = VECTOR('',#3462,1.);
#3462 = DIRECTION('',(0.,0.,1.));
#3463 = PCURVE('',#2550,#3464);
#3464 = DEFINITIONAL_REPRESENTATION('',(#3465),#3468);
#3465 = B_SPLINE_CURVE_WITH_KNOTS('',1,(#3466,#3467),.UNSPECIFIED.,.F.,
  .F.,(2,2),(0.,4.),.PIECEWISE_BEZIER_KNOTS.);
#3466 = CARTESIAN_POINT('',(0.,0.4));
#3467 = CARTESIAN_POINT('',(4.,0.4));
#3468 = ( GEOMETRIC_REPRESENTATION_CONTEXT(2) 
PARAMETRIC_REPRESENTATION_CONTEXT() REPRESENTATION_CONTEXT('2D SPACE',''
  ) );
#3469 = PCURVE('',#2522,#3470);
#3470 = DEFINITIONAL_REPRESENTATION('',(#3471),#3474);
#3471 = B_SPLINE_CURVE_WITH_KNOTS('',1,(#3472,#3473),.UNSPECIFIED.,.F.,
  .F.,(2,2),(0.,4.),.PIECEWISE_BEZIER_KNOTS.);
#3472 = CARTESIAN_POINT('',(0.,-3.9));
#3473 = CARTESIAN_POINT('',(4.,-3.9));
#3474 = ( GEOMETRIC_REPRESENTATION_CONTEXT(2) 
PARAMETRIC_REPRESENTATION_CONTEXT() REPRESENTATION_CONTEXT('2D SPACE',''
  ) );
#3475 = ADVANCED_FACE('',(#3476),#2522,.F.);
#3476 = FACE_BOUND('',#3477,.F.);
#3477 = EDGE_LOOP('',(#3478,#3479,#3480,#3481));
#3478 = ORIENTED_EDGE('',*,*,#2506,.F.);
#3479 = ORIENTED_EDGE('',*,*,#3457,.F.);
#3480 = ORIENTED_EDGE('',*,*,#3133,.T.);
#3481 = ORIENTED_EDGE('',*,*,#3482,.T.);
#3482 = EDGE_CURVE('',#3111,#2479,#3483,.T.);
#3483 = SURFACE_CURVE('',#3484,(#3488,#3494),.PCURVE_S1.);
#3484 = LINE('',#3485,#3486);
#3485 = CARTESIAN_POINT('',(-2.6,59.2,6.5));
#3486 = VECTOR('',#3487,1.);
#3487 = DIRECTION('',(0.,0.,1.));
#3488 = PCURVE('',#2522,#3489);
#3489 = DEFINITIONAL_REPRESENTATION('',(#3490),#3493);
#3490 = B_SPLINE_CURVE_WITH_KNOTS('',1,(#3491,#3492),.UNSPECIFIED.,.F.,
  .F.,(2,2),(0.,4.),.PIECEWISE_BEZIER_KNOTS.);
#3491 = CARTESIAN_POINT('',(0.,-5.3));
#3492 = CARTESIAN_POINT('',(4.,-5.3));
#3493 = ( GEOMETRIC_REPRESENTATION_CONTEXT(2) 
PARAMETRIC_REPRESENTATION_CONTEXT() REPRESENTATION_CONTEXT('2D SPACE',''
  ) );
#3494 = PCURVE('',#2494,#3495);
#3495 = DEFINITIONAL_REPRESENTATION('',(#3496),#3499);
#3496 = B_SPLINE_CURVE_WITH_KNOTS('',1,(#3497,#3498),.UNSPECIFIED.,.F.,
  .F.,(2,2),(0.,4.),.PIECEWISE_BEZIER_KNOTS.);
#3497 = CARTESIAN_POINT('',(0.,0.4));
#3498 = CARTESIAN_POINT('',(4.,0.4));
#3499 = ( GEOMETRIC_REPRESENTATION_CONTEXT(2) 
PARAMETRIC_REPRESENTATION_CONTEXT() REPRESENTATION_CONTEXT('2D SPACE',''
  ) );
#3500 = ADVANCED_FACE('',(#3501),#2494,.F.);
#3501 = FACE_BOUND('',#3502,.F.);
#3502 = EDGE_LOOP('',(#3503,#3504,#3525,#3526));
#3503 = ORIENTED_EDGE('',*,*,#3110,.F.);
#3504 = ORIENTED_EDGE('',*,*,#3505,.T.);
#3505 = EDGE_CURVE('',#3088,#2451,#3506,.T.);
#3506 = SURFACE_CURVE('',#3507,(#3511,#3518),.PCURVE_S1.);
#3507 = LINE('',#3508,#3509);
#3508 = CARTESIAN_POINT('',(-3.,59.2,6.5));
#3509 = VECTOR('',#3510,1.);
#3510 = DIRECTION('',(0.,0.,1.));
#3511 = PCURVE('',#2494,#3512);
#3512 = DEFINITIONAL_REPRESENTATION('',(#3513),#3517);
#3513 = LINE('',#3514,#3515);
#3514 = CARTESIAN_POINT('',(0.,0.));
#3515 = VECTOR('',#3516,1.);
#3516 = DIRECTION('',(1.,0.));
#3517 = ( GEOMETRIC_REPRESENTATION_CONTEXT(2) 
PARAMETRIC_REPRESENTATION_CONTEXT() REPRESENTATION_CONTEXT('2D SPACE',''
  ) );
#3518 = PCURVE('',#2466,#3519);
#3519 = DEFINITIONAL_REPRESENTATION('',(#3520),#3524);
#3520 = LINE('',#3521,#3522);
#3521 = CARTESIAN_POINT('',(0.,0.));
#3522 = VECTOR('',#3523,1.);
#3523 = DIRECTION('',(1.,0.));
#3524 = ( GEOMETRIC_REPRESENTATION_CONTEXT(2) 
PARAMETRIC_REPRESENTATION_CONTEXT() REPRESENTATION_CONTEXT('2D SPACE',''
  ) );
#3525 = ORIENTED_EDGE('',*,*,#2478,.T.);
#3526 = ORIENTED_EDGE('',*,*,#3482,.F.);
#3527 = ADVANCED_FACE('',(#3528),#2466,.F.);
#3528 = FACE_BOUND('',#3529,.F.);
#3529 = EDGE_LOOP('',(#3530,#3531,#3532,#3553));
#3530 = ORIENTED_EDGE('',*,*,#3505,.F.);
#3531 = ORIENTED_EDGE('',*,*,#3087,.T.);
#3532 = ORIENTED_EDGE('',*,*,#3533,.T.);
#3533 = EDGE_CURVE('',#3065,#2423,#3534,.T.);
#3534 = SURFACE_CURVE('',#3535,(#3539,#3546),.PCURVE_S1.);
#3535 = LINE('',#3536,#3537);
#3536 = CARTESIAN_POINT('',(-3.,60.,6.5));
#3537 = VECTOR('',#3538,1.);
#3538 = DIRECTION('',(0.,0.,1.));
#3539 = PCURVE('',#2466,#3540);
#3540 = DEFINITIONAL_REPRESENTATION('',(#3541),#3545);
#3541 = LINE('',#3542,#3543);
#3542 = CARTESIAN_POINT('',(0.,-0.8));
#3543 = VECTOR('',#3544,1.);
#3544 = DIRECTION('',(1.,0.));
#3545 = ( GEOMETRIC_REPRESENTATION_CONTEXT(2) 
PARAMETRIC_REPRESENTATION_CONTEXT() REPRESENTATION_CONTEXT('2D SPACE',''
  ) );
#3546 = PCURVE('',#2438,#3547);
#3547 = DEFINITIONAL_REPRESENTATION('',(#3548),#3552);
#3548 = LINE('',#3549,#3550);
#3549 = CARTESIAN_POINT('',(0.,0.));
#3550 = VECTOR('',#3551,1.);
#3551 = DIRECTION('',(1.,0.));
#3552 = ( GEOMETRIC_REPRESENTATION_CONTEXT(2) 
PARAMETRIC_REPRESENTATION_CONTEXT() REPRESENTATION_CONTEXT('2D SPACE',''
  ) );
#3553 = ORIENTED_EDGE('',*,*,#2450,.F.);
#3554 = ADVANCED_FACE('',(#3555),#2438,.T.);
#3555 = FACE_BOUND('',#3556,.T.);
#3556 = EDGE_LOOP('',(#3557,#3558,#3559,#3560));
#3557 = ORIENTED_EDGE('',*,*,#3064,.F.);
#3558 = ORIENTED_EDGE('',*,*,#3533,.T.);
#3559 = ORIENTED_EDGE('',*,*,#2422,.T.);
#3560 = ORIENTED_EDGE('',*,*,#3561,.F.);
#3561 = EDGE_CURVE('',#3042,#2395,#3562,.T.);
#3562 = SURFACE_CURVE('',#3563,(#3567,#3573),.PCURVE_S1.);
#3563 = LINE('',#3564,#3565);
#3564 = CARTESIAN_POINT('',(-2.6,60.,6.5));
#3565 = VECTOR('',#3566,1.);
#3566 = DIRECTION('',(0.,0.,1.));
#3567 = PCURVE('',#2438,#3568);
#3568 = DEFINITIONAL_REPRESENTATION('',(#3569),#3572);
#3569 = B_SPLINE_CURVE_WITH_KNOTS('',1,(#3570,#3571),.UNSPECIFIED.,.F.,
  .F.,(2,2),(0.,4.),.PIECEWISE_BEZIER_KNOTS.);
#3570 = CARTESIAN_POINT('',(0.,0.4));
#3571 = CARTESIAN_POINT('',(4.,0.4));
#3572 = ( GEOMETRIC_REPRESENTATION_CONTEXT(2) 
PARAMETRIC_REPRESENTATION_CONTEXT() REPRESENTATION_CONTEXT('2D SPACE',''
  ) );
#3573 = PCURVE('',#2410,#3574);
#3574 = DEFINITIONAL_REPRESENTATION('',(#3575),#3578);
#3575 = B_SPLINE_CURVE_WITH_KNOTS('',1,(#3576,#3577),.UNSPECIFIED.,.F.,
  .F.,(2,2),(0.,4.),.PIECEWISE_BEZIER_KNOTS.);
#3576 = CARTESIAN_POINT('',(0.,-6.1));
#3577 = CARTESIAN_POINT('',(4.,-6.1));
#3578 = ( GEOMETRIC_REPRESENTATION_CONTEXT(2) 
PARAMETRIC_REPRESENTATION_CONTEXT() REPRESENTATION_CONTEXT('2D SPACE',''
  ) );
#3579 = ADVANCED_FACE('',(#3580),#2410,.F.);
#3580 = FACE_BOUND('',#3581,.F.);
#3581 = EDGE_LOOP('',(#3582,#3583,#3584,#3585));
#3582 = ORIENTED_EDGE('',*,*,#2394,.F.);
#3583 = ORIENTED_EDGE('',*,*,#3561,.F.);
#3584 = ORIENTED_EDGE('',*,*,#3041,.T.);
#3585 = ORIENTED_EDGE('',*,*,#3586,.T.);
#3586 = EDGE_CURVE('',#3019,#2367,#3587,.T.);
#3587 = SURFACE_CURVE('',#3588,(#3592,#3598),.PCURVE_S1.);
#3588 = LINE('',#3589,#3590);
#3589 = CARTESIAN_POINT('',(-2.6,61.4,6.5));
#3590 = VECTOR('',#3591,1.);
#3591 = DIRECTION('',(0.,0.,1.));
#3592 = PCURVE('',#2410,#3593);
#3593 = DEFINITIONAL_REPRESENTATION('',(#3594),#3597);
#3594 = B_SPLINE_CURVE_WITH_KNOTS('',1,(#3595,#3596),.UNSPECIFIED.,.F.,
  .F.,(2,2),(0.,4.),.PIECEWISE_BEZIER_KNOTS.);
#3595 = CARTESIAN_POINT('',(0.,-7.5));
#3596 = CARTESIAN_POINT('',(4.,-7.5));
#3597 = ( GEOMETRIC_REPRESENTATION_CONTEXT(2) 
PARAMETRIC_REPRESENTATION_CONTEXT() REPRESENTATION_CONTEXT('2D SPACE',''
  ) );
#3598 = PCURVE('',#2382,#3599);
#3599 = DEFINITIONAL_REPRESENTATION('',(#3600),#3603);
#3600 = B_SPLINE_CURVE_WITH_KNOTS('',1,(#3601,#3602),.UNSPECIFIED.,.F.,
  .F.,(2,2),(0.,4.),.PIECEWISE_BEZIER_KNOTS.);
#3601 = CARTESIAN_POINT('',(0.,0.4));
#3602 = CARTESIAN_POINT('',(4.,0.4));
#3603 = ( GEOMETRIC_REPRESENTATION_CONTEXT(2) 
PARAMETRIC_REPRESENTATION_CONTEXT() REPRESENTATION_CONTEXT('2D SPACE',''
  ) );
#3604 = ADVANCED_FACE('',(#3605),#2298,.F.);
#3605 = FACE_BOUND('',#3606,.F.);
#3606 = EDGE_LOOP('',(#3607,#3608,#3627,#3628));
#3607 = ORIENTED_EDGE('',*,*,#2282,.F.);
#3608 = ORIENTED_EDGE('',*,*,#3609,.F.);
#3609 = EDGE_CURVE('',#2950,#2283,#3610,.T.);
#3610 = SURFACE_CURVE('',#3611,(#3615,#3621),.PCURVE_S1.);
#3611 = LINE('',#3612,#3613);
#3612 = CARTESIAN_POINT('',(-2.6,62.2,6.5));
#3613 = VECTOR('',#3614,1.);
#3614 = DIRECTION('',(0.,0.,1.));
#3615 = PCURVE('',#2298,#3616);
#3616 = DEFINITIONAL_REPRESENTATION('',(#3617),#3620);
#3617 = B_SPLINE_CURVE_WITH_KNOTS('',1,(#3618,#3619),.UNSPECIFIED.,.F.,
  .F.,(2,2),(0.,4.),.PIECEWISE_BEZIER_KNOTS.);
#3618 = CARTESIAN_POINT('',(0.,-8.3));
#3619 = CARTESIAN_POINT('',(4.,-8.3));
#3620 = ( GEOMETRIC_REPRESENTATION_CONTEXT(2) 
PARAMETRIC_REPRESENTATION_CONTEXT() REPRESENTATION_CONTEXT('2D SPACE',''
  ) );
#3621 = PCURVE('',#2326,#3622);
#3622 = DEFINITIONAL_REPRESENTATION('',(#3623),#3626);
#3623 = B_SPLINE_CURVE_WITH_KNOTS('',1,(#3624,#3625),.UNSPECIFIED.,.F.,
  .F.,(2,2),(0.,4.),.PIECEWISE_BEZIER_KNOTS.);
#3624 = CARTESIAN_POINT('',(0.,0.4));
#3625 = CARTESIAN_POINT('',(4.,0.4));
#3626 = ( GEOMETRIC_REPRESENTATION_CONTEXT(2) 
PARAMETRIC_REPRESENTATION_CONTEXT() REPRESENTATION_CONTEXT('2D SPACE',''
  ) );
#3627 = ORIENTED_EDGE('',*,*,#2949,.T.);
#3628 = ORIENTED_EDGE('',*,*,#3629,.T.);
#3629 = EDGE_CURVE('',#2922,#2250,#3630,.T.);
#3630 = SURFACE_CURVE('',#3631,(#3635,#3642),.PCURVE_S1.);
#3631 = LINE('',#3632,#3633);
#3632 = CARTESIAN_POINT('',(-2.6,62.3,6.5));
#3633 = VECTOR('',#3634,1.);
#3634 = DIRECTION('',(0.,0.,1.));
#3635 = PCURVE('',#2298,#3636);
#3636 = DEFINITIONAL_REPRESENTATION('',(#3637),#3641);
#3637 = LINE('',#3638,#3639);
#3638 = CARTESIAN_POINT('',(0.,-8.4));
#3639 = VECTOR('',#3640,1.);
#3640 = DIRECTION('',(1.,0.));
#3641 = ( GEOMETRIC_REPRESENTATION_CONTEXT(2) 
PARAMETRIC_REPRESENTATION_CONTEXT() REPRESENTATION_CONTEXT('2D SPACE',''
  ) );
#3642 = PCURVE('',#2270,#3643);
#3643 = DEFINITIONAL_REPRESENTATION('',(#3644),#3648);
#3644 = LINE('',#3645,#3646);
#3645 = CARTESIAN_POINT('',(-0.,0.));
#3646 = VECTOR('',#3647,1.);
#3647 = DIRECTION('',(-0.,1.));
#3648 = ( GEOMETRIC_REPRESENTATION_CONTEXT(2) 
PARAMETRIC_REPRESENTATION_CONTEXT() REPRESENTATION_CONTEXT('2D SPACE',''
  ) );
#3649 = ADVANCED_FACE('',(#3650),#2270,.T.);
#3650 = FACE_BOUND('',#3651,.F.);
#3651 = EDGE_LOOP('',(#3652,#3653,#3674,#3675));
#3652 = ORIENTED_EDGE('',*,*,#2921,.T.);
#3653 = ORIENTED_EDGE('',*,*,#3654,.T.);
#3654 = EDGE_CURVE('',#2899,#2222,#3655,.T.);
#3655 = SURFACE_CURVE('',#3656,(#3660,#3667),.PCURVE_S1.);
#3656 = LINE('',#3657,#3658);
#3657 = CARTESIAN_POINT('',(-2.,62.9,6.5));
#3658 = VECTOR('',#3659,1.);
#3659 = DIRECTION('',(0.,0.,1.));
#3660 = PCURVE('',#2270,#3661);
#3661 = DEFINITIONAL_REPRESENTATION('',(#3662),#3666);
#3662 = LINE('',#3663,#3664);
#3663 = CARTESIAN_POINT('',(-1.570796326795,0.));
#3664 = VECTOR('',#3665,1.);
#3665 = DIRECTION('',(-0.,1.));
#3666 = ( GEOMETRIC_REPRESENTATION_CONTEXT(2) 
PARAMETRIC_REPRESENTATION_CONTEXT() REPRESENTATION_CONTEXT('2D SPACE',''
  ) );
#3667 = PCURVE('',#2237,#3668);
#3668 = DEFINITIONAL_REPRESENTATION('',(#3669),#3673);
#3669 = LINE('',#3670,#3671);
#3670 = CARTESIAN_POINT('',(0.,0.6));
#3671 = VECTOR('',#3672,1.);
#3672 = DIRECTION('',(1.,0.));
#3673 = ( GEOMETRIC_REPRESENTATION_CONTEXT(2) 
PARAMETRIC_REPRESENTATION_CONTEXT() REPRESENTATION_CONTEXT('2D SPACE',''
  ) );
#3674 = ORIENTED_EDGE('',*,*,#2249,.F.);
#3675 = ORIENTED_EDGE('',*,*,#3629,.F.);
#3676 = ADVANCED_FACE('',(#3677),#2237,.T.);
#3677 = FACE_BOUND('',#3678,.T.);
#3678 = EDGE_LOOP('',(#3679,#3680,#3681,#3682));
#3679 = ORIENTED_EDGE('',*,*,#2898,.F.);
#3680 = ORIENTED_EDGE('',*,*,#3654,.T.);
#3681 = ORIENTED_EDGE('',*,*,#2221,.T.);
#3682 = ORIENTED_EDGE('',*,*,#3683,.F.);
#3683 = EDGE_CURVE('',#2875,#2193,#3684,.T.);
#3684 = SURFACE_CURVE('',#3685,(#3689,#3696),.PCURVE_S1.);
#3685 = LINE('',#3686,#3687);
#3686 = CARTESIAN_POINT('',(-1.8,62.9,6.5));
#3687 = VECTOR('',#3688,1.);
#3688 = DIRECTION('',(0.,0.,1.));
#3689 = PCURVE('',#2237,#3690);
#3690 = DEFINITIONAL_REPRESENTATION('',(#3691),#3695);
#3691 = LINE('',#3692,#3693);
#3692 = CARTESIAN_POINT('',(0.,0.8));
#3693 = VECTOR('',#3694,1.);
#3694 = DIRECTION('',(1.,0.));
#3695 = ( GEOMETRIC_REPRESENTATION_CONTEXT(2) 
PARAMETRIC_REPRESENTATION_CONTEXT() REPRESENTATION_CONTEXT('2D SPACE',''
  ) );
#3696 = PCURVE('',#2209,#3697);
#3697 = DEFINITIONAL_REPRESENTATION('',(#3698),#3702);
#3698 = LINE('',#3699,#3700);
#3699 = CARTESIAN_POINT('',(1.570796326795,0.));
#3700 = VECTOR('',#3701,1.);
#3701 = DIRECTION('',(0.,1.));
#3702 = ( GEOMETRIC_REPRESENTATION_CONTEXT(2) 
PARAMETRIC_REPRESENTATION_CONTEXT() REPRESENTATION_CONTEXT('2D SPACE',''
  ) );
#3703 = ADVANCED_FACE('',(#3704),#2209,.T.);
#3704 = FACE_BOUND('',#3705,.T.);
#3705 = EDGE_LOOP('',(#3706,#3707,#3708,#3709));
#3706 = ORIENTED_EDGE('',*,*,#2874,.T.);
#3707 = ORIENTED_EDGE('',*,*,#3683,.T.);
#3708 = ORIENTED_EDGE('',*,*,#2192,.F.);
#3709 = ORIENTED_EDGE('',*,*,#3710,.F.);
#3710 = EDGE_CURVE('',#2852,#2165,#3711,.T.);
#3711 = SURFACE_CURVE('',#3712,(#3716,#3723),.PCURVE_S1.);
#3712 = LINE('',#3713,#3714);
#3713 = CARTESIAN_POINT('',(-1.2,62.3,6.5));
#3714 = VECTOR('',#3715,1.);
#3715 = DIRECTION('',(0.,0.,1.));
#3716 = PCURVE('',#2209,#3717);
#3717 = DEFINITIONAL_REPRESENTATION('',(#3718),#3722);
#3718 = LINE('',#3719,#3720);
#3719 = CARTESIAN_POINT('',(0.,0.));
#3720 = VECTOR('',#3721,1.);
#3721 = DIRECTION('',(0.,1.));
#3722 = ( GEOMETRIC_REPRESENTATION_CONTEXT(2) 
PARAMETRIC_REPRESENTATION_CONTEXT() REPRESENTATION_CONTEXT('2D SPACE',''
  ) );
#3723 = PCURVE('',#2180,#3724);
#3724 = DEFINITIONAL_REPRESENTATION('',(#3725),#3729);
#3725 = LINE('',#3726,#3727);
#3726 = CARTESIAN_POINT('',(0.,-8.4));
#3727 = VECTOR('',#3728,1.);
#3728 = DIRECTION('',(1.,0.));
#3729 = ( GEOMETRIC_REPRESENTATION_CONTEXT(2) 
PARAMETRIC_REPRESENTATION_CONTEXT() REPRESENTATION_CONTEXT('2D SPACE',''
  ) );
#3730 = ADVANCED_FACE('',(#3731),#2180,.T.);
#3731 = FACE_BOUND('',#3732,.T.);
#3732 = EDGE_LOOP('',(#3733,#3734,#3755,#3756));
#3733 = ORIENTED_EDGE('',*,*,#2164,.F.);
#3734 = ORIENTED_EDGE('',*,*,#3735,.F.);
#3735 = EDGE_CURVE('',#2824,#2132,#3736,.T.);
#3736 = SURFACE_CURVE('',#3737,(#3741,#3748),.PCURVE_S1.);
#3737 = LINE('',#3738,#3739);
#3738 = CARTESIAN_POINT('',(-1.2,54.5,6.5));
#3739 = VECTOR('',#3740,1.);
#3740 = DIRECTION('',(0.,0.,1.));
#3741 = PCURVE('',#2180,#3742);
#3742 = DEFINITIONAL_REPRESENTATION('',(#3743),#3747);
#3743 = LINE('',#3744,#3745);
#3744 = CARTESIAN_POINT('',(0.,-0.6));
#3745 = VECTOR('',#3746,1.);
#3746 = DIRECTION('',(1.,0.));
#3747 = ( GEOMETRIC_REPRESENTATION_CONTEXT(2) 
PARAMETRIC_REPRESENTATION_CONTEXT() REPRESENTATION_CONTEXT('2D SPACE',''
  ) );
#3748 = PCURVE('',#2152,#3749);
#3749 = DEFINITIONAL_REPRESENTATION('',(#3750),#3754);
#3750 = LINE('',#3751,#3752);
#3751 = CARTESIAN_POINT('',(-0.,0.));
#3752 = VECTOR('',#3753,1.);
#3753 = DIRECTION('',(-0.,1.));
#3754 = ( GEOMETRIC_REPRESENTATION_CONTEXT(2) 
PARAMETRIC_REPRESENTATION_CONTEXT() REPRESENTATION_CONTEXT('2D SPACE',''
  ) );
#3755 = ORIENTED_EDGE('',*,*,#2851,.T.);
#3756 = ORIENTED_EDGE('',*,*,#3710,.T.);
#3757 = ADVANCED_FACE('',(#3758),#2152,.T.);
#3758 = FACE_BOUND('',#3759,.F.);
#3759 = EDGE_LOOP('',(#3760,#3761,#3782,#3783));
#3760 = ORIENTED_EDGE('',*,*,#2823,.T.);
#3761 = ORIENTED_EDGE('',*,*,#3762,.T.);
#3762 = EDGE_CURVE('',#2801,#2104,#3763,.T.);
#3763 = SURFACE_CURVE('',#3764,(#3768,#3775),.PCURVE_S1.);
#3764 = LINE('',#3765,#3766);
#3765 = CARTESIAN_POINT('',(-1.8,53.9,6.5));
#3766 = VECTOR('',#3767,1.);
#3767 = DIRECTION('',(0.,0.,1.));
#3768 = PCURVE('',#2152,#3769);
#3769 = DEFINITIONAL_REPRESENTATION('',(#3770),#3774);
#3770 = LINE('',#3771,#3772);
#3771 = CARTESIAN_POINT('',(-1.570796326795,0.));
#3772 = VECTOR('',#3773,1.);
#3773 = DIRECTION('',(-0.,1.));
#3774 = ( GEOMETRIC_REPRESENTATION_CONTEXT(2) 
PARAMETRIC_REPRESENTATION_CONTEXT() REPRESENTATION_CONTEXT('2D SPACE',''
  ) );
#3775 = PCURVE('',#2119,#3776);
#3776 = DEFINITIONAL_REPRESENTATION('',(#3777),#3781);
#3777 = LINE('',#3778,#3779);
#3778 = CARTESIAN_POINT('',(0.,0.8));
#3779 = VECTOR('',#3780,1.);
#3780 = DIRECTION('',(1.,0.));
#3781 = ( GEOMETRIC_REPRESENTATION_CONTEXT(2) 
PARAMETRIC_REPRESENTATION_CONTEXT() REPRESENTATION_CONTEXT('2D SPACE',''
  ) );
#3782 = ORIENTED_EDGE('',*,*,#2131,.F.);
#3783 = ORIENTED_EDGE('',*,*,#3735,.F.);
#3784 = ADVANCED_FACE('',(#3785),#2119,.F.);
#3785 = FACE_BOUND('',#3786,.F.);
#3786 = EDGE_LOOP('',(#3787,#3788,#3789,#3790));
#3787 = ORIENTED_EDGE('',*,*,#2800,.F.);
#3788 = ORIENTED_EDGE('',*,*,#3297,.T.);
#3789 = ORIENTED_EDGE('',*,*,#2103,.T.);
#3790 = ORIENTED_EDGE('',*,*,#3762,.F.);
#3791 = ADVANCED_FACE('',(#3792),#2382,.F.);
#3792 = FACE_BOUND('',#3793,.F.);
#3793 = EDGE_LOOP('',(#3794,#3795,#3816,#3817));
#3794 = ORIENTED_EDGE('',*,*,#3018,.F.);
#3795 = ORIENTED_EDGE('',*,*,#3796,.T.);
#3796 = EDGE_CURVE('',#2996,#2339,#3797,.T.);
#3797 = SURFACE_CURVE('',#3798,(#3802,#3809),.PCURVE_S1.);
#3798 = LINE('',#3799,#3800);
#3799 = CARTESIAN_POINT('',(-3.,61.4,6.5));
#3800 = VECTOR('',#3801,1.);
#3801 = DIRECTION('',(0.,0.,1.));
#3802 = PCURVE('',#2382,#3803);
#3803 = DEFINITIONAL_REPRESENTATION('',(#3804),#3808);
#3804 = LINE('',#3805,#3806);
#3805 = CARTESIAN_POINT('',(0.,0.));
#3806 = VECTOR('',#3807,1.);
#3807 = DIRECTION('',(1.,0.));
#3808 = ( GEOMETRIC_REPRESENTATION_CONTEXT(2) 
PARAMETRIC_REPRESENTATION_CONTEXT() REPRESENTATION_CONTEXT('2D SPACE',''
  ) );
#3809 = PCURVE('',#2354,#3810);
#3810 = DEFINITIONAL_REPRESENTATION('',(#3811),#3815);
#3811 = LINE('',#3812,#3813);
#3812 = CARTESIAN_POINT('',(0.,0.));
#3813 = VECTOR('',#3814,1.);
#3814 = DIRECTION('',(1.,0.));
#3815 = ( GEOMETRIC_REPRESENTATION_CONTEXT(2) 
PARAMETRIC_REPRESENTATION_CONTEXT() REPRESENTATION_CONTEXT('2D SPACE',''
  ) );
#3816 = ORIENTED_EDGE('',*,*,#2366,.T.);
#3817 = ORIENTED_EDGE('',*,*,#3586,.F.);
#3818 = ADVANCED_FACE('',(#3819),#2326,.T.);
#3819 = FACE_BOUND('',#3820,.T.);
#3820 = EDGE_LOOP('',(#3821,#3822,#3843,#3844));
#3821 = ORIENTED_EDGE('',*,*,#2972,.F.);
#3822 = ORIENTED_EDGE('',*,*,#3823,.T.);
#3823 = EDGE_CURVE('',#2973,#2311,#3824,.T.);
#3824 = SURFACE_CURVE('',#3825,(#3829,#3836),.PCURVE_S1.);
#3825 = LINE('',#3826,#3827);
#3826 = CARTESIAN_POINT('',(-3.,62.2,6.5));
#3827 = VECTOR('',#3828,1.);
#3828 = DIRECTION('',(0.,0.,1.));
#3829 = PCURVE('',#2326,#3830);
#3830 = DEFINITIONAL_REPRESENTATION('',(#3831),#3835);
#3831 = LINE('',#3832,#3833);
#3832 = CARTESIAN_POINT('',(0.,0.));
#3833 = VECTOR('',#3834,1.);
#3834 = DIRECTION('',(1.,0.));
#3835 = ( GEOMETRIC_REPRESENTATION_CONTEXT(2) 
PARAMETRIC_REPRESENTATION_CONTEXT() REPRESENTATION_CONTEXT('2D SPACE',''
  ) );
#3836 = PCURVE('',#2354,#3837);
#3837 = DEFINITIONAL_REPRESENTATION('',(#3838),#3842);
#3838 = LINE('',#3839,#3840);
#3839 = CARTESIAN_POINT('',(0.,-0.8));
#3840 = VECTOR('',#3841,1.);
#3841 = DIRECTION('',(1.,0.));
#3842 = ( GEOMETRIC_REPRESENTATION_CONTEXT(2) 
PARAMETRIC_REPRESENTATION_CONTEXT() REPRESENTATION_CONTEXT('2D SPACE',''
  ) );
#3843 = ORIENTED_EDGE('',*,*,#2310,.T.);
#3844 = ORIENTED_EDGE('',*,*,#3609,.F.);
#3845 = ADVANCED_FACE('',(#3846),#2354,.F.);
#3846 = FACE_BOUND('',#3847,.F.);
#3847 = EDGE_LOOP('',(#3848,#3849,#3850,#3851));
#3848 = ORIENTED_EDGE('',*,*,#3796,.F.);
#3849 = ORIENTED_EDGE('',*,*,#2995,.T.);
#3850 = ORIENTED_EDGE('',*,*,#3823,.T.);
#3851 = ORIENTED_EDGE('',*,*,#2338,.F.);
#3852 = ( GEOMETRIC_REPRESENTATION_CONTEXT(3) 
GLOBAL_UNCERTAINTY_ASSIGNED_CONTEXT((#3856)) 
GLOBAL_UNIT_ASSIGNED_CONTEXT((#3853,#3854,#3855)) REPRESENTATION_CONTEXT
('Context #1','3D Context with UNIT and UNCERTAINTY') );
#3853 = ( LENGTH_UNIT() NAMED_UNIT(*) SI_UNIT(.MILLI.,.METRE.) );
#3854 = ( NAMED_UNIT(*) PLANE_ANGLE_UNIT() SI_UNIT($,.RADIAN.) );
#3855 = ( NAMED_UNIT(*) SI_UNIT($,.STERADIAN.) SOLID_ANGLE_UNIT() );
#3856 = UNCERTAINTY_MEASURE_WITH_UNIT(LENGTH_MEASURE(1.E-07),#3853,
  'distance_accuracy_value','confusion accuracy');
#3857 = CONTEXT_DEPENDENT_SHAPE_REPRESENTATION(#3858,#3860);
#3858 = ( REPRESENTATION_RELATIONSHIP('','',#1953,#10) 
REPRESENTATION_RELATIONSHIP_WITH_TRANSFORMATION(#3859) 
SHAPE_REPRESENTATION_RELATIONSHIP() );
#3859 = ITEM_DEFINED_TRANSFORMATION('','',#11,#19);
#3860 = PRODUCT_DEFINITION_SHAPE('Placement','Placement of an item',
  #3861);
#3861 = NEXT_ASSEMBLY_USAGE_OCCURRENCE('2','','',#5,#1948,$);
#3862 = PRODUCT_RELATED_PRODUCT_CATEGORY('part',$,(#1950));
ENDSEC;
END-ISO-10303-21;
