ISO-10303-21;
HEADER;
FILE_DESCRIPTION(('Open CASCADE Model'),'2;1');
FILE_NAME('Open CASCADE Shape Model','2026-09-30T06:23:10',('Author'),(
    'Open CASCADE'),'Open CASCADE STEP processor 7.9','Open CASCADE 7.9'
  ,'Unknown');
FILE_SCHEMA(('AUTOMOTIVE_DESIGN { 1 0 10303 214 1 1 1 1 }'));
ENDSEC;
DATA;
#1 = APPLICATION_PROTOCOL_DEFINITION('international standard',
  'automotive_design',2000,#2);
#2 = APPLICATION_CONTEXT(
  'core data for automotive mechanical design processes');
#3 = SHAPE_DEFINITION_REPRESENTATION(#4,#10);
#4 = PRODUCT_DEFINITION_SHAPE('','',#5);
#5 = PRODUCT_DEFINITION('design','',#6,#9);
#6 = PRODUCT_DEFINITION_FORMATION('','',#7);
#7 = PRODUCT('Open CASCADE STEP translator 7.9 4',
  'Open CASCADE STEP translator 7.9 4','',(#8));
#8 = PRODUCT_CONTEXT('',#2,'mechanical');
#9 = PRODUCT_DEFINITION_CONTEXT('part definition',#2,'design');
#10 = ADVANCED_BREP_SHAPE_REPRESENTATION('',(#11,#15),#7231);
#11 = AXIS2_PLACEMENT_3D('',#12,#13,#14);
#12 = CARTESIAN_POINT('',(0.,0.,0.));
#13 = DIRECTION('',(0.,0.,1.));
#14 = DIRECTION('',(1.,0.,-0.));
#15 = MANIFOLD_SOLID_BREP('',#16);
#16 = CLOSED_SHELL('',(#17,#137,#220,#380,#663,#713,#771,#926,#1683,
    #1759,#1838,#2081,#2128,#2262,#2389,#2443,#2492,#2542,#2589,#2723,
    #2749,#2799,#2949,#3198,#3248,#3307,#3427,#3779,#3806,#3832,#3909,
    #3979,#4038,#4092,#4146,#4193,#4866,#4910,#4979,#5284,#5311,#5318,
    #5345,#5372,#5399,#5426,#5433,#5461,#5488,#5536,#5543,#5570,#6458,
    #6485,#6492,#6562,#6611,#6659,#6686,#6693,#6720,#6727,#6895,#6920,
    #6947,#6974,#7001,#7028,#7053,#7060,#7109,#7136,#7163,#7170,#7197,
    #7224));
#17 = ADVANCED_FACE('',(#18),#32,.F.);
#18 = FACE_BOUND('',#19,.F.);
#19 = EDGE_LOOP('',(#20,#55,#83,#111));
#20 = ORIENTED_EDGE('',*,*,#21,.F.);
#21 = EDGE_CURVE('',#22,#24,#26,.T.);
#22 = VERTEX_POINT('',#23);
#23 = CARTESIAN_POINT('',(-8.881784197001E-16,7.,11.));
#24 = VERTEX_POINT('',#25);
#25 = CARTESIAN_POINT('',(-4.440892098501E-16,7.,14.5));
#26 = SURFACE_CURVE('',#27,(#31,#43),.PCURVE_S1.);
#27 = LINE('',#28,#29);
#28 = CARTESIAN_POINT('',(-8.881784197001E-16,7.,11.));
#29 = VECTOR('',#30,1.);
#30 = DIRECTION('',(0.,0.,1.));
#31 = PCURVE('',#32,#37);
#32 = PLANE('',#33);
#33 = AXIS2_PLACEMENT_3D('',#34,#35,#36);
#34 = CARTESIAN_POINT('',(0.,0.,11.));
#35 = DIRECTION('',(1.,0.,0.));
#36 = DIRECTION('',(0.,0.,1.));
#37 = DEFINITIONAL_REPRESENTATION('',(#38),#42);
#38 = LINE('',#39,#40);
#39 = CARTESIAN_POINT('',(0.,-7.));
#40 = VECTOR('',#41,1.);
#41 = DIRECTION('',(1.,0.));
#42 = ( GEOMETRIC_REPRESENTATION_CONTEXT(2) 
PARAMETRIC_REPRESENTATION_CONTEXT() REPRESENTATION_CONTEXT('2D SPACE',''
  ) );
#43 = PCURVE('',#44,#49);
#44 = CYLINDRICAL_SURFACE('',#45,7.);
#45 = AXIS2_PLACEMENT_3D('',#46,#47,#48);
#46 = CARTESIAN_POINT('',(7.,7.,11.));
#47 = DIRECTION('',(0.,0.,1.));
#48 = DIRECTION('',(-1.,-0.,0.));
#49 = DEFINITIONAL_REPRESENTATION('',(#50),#54);
#50 = LINE('',#51,#52);
#51 = CARTESIAN_POINT('',(0.,0.));
#52 = VECTOR('',#53,1.);
#53 = DIRECTION('',(0.,1.));
#54 = ( GEOMETRIC_REPRESENTATION_CONTEXT(2) 
PARAMETRIC_REPRESENTATION_CONTEXT() REPRESENTATION_CONTEXT('2D SPACE',''
  ) );
#55 = ORIENTED_EDGE('',*,*,#56,.T.);
#56 = EDGE_CURVE('',#22,#57,#59,.T.);
#57 = VERTEX_POINT('',#58);
#58 = CARTESIAN_POINT('',(-8.881784197001E-16,85.4,11.));
#59 = SURFACE_CURVE('',#60,(#64,#71),.PCURVE_S1.);
#60 = LINE('',#61,#62);
#61 = CARTESIAN_POINT('',(0.,0.,11.));
#62 = VECTOR('',#63,1.);
#63 = DIRECTION('',(0.,1.,0.));
#64 = PCURVE('',#32,#65);
#65 = DEFINITIONAL_REPRESENTATION('',(#66),#70);
#66 = LINE('',#67,#68);
#67 = CARTESIAN_POINT('',(0.,0.));
#68 = VECTOR('',#69,1.);
#69 = DIRECTION('',(0.,-1.));
#70 = ( GEOMETRIC_REPRESENTATION_CONTEXT(2) 
PARAMETRIC_REPRESENTATION_CONTEXT() REPRESENTATION_CONTEXT('2D SPACE',''
  ) );
#71 = PCURVE('',#72,#77);
#72 = PLANE('',#73);
#73 = AXIS2_PLACEMENT_3D('',#74,#75,#76);
#74 = CARTESIAN_POINT('',(0.,0.,11.));
#75 = DIRECTION('',(0.,0.,1.));
#76 = DIRECTION('',(1.,0.,0.));
#77 = DEFINITIONAL_REPRESENTATION('',(#78),#82);
#78 = LINE('',#79,#80);
#79 = CARTESIAN_POINT('',(0.,0.));
#80 = VECTOR('',#81,1.);
#81 = DIRECTION('',(0.,1.));
#82 = ( GEOMETRIC_REPRESENTATION_CONTEXT(2) 
PARAMETRIC_REPRESENTATION_CONTEXT() REPRESENTATION_CONTEXT('2D SPACE',''
  ) );
#83 = ORIENTED_EDGE('',*,*,#84,.T.);
#84 = EDGE_CURVE('',#57,#85,#87,.T.);
#85 = VERTEX_POINT('',#86);
#86 = CARTESIAN_POINT('',(-4.440892098501E-16,85.4,14.5));
#87 = SURFACE_CURVE('',#88,(#92,#99),.PCURVE_S1.);
#88 = LINE('',#89,#90);
#89 = CARTESIAN_POINT('',(-8.881784197001E-16,85.4,11.));
#90 = VECTOR('',#91,1.);
#91 = DIRECTION('',(0.,0.,1.));
#92 = PCURVE('',#32,#93);
#93 = DEFINITIONAL_REPRESENTATION('',(#94),#98);
#94 = LINE('',#95,#96);
#95 = CARTESIAN_POINT('',(0.,-85.4));
#96 = VECTOR('',#97,1.);
#97 = DIRECTION('',(1.,0.));
#98 = ( GEOMETRIC_REPRESENTATION_CONTEXT(2) 
PARAMETRIC_REPRESENTATION_CONTEXT() REPRESENTATION_CONTEXT('2D SPACE',''
  ) );
#99 = PCURVE('',#100,#105);
#100 = CYLINDRICAL_SURFACE('',#101,7.);
#101 = AXIS2_PLACEMENT_3D('',#102,#103,#104);
#102 = CARTESIAN_POINT('',(7.,85.4,11.));
#103 = DIRECTION('',(0.,0.,1.));
#104 = DIRECTION('',(-1.,-0.,0.));
#105 = DEFINITIONAL_REPRESENTATION('',(#106),#110);
#106 = LINE('',#107,#108);
#107 = CARTESIAN_POINT('',(-0.,0.));
#108 = VECTOR('',#109,1.);
#109 = DIRECTION('',(-0.,1.));
#110 = ( GEOMETRIC_REPRESENTATION_CONTEXT(2) 
PARAMETRIC_REPRESENTATION_CONTEXT() REPRESENTATION_CONTEXT('2D SPACE',''
  ) );
#111 = ORIENTED_EDGE('',*,*,#112,.F.);
#112 = EDGE_CURVE('',#24,#85,#113,.T.);
#113 = SURFACE_CURVE('',#114,(#118,#125),.PCURVE_S1.);
#114 = LINE('',#115,#116);
#115 = CARTESIAN_POINT('',(-4.440892098501E-16,7.,14.5));
#116 = VECTOR('',#117,1.);
#117 = DIRECTION('',(0.,1.,0.));
#118 = PCURVE('',#32,#119);
#119 = DEFINITIONAL_REPRESENTATION('',(#120),#124);
#120 = LINE('',#121,#122);
#121 = CARTESIAN_POINT('',(3.5,-7.));
#122 = VECTOR('',#123,1.);
#123 = DIRECTION('',(0.,-1.));
#124 = ( GEOMETRIC_REPRESENTATION_CONTEXT(2) 
PARAMETRIC_REPRESENTATION_CONTEXT() REPRESENTATION_CONTEXT('2D SPACE',''
  ) );
#125 = PCURVE('',#126,#131);
#126 = CYLINDRICAL_SURFACE('',#127,2.5);
#127 = AXIS2_PLACEMENT_3D('',#128,#129,#130);
#128 = CARTESIAN_POINT('',(2.5,7.,14.5));
#129 = DIRECTION('',(0.,1.,0.));
#130 = DIRECTION('',(-1.,0.,0.));
#131 = DEFINITIONAL_REPRESENTATION('',(#132),#136);
#132 = LINE('',#133,#134);
#133 = CARTESIAN_POINT('',(0.,0.));
#134 = VECTOR('',#135,1.);
#135 = DIRECTION('',(0.,1.));
#136 = ( GEOMETRIC_REPRESENTATION_CONTEXT(2) 
PARAMETRIC_REPRESENTATION_CONTEXT() REPRESENTATION_CONTEXT('2D SPACE',''
  ) );
#137 = ADVANCED_FACE('',(#138),#44,.T.);
#138 = FACE_BOUND('',#139,.T.);
#139 = EDGE_LOOP('',(#140,#141,#165,#193));
#140 = ORIENTED_EDGE('',*,*,#21,.F.);
#141 = ORIENTED_EDGE('',*,*,#142,.T.);
#142 = EDGE_CURVE('',#22,#143,#145,.T.);
#143 = VERTEX_POINT('',#144);
#144 = CARTESIAN_POINT('',(7.,-8.881784197001E-16,11.));
#145 = SURFACE_CURVE('',#146,(#151,#158),.PCURVE_S1.);
#146 = CIRCLE('',#147,7.);
#147 = AXIS2_PLACEMENT_3D('',#148,#149,#150);
#148 = CARTESIAN_POINT('',(7.,7.,11.));
#149 = DIRECTION('',(0.,0.,1.));
#150 = DIRECTION('',(0.,-1.,0.));
#151 = PCURVE('',#44,#152);
#152 = DEFINITIONAL_REPRESENTATION('',(#153),#157);
#153 = LINE('',#154,#155);
#154 = CARTESIAN_POINT('',(-4.712388980385,0.));
#155 = VECTOR('',#156,1.);
#156 = DIRECTION('',(1.,0.));
#157 = ( GEOMETRIC_REPRESENTATION_CONTEXT(2) 
PARAMETRIC_REPRESENTATION_CONTEXT() REPRESENTATION_CONTEXT('2D SPACE',''
  ) );
#158 = PCURVE('',#72,#159);
#159 = DEFINITIONAL_REPRESENTATION('',(#160),#164);
#160 = CIRCLE('',#161,7.);
#161 = AXIS2_PLACEMENT_2D('',#162,#163);
#162 = CARTESIAN_POINT('',(7.,7.));
#163 = DIRECTION('',(0.,-1.));
#164 = ( GEOMETRIC_REPRESENTATION_CONTEXT(2) 
PARAMETRIC_REPRESENTATION_CONTEXT() REPRESENTATION_CONTEXT('2D SPACE',''
  ) );
#165 = ORIENTED_EDGE('',*,*,#166,.T.);
#166 = EDGE_CURVE('',#143,#167,#169,.T.);
#167 = VERTEX_POINT('',#168);
#168 = CARTESIAN_POINT('',(7.,-4.440892098501E-16,14.5));
#169 = SURFACE_CURVE('',#170,(#174,#181),.PCURVE_S1.);
#170 = LINE('',#171,#172);
#171 = CARTESIAN_POINT('',(7.,-8.881784197001E-16,11.));
#172 = VECTOR('',#173,1.);
#173 = DIRECTION('',(0.,0.,1.));
#174 = PCURVE('',#44,#175);
#175 = DEFINITIONAL_REPRESENTATION('',(#176),#180);
#176 = LINE('',#177,#178);
#177 = CARTESIAN_POINT('',(1.570796326795,0.));
#178 = VECTOR('',#179,1.);
#179 = DIRECTION('',(0.,1.));
#180 = ( GEOMETRIC_REPRESENTATION_CONTEXT(2) 
PARAMETRIC_REPRESENTATION_CONTEXT() REPRESENTATION_CONTEXT('2D SPACE',''
  ) );
#181 = PCURVE('',#182,#187);
#182 = PLANE('',#183);
#183 = AXIS2_PLACEMENT_3D('',#184,#185,#186);
#184 = CARTESIAN_POINT('',(0.,0.,11.));
#185 = DIRECTION('',(0.,1.,0.));
#186 = DIRECTION('',(0.,0.,1.));
#187 = DEFINITIONAL_REPRESENTATION('',(#188),#192);
#188 = LINE('',#189,#190);
#189 = CARTESIAN_POINT('',(0.,7.));
#190 = VECTOR('',#191,1.);
#191 = DIRECTION('',(1.,0.));
#192 = ( GEOMETRIC_REPRESENTATION_CONTEXT(2) 
PARAMETRIC_REPRESENTATION_CONTEXT() REPRESENTATION_CONTEXT('2D SPACE',''
  ) );
#193 = ORIENTED_EDGE('',*,*,#194,.T.);
#194 = EDGE_CURVE('',#167,#24,#195,.T.);
#195 = SURFACE_CURVE('',#196,(#201,#208),.PCURVE_S1.);
#196 = CIRCLE('',#197,7.);
#197 = AXIS2_PLACEMENT_3D('',#198,#199,#200);
#198 = CARTESIAN_POINT('',(7.,7.,14.5));
#199 = DIRECTION('',(-0.,0.,-1.));
#200 = DIRECTION('',(-2.537652627715E-16,-1.,0.));
#201 = PCURVE('',#44,#202);
#202 = DEFINITIONAL_REPRESENTATION('',(#203),#207);
#203 = LINE('',#204,#205);
#204 = CARTESIAN_POINT('',(1.570796326795,3.5));
#205 = VECTOR('',#206,1.);
#206 = DIRECTION('',(-1.,-0.));
#207 = ( GEOMETRIC_REPRESENTATION_CONTEXT(2) 
PARAMETRIC_REPRESENTATION_CONTEXT() REPRESENTATION_CONTEXT('2D SPACE',''
  ) );
#208 = PCURVE('',#209,#214);
#209 = TOROIDAL_SURFACE('',#210,4.5,2.5);
#210 = AXIS2_PLACEMENT_3D('',#211,#212,#213);
#211 = CARTESIAN_POINT('',(7.,7.,14.5));
#212 = DIRECTION('',(0.,0.,1.));
#213 = DIRECTION('',(-2.537652627715E-16,-1.,0.));
#214 = DEFINITIONAL_REPRESENTATION('',(#215),#219);
#215 = LINE('',#216,#217);
#216 = CARTESIAN_POINT('',(-0.,0.));
#217 = VECTOR('',#218,1.);
#218 = DIRECTION('',(-1.,0.));
#219 = ( GEOMETRIC_REPRESENTATION_CONTEXT(2) 
PARAMETRIC_REPRESENTATION_CONTEXT() REPRESENTATION_CONTEXT('2D SPACE',''
  ) );
#220 = ADVANCED_FACE('',(#221),#126,.T.);
#221 = FACE_BOUND('',#222,.T.);
#222 = EDGE_LOOP('',(#223,#224,#246,#274,#329,#355));
#223 = ORIENTED_EDGE('',*,*,#112,.F.);
#224 = ORIENTED_EDGE('',*,*,#225,.T.);
#225 = EDGE_CURVE('',#24,#226,#228,.T.);
#226 = VERTEX_POINT('',#227);
#227 = CARTESIAN_POINT('',(2.5,7.,17.));
#228 = SURFACE_CURVE('',#229,(#234,#240),.PCURVE_S1.);
#229 = CIRCLE('',#230,2.5);
#230 = AXIS2_PLACEMENT_3D('',#231,#232,#233);
#231 = CARTESIAN_POINT('',(2.5,7.,14.5));
#232 = DIRECTION('',(0.,1.,0.));
#233 = DIRECTION('',(-1.,0.,0.));
#234 = PCURVE('',#126,#235);
#235 = DEFINITIONAL_REPRESENTATION('',(#236),#239);
#236 = B_SPLINE_CURVE_WITH_KNOTS('',1,(#237,#238),.UNSPECIFIED.,.F.,.F.,
  (2,2),(0.,1.570796326795),.PIECEWISE_BEZIER_KNOTS.);
#237 = CARTESIAN_POINT('',(0.,0.));
#238 = CARTESIAN_POINT('',(1.570796326795,0.));
#239 = ( GEOMETRIC_REPRESENTATION_CONTEXT(2) 
PARAMETRIC_REPRESENTATION_CONTEXT() REPRESENTATION_CONTEXT('2D SPACE',''
  ) );
#240 = PCURVE('',#209,#241);
#241 = DEFINITIONAL_REPRESENTATION('',(#242),#245);
#242 = B_SPLINE_CURVE_WITH_KNOTS('',1,(#243,#244),.UNSPECIFIED.,.F.,.F.,
  (2,2),(0.,1.570796326795),.PIECEWISE_BEZIER_KNOTS.);
#243 = CARTESIAN_POINT('',(-1.570796326795,0.));
#244 = CARTESIAN_POINT('',(-1.570796326795,1.570796326795));
#245 = ( GEOMETRIC_REPRESENTATION_CONTEXT(2) 
PARAMETRIC_REPRESENTATION_CONTEXT() REPRESENTATION_CONTEXT('2D SPACE',''
  ) );
#246 = ORIENTED_EDGE('',*,*,#247,.T.);
#247 = EDGE_CURVE('',#226,#248,#250,.T.);
#248 = VERTEX_POINT('',#249);
#249 = CARTESIAN_POINT('',(2.5,17.1,17.));
#250 = SURFACE_CURVE('',#251,(#255,#262),.PCURVE_S1.);
#251 = LINE('',#252,#253);
#252 = CARTESIAN_POINT('',(2.5,7.,17.));
#253 = VECTOR('',#254,1.);
#254 = DIRECTION('',(0.,1.,0.));
#255 = PCURVE('',#126,#256);
#256 = DEFINITIONAL_REPRESENTATION('',(#257),#261);
#257 = LINE('',#258,#259);
#258 = CARTESIAN_POINT('',(1.570796326795,0.));
#259 = VECTOR('',#260,1.);
#260 = DIRECTION('',(0.,1.));
#261 = ( GEOMETRIC_REPRESENTATION_CONTEXT(2) 
PARAMETRIC_REPRESENTATION_CONTEXT() REPRESENTATION_CONTEXT('2D SPACE',''
  ) );
#262 = PCURVE('',#263,#268);
#263 = PLANE('',#264);
#264 = AXIS2_PLACEMENT_3D('',#265,#266,#267);
#265 = CARTESIAN_POINT('',(0.,0.,17.));
#266 = DIRECTION('',(0.,0.,1.));
#267 = DIRECTION('',(1.,0.,0.));
#268 = DEFINITIONAL_REPRESENTATION('',(#269),#273);
#269 = LINE('',#270,#271);
#270 = CARTESIAN_POINT('',(2.5,7.));
#271 = VECTOR('',#272,1.);
#272 = DIRECTION('',(0.,1.));
#273 = ( GEOMETRIC_REPRESENTATION_CONTEXT(2) 
PARAMETRIC_REPRESENTATION_CONTEXT() REPRESENTATION_CONTEXT('2D SPACE',''
  ) );
#274 = ORIENTED_EDGE('',*,*,#275,.F.);
#275 = EDGE_CURVE('',#276,#248,#278,.T.);
#276 = VERTEX_POINT('',#277);
#277 = CARTESIAN_POINT('',(1.9,19.5,16.926932219902));
#278 = SURFACE_CURVE('',#279,(#292,#308),.PCURVE_S1.);
#279 = B_SPLINE_CURVE_WITH_KNOTS('',6,(#280,#281,#282,#283,#284,#285,
    #286,#287,#288,#289,#290,#291),.UNSPECIFIED.,.F.,.F.,(7,5,7),(0.,
    0.438339196464,1.),.UNSPECIFIED.);
#280 = CARTESIAN_POINT('',(1.9,19.5,16.926932219902));
#281 = CARTESIAN_POINT('',(1.9,19.320222318096,16.926932219902));
#282 = CARTESIAN_POINT('',(1.907604611945,19.140475907097,
    16.928812082115));
#283 = CARTESIAN_POINT('',(1.922809350008,18.960987398414,
    16.932571676077));
#284 = CARTESIAN_POINT('',(1.945629424457,18.782000459336,
    16.938022986551));
#285 = CARTESIAN_POINT('',(1.976093977211,18.603776274091,
    16.944797479448));
#286 = CARTESIAN_POINT('',(2.063118684324,18.199563621859,
    16.962035244991));
#287 = CARTESIAN_POINT('',(2.124605907721,17.974259577041,
    16.972999348368));
#288 = CARTESIAN_POINT('',(2.198822323575,17.751066453061,
    16.984118004326));
#289 = CARTESIAN_POINT('',(2.2859759498,17.530473935509,16.993797156642)
  );
#290 = CARTESIAN_POINT('',(2.386318861617,17.313152134469,17.));
#291 = CARTESIAN_POINT('',(2.5,17.1,17.));
#292 = PCURVE('',#126,#293);
#293 = DEFINITIONAL_REPRESENTATION('',(#294),#307);
#294 = B_SPLINE_CURVE_WITH_KNOTS('',6,(#295,#296,#297,#298,#299,#300,
    #301,#302,#303,#304,#305,#306),.UNSPECIFIED.,.F.,.F.,(7,5,7),(0.,
    0.438339196464,1.),.UNSPECIFIED.);
#295 = CARTESIAN_POINT('',(1.328430475756,12.5));
#296 = CARTESIAN_POINT('',(1.328430475756,12.320222318096));
#297 = CARTESIAN_POINT('',(1.331563636033,12.140475907097));
#298 = CARTESIAN_POINT('',(1.337829393446,11.960987398414));
#299 = CARTESIAN_POINT('',(1.347213242922,11.782000459336));
#300 = CARTESIAN_POINT('',(1.359693585857,11.603776274091));
#301 = CARTESIAN_POINT('',(1.395179786463,11.199563621859));
#302 = CARTESIAN_POINT('',(1.42015823037,10.974259577041));
#303 = CARTESIAN_POINT('',(1.450156725555,10.751066453061));
#304 = CARTESIAN_POINT('',(1.485186539234,10.530473935509));
#305 = CARTESIAN_POINT('',(1.525323871442,10.313152134469));
#306 = CARTESIAN_POINT('',(1.570796326795,10.1));
#307 = ( GEOMETRIC_REPRESENTATION_CONTEXT(2) 
PARAMETRIC_REPRESENTATION_CONTEXT() REPRESENTATION_CONTEXT('2D SPACE',''
  ) );
#308 = PCURVE('',#309,#314);
#309 = CYLINDRICAL_SURFACE('',#310,5.1);
#310 = AXIS2_PLACEMENT_3D('',#311,#312,#313);
#311 = CARTESIAN_POINT('',(7.,19.5,16.));
#312 = DIRECTION('',(0.,0.,1.));
#313 = DIRECTION('',(-1.,-0.,0.));
#314 = DEFINITIONAL_REPRESENTATION('',(#315),#328);
#315 = B_SPLINE_CURVE_WITH_KNOTS('',6,(#316,#317,#318,#319,#320,#321,
    #322,#323,#324,#325,#326,#327),.UNSPECIFIED.,.F.,.F.,(7,5,7),(0.,
    0.438339196464,1.),.UNSPECIFIED.);
#316 = CARTESIAN_POINT('',(0.,0.926932219902));
#317 = CARTESIAN_POINT('',(3.525052586361E-02,0.926932219902));
#318 = CARTESIAN_POINT('',(7.04949282011E-02,0.928812082115));
#319 = CARTESIAN_POINT('',(0.105767572531,0.932571676077));
#320 = CARTESIAN_POINT('',(0.141099481549,0.938022986551));
#321 = CARTESIAN_POINT('',(0.17651984076,0.944797479448));
#322 = CARTESIAN_POINT('',(0.25759327349,0.962035244991));
#323 = CARTESIAN_POINT('',(0.303318460855,0.972999348368));
#324 = CARTESIAN_POINT('',(0.349334387132,0.984118004326));
#325 = CARTESIAN_POINT('',(0.395732411016,0.993797156642));
#326 = CARTESIAN_POINT('',(0.442590185261,1.));
#327 = CARTESIAN_POINT('',(0.489957326254,1.));
#328 = ( GEOMETRIC_REPRESENTATION_CONTEXT(2) 
PARAMETRIC_REPRESENTATION_CONTEXT() REPRESENTATION_CONTEXT('2D SPACE',''
  ) );
#329 = ORIENTED_EDGE('',*,*,#330,.T.);
#330 = EDGE_CURVE('',#276,#331,#333,.T.);
#331 = VERTEX_POINT('',#332);
#332 = CARTESIAN_POINT('',(1.9,85.4,16.926932219902));
#333 = SURFACE_CURVE('',#334,(#338,#344),.PCURVE_S1.);
#334 = LINE('',#335,#336);
#335 = CARTESIAN_POINT('',(1.9,7.,16.926932219902));
#336 = VECTOR('',#337,1.);
#337 = DIRECTION('',(0.,1.,0.));
#338 = PCURVE('',#126,#339);
#339 = DEFINITIONAL_REPRESENTATION('',(#340),#343);
#340 = B_SPLINE_CURVE_WITH_KNOTS('',1,(#341,#342),.UNSPECIFIED.,.F.,.F.,
  (2,2),(5.91,78.4000006),.PIECEWISE_BEZIER_KNOTS.);
#341 = CARTESIAN_POINT('',(1.328430475756,5.91));
#342 = CARTESIAN_POINT('',(1.328430475756,78.4000006));
#343 = ( GEOMETRIC_REPRESENTATION_CONTEXT(2) 
PARAMETRIC_REPRESENTATION_CONTEXT() REPRESENTATION_CONTEXT('2D SPACE',''
  ) );
#344 = PCURVE('',#345,#350);
#345 = PLANE('',#346);
#346 = AXIS2_PLACEMENT_3D('',#347,#348,#349);
#347 = CARTESIAN_POINT('',(1.9,14.4,16.));
#348 = DIRECTION('',(1.,0.,0.));
#349 = DIRECTION('',(0.,0.,1.));
#350 = DEFINITIONAL_REPRESENTATION('',(#351),#354);
#351 = B_SPLINE_CURVE_WITH_KNOTS('',1,(#352,#353),.UNSPECIFIED.,.F.,.F.,
  (2,2),(5.91,78.4000006),.PIECEWISE_BEZIER_KNOTS.);
#352 = CARTESIAN_POINT('',(0.926932219902,1.49));
#353 = CARTESIAN_POINT('',(0.926932219902,-71.0000006));
#354 = ( GEOMETRIC_REPRESENTATION_CONTEXT(2) 
PARAMETRIC_REPRESENTATION_CONTEXT() REPRESENTATION_CONTEXT('2D SPACE',''
  ) );
#355 = ORIENTED_EDGE('',*,*,#356,.F.);
#356 = EDGE_CURVE('',#85,#331,#357,.T.);
#357 = SURFACE_CURVE('',#358,(#363,#369),.PCURVE_S1.);
#358 = CIRCLE('',#359,2.5);
#359 = AXIS2_PLACEMENT_3D('',#360,#361,#362);
#360 = CARTESIAN_POINT('',(2.5,85.4,14.5));
#361 = DIRECTION('',(0.,1.,0.));
#362 = DIRECTION('',(-1.,0.,0.));
#363 = PCURVE('',#126,#364);
#364 = DEFINITIONAL_REPRESENTATION('',(#365),#368);
#365 = B_SPLINE_CURVE_WITH_KNOTS('',1,(#366,#367),.UNSPECIFIED.,.F.,.F.,
  (2,2),(0.,1.570796326795),.PIECEWISE_BEZIER_KNOTS.);
#366 = CARTESIAN_POINT('',(0.,78.4));
#367 = CARTESIAN_POINT('',(1.570796326795,78.4));
#368 = ( GEOMETRIC_REPRESENTATION_CONTEXT(2) 
PARAMETRIC_REPRESENTATION_CONTEXT() REPRESENTATION_CONTEXT('2D SPACE',''
  ) );
#369 = PCURVE('',#370,#375);
#370 = TOROIDAL_SURFACE('',#371,4.5,2.5);
#371 = AXIS2_PLACEMENT_3D('',#372,#373,#374);
#372 = CARTESIAN_POINT('',(7.,85.4,14.5));
#373 = DIRECTION('',(0.,0.,1.));
#374 = DIRECTION('',(-1.,0.,0.));
#375 = DEFINITIONAL_REPRESENTATION('',(#376),#379);
#376 = B_SPLINE_CURVE_WITH_KNOTS('',1,(#377,#378),.UNSPECIFIED.,.F.,.F.,
  (2,2),(0.,1.570796326795),.PIECEWISE_BEZIER_KNOTS.);
#377 = CARTESIAN_POINT('',(0.,0.));
#378 = CARTESIAN_POINT('',(0.,1.570796326795));
#379 = ( GEOMETRIC_REPRESENTATION_CONTEXT(2) 
PARAMETRIC_REPRESENTATION_CONTEXT() REPRESENTATION_CONTEXT('2D SPACE',''
  ) );
#380 = ADVANCED_FACE('',(#381),#72,.F.);
#381 = FACE_BOUND('',#382,.F.);
#382 = EDGE_LOOP('',(#383,#384,#385,#408,#437,#465,#494,#522,#555,#583,
    #609,#637));
#383 = ORIENTED_EDGE('',*,*,#56,.F.);
#384 = ORIENTED_EDGE('',*,*,#142,.T.);
#385 = ORIENTED_EDGE('',*,*,#386,.T.);
#386 = EDGE_CURVE('',#143,#387,#389,.T.);
#387 = VERTEX_POINT('',#388);
#388 = CARTESIAN_POINT('',(19.602501564456,0.,11.));
#389 = SURFACE_CURVE('',#390,(#394,#401),.PCURVE_S1.);
#390 = LINE('',#391,#392);
#391 = CARTESIAN_POINT('',(0.,0.,11.));
#392 = VECTOR('',#393,1.);
#393 = DIRECTION('',(1.,0.,0.));
#394 = PCURVE('',#72,#395);
#395 = DEFINITIONAL_REPRESENTATION('',(#396),#400);
#396 = LINE('',#397,#398);
#397 = CARTESIAN_POINT('',(0.,0.));
#398 = VECTOR('',#399,1.);
#399 = DIRECTION('',(1.,0.));
#400 = ( GEOMETRIC_REPRESENTATION_CONTEXT(2) 
PARAMETRIC_REPRESENTATION_CONTEXT() REPRESENTATION_CONTEXT('2D SPACE',''
  ) );
#401 = PCURVE('',#182,#402);
#402 = DEFINITIONAL_REPRESENTATION('',(#403),#407);
#403 = LINE('',#404,#405);
#404 = CARTESIAN_POINT('',(0.,0.));
#405 = VECTOR('',#406,1.);
#406 = DIRECTION('',(0.,1.));
#407 = ( GEOMETRIC_REPRESENTATION_CONTEXT(2) 
PARAMETRIC_REPRESENTATION_CONTEXT() REPRESENTATION_CONTEXT('2D SPACE',''
  ) );
#408 = ORIENTED_EDGE('',*,*,#409,.F.);
#409 = EDGE_CURVE('',#410,#387,#412,.T.);
#410 = VERTEX_POINT('',#411);
#411 = CARTESIAN_POINT('',(19.867949192431,0.9,11.));
#412 = SURFACE_CURVE('',#413,(#418,#425),.PCURVE_S1.);
#413 = CIRCLE('',#414,2.);
#414 = AXIS2_PLACEMENT_3D('',#415,#416,#417);
#415 = CARTESIAN_POINT('',(21.6,-1.E-01,11.));
#416 = DIRECTION('',(0.,0.,1.));
#417 = DIRECTION('',(-1.,-0.,0.));
#418 = PCURVE('',#72,#419);
#419 = DEFINITIONAL_REPRESENTATION('',(#420),#424);
#420 = CIRCLE('',#421,2.);
#421 = AXIS2_PLACEMENT_2D('',#422,#423);
#422 = CARTESIAN_POINT('',(21.6,-1.E-01));
#423 = DIRECTION('',(-1.,0.));
#424 = ( GEOMETRIC_REPRESENTATION_CONTEXT(2) 
PARAMETRIC_REPRESENTATION_CONTEXT() REPRESENTATION_CONTEXT('2D SPACE',''
  ) );
#425 = PCURVE('',#426,#431);
#426 = CYLINDRICAL_SURFACE('',#427,2.);
#427 = AXIS2_PLACEMENT_3D('',#428,#429,#430);
#428 = CARTESIAN_POINT('',(21.6,-1.E-01,4.87));
#429 = DIRECTION('',(0.,0.,1.));
#430 = DIRECTION('',(-1.,-0.,0.));
#431 = DEFINITIONAL_REPRESENTATION('',(#432),#436);
#432 = LINE('',#433,#434);
#433 = CARTESIAN_POINT('',(-6.28318530718,6.13));
#434 = VECTOR('',#435,1.);
#435 = DIRECTION('',(1.,-0.));
#436 = ( GEOMETRIC_REPRESENTATION_CONTEXT(2) 
PARAMETRIC_REPRESENTATION_CONTEXT() REPRESENTATION_CONTEXT('2D SPACE',''
  ) );
#437 = ORIENTED_EDGE('',*,*,#438,.F.);
#438 = EDGE_CURVE('',#439,#410,#441,.T.);
#439 = VERTEX_POINT('',#440);
#440 = CARTESIAN_POINT('',(7.,0.9,11.));
#441 = SURFACE_CURVE('',#442,(#446,#453),.PCURVE_S1.);
#442 = LINE('',#443,#444);
#443 = CARTESIAN_POINT('',(0.9,0.9,11.));
#444 = VECTOR('',#445,1.);
#445 = DIRECTION('',(1.,0.,0.));
#446 = PCURVE('',#72,#447);
#447 = DEFINITIONAL_REPRESENTATION('',(#448),#452);
#448 = LINE('',#449,#450);
#449 = CARTESIAN_POINT('',(0.9,0.9));
#450 = VECTOR('',#451,1.);
#451 = DIRECTION('',(1.,0.));
#452 = ( GEOMETRIC_REPRESENTATION_CONTEXT(2) 
PARAMETRIC_REPRESENTATION_CONTEXT() REPRESENTATION_CONTEXT('2D SPACE',''
  ) );
#453 = PCURVE('',#454,#459);
#454 = PLANE('',#455);
#455 = AXIS2_PLACEMENT_3D('',#456,#457,#458);
#456 = CARTESIAN_POINT('',(0.9,0.9,10.6));
#457 = DIRECTION('',(0.,1.,0.));
#458 = DIRECTION('',(0.,0.,1.));
#459 = DEFINITIONAL_REPRESENTATION('',(#460),#464);
#460 = LINE('',#461,#462);
#461 = CARTESIAN_POINT('',(0.4,0.));
#462 = VECTOR('',#463,1.);
#463 = DIRECTION('',(0.,1.));
#464 = ( GEOMETRIC_REPRESENTATION_CONTEXT(2) 
PARAMETRIC_REPRESENTATION_CONTEXT() REPRESENTATION_CONTEXT('2D SPACE',''
  ) );
#465 = ORIENTED_EDGE('',*,*,#466,.F.);
#466 = EDGE_CURVE('',#467,#439,#469,.T.);
#467 = VERTEX_POINT('',#468);
#468 = CARTESIAN_POINT('',(0.9,7.,11.));
#469 = SURFACE_CURVE('',#470,(#475,#482),.PCURVE_S1.);
#470 = CIRCLE('',#471,6.1);
#471 = AXIS2_PLACEMENT_3D('',#472,#473,#474);
#472 = CARTESIAN_POINT('',(7.,7.,11.));
#473 = DIRECTION('',(0.,0.,1.));
#474 = DIRECTION('',(0.,-1.,0.));
#475 = PCURVE('',#72,#476);
#476 = DEFINITIONAL_REPRESENTATION('',(#477),#481);
#477 = CIRCLE('',#478,6.1);
#478 = AXIS2_PLACEMENT_2D('',#479,#480);
#479 = CARTESIAN_POINT('',(7.,7.));
#480 = DIRECTION('',(0.,-1.));
#481 = ( GEOMETRIC_REPRESENTATION_CONTEXT(2) 
PARAMETRIC_REPRESENTATION_CONTEXT() REPRESENTATION_CONTEXT('2D SPACE',''
  ) );
#482 = PCURVE('',#483,#488);
#483 = CYLINDRICAL_SURFACE('',#484,6.1);
#484 = AXIS2_PLACEMENT_3D('',#485,#486,#487);
#485 = CARTESIAN_POINT('',(7.,7.,10.6));
#486 = DIRECTION('',(0.,0.,1.));
#487 = DIRECTION('',(-1.,-0.,0.));
#488 = DEFINITIONAL_REPRESENTATION('',(#489),#493);
#489 = LINE('',#490,#491);
#490 = CARTESIAN_POINT('',(-4.712388980385,0.4));
#491 = VECTOR('',#492,1.);
#492 = DIRECTION('',(1.,0.));
#493 = ( GEOMETRIC_REPRESENTATION_CONTEXT(2) 
PARAMETRIC_REPRESENTATION_CONTEXT() REPRESENTATION_CONTEXT('2D SPACE',''
  ) );
#494 = ORIENTED_EDGE('',*,*,#495,.T.);
#495 = EDGE_CURVE('',#467,#496,#498,.T.);
#496 = VERTEX_POINT('',#497);
#497 = CARTESIAN_POINT('',(0.9,85.4,11.));
#498 = SURFACE_CURVE('',#499,(#503,#510),.PCURVE_S1.);
#499 = LINE('',#500,#501);
#500 = CARTESIAN_POINT('',(0.9,0.9,11.));
#501 = VECTOR('',#502,1.);
#502 = DIRECTION('',(0.,1.,0.));
#503 = PCURVE('',#72,#504);
#504 = DEFINITIONAL_REPRESENTATION('',(#505),#509);
#505 = LINE('',#506,#507);
#506 = CARTESIAN_POINT('',(0.9,0.9));
#507 = VECTOR('',#508,1.);
#508 = DIRECTION('',(0.,1.));
#509 = ( GEOMETRIC_REPRESENTATION_CONTEXT(2) 
PARAMETRIC_REPRESENTATION_CONTEXT() REPRESENTATION_CONTEXT('2D SPACE',''
  ) );
#510 = PCURVE('',#511,#516);
#511 = PLANE('',#512);
#512 = AXIS2_PLACEMENT_3D('',#513,#514,#515);
#513 = CARTESIAN_POINT('',(0.9,0.9,10.6));
#514 = DIRECTION('',(1.,0.,0.));
#515 = DIRECTION('',(0.,0.,1.));
#516 = DEFINITIONAL_REPRESENTATION('',(#517),#521);
#517 = LINE('',#518,#519);
#518 = CARTESIAN_POINT('',(0.4,0.));
#519 = VECTOR('',#520,1.);
#520 = DIRECTION('',(0.,-1.));
#521 = ( GEOMETRIC_REPRESENTATION_CONTEXT(2) 
PARAMETRIC_REPRESENTATION_CONTEXT() REPRESENTATION_CONTEXT('2D SPACE',''
  ) );
#522 = ORIENTED_EDGE('',*,*,#523,.T.);
#523 = EDGE_CURVE('',#496,#524,#526,.T.);
#524 = VERTEX_POINT('',#525);
#525 = CARTESIAN_POINT('',(7.,91.5,11.));
#526 = SURFACE_CURVE('',#527,(#532,#543),.PCURVE_S1.);
#527 = CIRCLE('',#528,6.1);
#528 = AXIS2_PLACEMENT_3D('',#529,#530,#531);
#529 = CARTESIAN_POINT('',(7.,85.4,11.));
#530 = DIRECTION('',(-0.,-0.,-1.));
#531 = DIRECTION('',(0.,-1.,0.));
#532 = PCURVE('',#72,#533);
#533 = DEFINITIONAL_REPRESENTATION('',(#534),#542);
#534 = ( BOUNDED_CURVE() B_SPLINE_CURVE(2,(#535,#536,#537,#538,#539,#540
,#541),.UNSPECIFIED.,.T.,.F.) B_SPLINE_CURVE_WITH_KNOTS((1,2,2,2,2,1),(
    -2.094395102393,0.,2.094395102393,4.188790204786,6.28318530718,
8.377580409573),.UNSPECIFIED.) CURVE() GEOMETRIC_REPRESENTATION_ITEM() 
RATIONAL_B_SPLINE_CURVE((1.,0.5,1.,0.5,1.,0.5,1.)) REPRESENTATION_ITEM(
  '') );
#535 = CARTESIAN_POINT('',(7.,79.3));
#536 = CARTESIAN_POINT('',(-3.56550992617,79.3));
#537 = CARTESIAN_POINT('',(1.717245036915,88.45));
#538 = CARTESIAN_POINT('',(7.,97.6));
#539 = CARTESIAN_POINT('',(12.282754963085,88.45));
#540 = CARTESIAN_POINT('',(17.56550992617,79.3));
#541 = CARTESIAN_POINT('',(7.,79.3));
#542 = ( GEOMETRIC_REPRESENTATION_CONTEXT(2) 
PARAMETRIC_REPRESENTATION_CONTEXT() REPRESENTATION_CONTEXT('2D SPACE',''
  ) );
#543 = PCURVE('',#544,#549);
#544 = CYLINDRICAL_SURFACE('',#545,6.1);
#545 = AXIS2_PLACEMENT_3D('',#546,#547,#548);
#546 = CARTESIAN_POINT('',(7.,85.4,10.6));
#547 = DIRECTION('',(0.,0.,1.));
#548 = DIRECTION('',(-1.,-0.,0.));
#549 = DEFINITIONAL_REPRESENTATION('',(#550),#554);
#550 = LINE('',#551,#552);
#551 = CARTESIAN_POINT('',(1.570796326795,0.4));
#552 = VECTOR('',#553,1.);
#553 = DIRECTION('',(-1.,0.));
#554 = ( GEOMETRIC_REPRESENTATION_CONTEXT(2) 
PARAMETRIC_REPRESENTATION_CONTEXT() REPRESENTATION_CONTEXT('2D SPACE',''
  ) );
#555 = ORIENTED_EDGE('',*,*,#556,.T.);
#556 = EDGE_CURVE('',#524,#557,#559,.T.);
#557 = VERTEX_POINT('',#558);
#558 = CARTESIAN_POINT('',(18.,91.5,11.));
#559 = SURFACE_CURVE('',#560,(#564,#571),.PCURVE_S1.);
#560 = LINE('',#561,#562);
#561 = CARTESIAN_POINT('',(0.9,91.5,11.));
#562 = VECTOR('',#563,1.);
#563 = DIRECTION('',(1.,0.,0.));
#564 = PCURVE('',#72,#565);
#565 = DEFINITIONAL_REPRESENTATION('',(#566),#570);
#566 = LINE('',#567,#568);
#567 = CARTESIAN_POINT('',(0.9,91.5));
#568 = VECTOR('',#569,1.);
#569 = DIRECTION('',(1.,0.));
#570 = ( GEOMETRIC_REPRESENTATION_CONTEXT(2) 
PARAMETRIC_REPRESENTATION_CONTEXT() REPRESENTATION_CONTEXT('2D SPACE',''
  ) );
#571 = PCURVE('',#572,#577);
#572 = PLANE('',#573);
#573 = AXIS2_PLACEMENT_3D('',#574,#575,#576);
#574 = CARTESIAN_POINT('',(0.9,91.5,10.6));
#575 = DIRECTION('',(0.,1.,0.));
#576 = DIRECTION('',(0.,0.,1.));
#577 = DEFINITIONAL_REPRESENTATION('',(#578),#582);
#578 = LINE('',#579,#580);
#579 = CARTESIAN_POINT('',(0.4,0.));
#580 = VECTOR('',#581,1.);
#581 = DIRECTION('',(0.,1.));
#582 = ( GEOMETRIC_REPRESENTATION_CONTEXT(2) 
PARAMETRIC_REPRESENTATION_CONTEXT() REPRESENTATION_CONTEXT('2D SPACE',''
  ) );
#583 = ORIENTED_EDGE('',*,*,#584,.T.);
#584 = EDGE_CURVE('',#557,#585,#587,.T.);
#585 = VERTEX_POINT('',#586);
#586 = CARTESIAN_POINT('',(18.,92.4,11.));
#587 = SURFACE_CURVE('',#588,(#592,#598),.PCURVE_S1.);
#588 = LINE('',#589,#590);
#589 = CARTESIAN_POINT('',(18.,43.45,11.));
#590 = VECTOR('',#591,1.);
#591 = DIRECTION('',(0.,1.,0.));
#592 = PCURVE('',#72,#593);
#593 = DEFINITIONAL_REPRESENTATION('',(#594),#597);
#594 = B_SPLINE_CURVE_WITH_KNOTS('',1,(#595,#596),.UNSPECIFIED.,.F.,.F.,
  (2,2),(43.45,48.95),.PIECEWISE_BEZIER_KNOTS.);
#595 = CARTESIAN_POINT('',(18.,86.9));
#596 = CARTESIAN_POINT('',(18.,92.4));
#597 = ( GEOMETRIC_REPRESENTATION_CONTEXT(2) 
PARAMETRIC_REPRESENTATION_CONTEXT() REPRESENTATION_CONTEXT('2D SPACE',''
  ) );
#598 = PCURVE('',#599,#604);
#599 = PLANE('',#600);
#600 = AXIS2_PLACEMENT_3D('',#601,#602,#603);
#601 = CARTESIAN_POINT('',(18.,86.9,10.5));
#602 = DIRECTION('',(1.,0.,0.));
#603 = DIRECTION('',(0.,0.,1.));
#604 = DEFINITIONAL_REPRESENTATION('',(#605),#608);
#605 = B_SPLINE_CURVE_WITH_KNOTS('',1,(#606,#607),.UNSPECIFIED.,.F.,.F.,
  (2,2),(43.45,48.95),.PIECEWISE_BEZIER_KNOTS.);
#606 = CARTESIAN_POINT('',(0.5,0.));
#607 = CARTESIAN_POINT('',(0.5,-5.5));
#608 = ( GEOMETRIC_REPRESENTATION_CONTEXT(2) 
PARAMETRIC_REPRESENTATION_CONTEXT() REPRESENTATION_CONTEXT('2D SPACE',''
  ) );
#609 = ORIENTED_EDGE('',*,*,#610,.F.);
#610 = EDGE_CURVE('',#611,#585,#613,.T.);
#611 = VERTEX_POINT('',#612);
#612 = CARTESIAN_POINT('',(7.,92.4,11.));
#613 = SURFACE_CURVE('',#614,(#618,#625),.PCURVE_S1.);
#614 = LINE('',#615,#616);
#615 = CARTESIAN_POINT('',(0.,92.4,11.));
#616 = VECTOR('',#617,1.);
#617 = DIRECTION('',(1.,0.,0.));
#618 = PCURVE('',#72,#619);
#619 = DEFINITIONAL_REPRESENTATION('',(#620),#624);
#620 = LINE('',#621,#622);
#621 = CARTESIAN_POINT('',(0.,92.4));
#622 = VECTOR('',#623,1.);
#623 = DIRECTION('',(1.,0.));
#624 = ( GEOMETRIC_REPRESENTATION_CONTEXT(2) 
PARAMETRIC_REPRESENTATION_CONTEXT() REPRESENTATION_CONTEXT('2D SPACE',''
  ) );
#625 = PCURVE('',#626,#631);
#626 = PLANE('',#627);
#627 = AXIS2_PLACEMENT_3D('',#628,#629,#630);
#628 = CARTESIAN_POINT('',(0.,92.4,11.));
#629 = DIRECTION('',(0.,1.,0.));
#630 = DIRECTION('',(0.,0.,1.));
#631 = DEFINITIONAL_REPRESENTATION('',(#632),#636);
#632 = LINE('',#633,#634);
#633 = CARTESIAN_POINT('',(0.,0.));
#634 = VECTOR('',#635,1.);
#635 = DIRECTION('',(0.,1.));
#636 = ( GEOMETRIC_REPRESENTATION_CONTEXT(2) 
PARAMETRIC_REPRESENTATION_CONTEXT() REPRESENTATION_CONTEXT('2D SPACE',''
  ) );
#637 = ORIENTED_EDGE('',*,*,#638,.F.);
#638 = EDGE_CURVE('',#57,#611,#639,.T.);
#639 = SURFACE_CURVE('',#640,(#645,#656),.PCURVE_S1.);
#640 = CIRCLE('',#641,7.);
#641 = AXIS2_PLACEMENT_3D('',#642,#643,#644);
#642 = CARTESIAN_POINT('',(7.,85.4,11.));
#643 = DIRECTION('',(-0.,-0.,-1.));
#644 = DIRECTION('',(0.,-1.,0.));
#645 = PCURVE('',#72,#646);
#646 = DEFINITIONAL_REPRESENTATION('',(#647),#655);
#647 = ( BOUNDED_CURVE() B_SPLINE_CURVE(2,(#648,#649,#650,#651,#652,#653
,#654),.UNSPECIFIED.,.T.,.F.) B_SPLINE_CURVE_WITH_KNOTS((1,2,2,2,2,1),(
    -2.094395102393,0.,2.094395102393,4.188790204786,6.28318530718,
8.377580409573),.UNSPECIFIED.) CURVE() GEOMETRIC_REPRESENTATION_ITEM() 
RATIONAL_B_SPLINE_CURVE((1.,0.5,1.,0.5,1.,0.5,1.)) REPRESENTATION_ITEM(
  '') );
#648 = CARTESIAN_POINT('',(7.,78.4));
#649 = CARTESIAN_POINT('',(-5.124355652982,78.4));
#650 = CARTESIAN_POINT('',(0.937822173509,88.9));
#651 = CARTESIAN_POINT('',(7.,99.4));
#652 = CARTESIAN_POINT('',(13.062177826491,88.9));
#653 = CARTESIAN_POINT('',(19.124355652982,78.4));
#654 = CARTESIAN_POINT('',(7.,78.4));
#655 = ( GEOMETRIC_REPRESENTATION_CONTEXT(2) 
PARAMETRIC_REPRESENTATION_CONTEXT() REPRESENTATION_CONTEXT('2D SPACE',''
  ) );
#656 = PCURVE('',#100,#657);
#657 = DEFINITIONAL_REPRESENTATION('',(#658),#662);
#658 = LINE('',#659,#660);
#659 = CARTESIAN_POINT('',(1.570796326795,-0.));
#660 = VECTOR('',#661,1.);
#661 = DIRECTION('',(-1.,0.));
#662 = ( GEOMETRIC_REPRESENTATION_CONTEXT(2) 
PARAMETRIC_REPRESENTATION_CONTEXT() REPRESENTATION_CONTEXT('2D SPACE',''
  ) );
#663 = ADVANCED_FACE('',(#664),#100,.T.);
#664 = FACE_BOUND('',#665,.F.);
#665 = EDGE_LOOP('',(#666,#667,#668,#691));
#666 = ORIENTED_EDGE('',*,*,#84,.F.);
#667 = ORIENTED_EDGE('',*,*,#638,.T.);
#668 = ORIENTED_EDGE('',*,*,#669,.T.);
#669 = EDGE_CURVE('',#611,#670,#672,.T.);
#670 = VERTEX_POINT('',#671);
#671 = CARTESIAN_POINT('',(7.,92.4,14.5));
#672 = SURFACE_CURVE('',#673,(#677,#684),.PCURVE_S1.);
#673 = LINE('',#674,#675);
#674 = CARTESIAN_POINT('',(7.,92.4,11.));
#675 = VECTOR('',#676,1.);
#676 = DIRECTION('',(0.,0.,1.));
#677 = PCURVE('',#100,#678);
#678 = DEFINITIONAL_REPRESENTATION('',(#679),#683);
#679 = LINE('',#680,#681);
#680 = CARTESIAN_POINT('',(-1.570796326795,0.));
#681 = VECTOR('',#682,1.);
#682 = DIRECTION('',(-0.,1.));
#683 = ( GEOMETRIC_REPRESENTATION_CONTEXT(2) 
PARAMETRIC_REPRESENTATION_CONTEXT() REPRESENTATION_CONTEXT('2D SPACE',''
  ) );
#684 = PCURVE('',#626,#685);
#685 = DEFINITIONAL_REPRESENTATION('',(#686),#690);
#686 = LINE('',#687,#688);
#687 = CARTESIAN_POINT('',(0.,7.));
#688 = VECTOR('',#689,1.);
#689 = DIRECTION('',(1.,0.));
#690 = ( GEOMETRIC_REPRESENTATION_CONTEXT(2) 
PARAMETRIC_REPRESENTATION_CONTEXT() REPRESENTATION_CONTEXT('2D SPACE',''
  ) );
#691 = ORIENTED_EDGE('',*,*,#692,.F.);
#692 = EDGE_CURVE('',#85,#670,#693,.T.);
#693 = SURFACE_CURVE('',#694,(#699,#706),.PCURVE_S1.);
#694 = CIRCLE('',#695,7.);
#695 = AXIS2_PLACEMENT_3D('',#696,#697,#698);
#696 = CARTESIAN_POINT('',(7.,85.4,14.5));
#697 = DIRECTION('',(-0.,0.,-1.));
#698 = DIRECTION('',(-1.,0.,0.));
#699 = PCURVE('',#100,#700);
#700 = DEFINITIONAL_REPRESENTATION('',(#701),#705);
#701 = LINE('',#702,#703);
#702 = CARTESIAN_POINT('',(-0.,3.5));
#703 = VECTOR('',#704,1.);
#704 = DIRECTION('',(-1.,0.));
#705 = ( GEOMETRIC_REPRESENTATION_CONTEXT(2) 
PARAMETRIC_REPRESENTATION_CONTEXT() REPRESENTATION_CONTEXT('2D SPACE',''
  ) );
#706 = PCURVE('',#370,#707);
#707 = DEFINITIONAL_REPRESENTATION('',(#708),#712);
#708 = LINE('',#709,#710);
#709 = CARTESIAN_POINT('',(-0.,0.));
#710 = VECTOR('',#711,1.);
#711 = DIRECTION('',(-1.,0.));
#712 = ( GEOMETRIC_REPRESENTATION_CONTEXT(2) 
PARAMETRIC_REPRESENTATION_CONTEXT() REPRESENTATION_CONTEXT('2D SPACE',''
  ) );
#713 = ADVANCED_FACE('',(#714),#209,.T.);
#714 = FACE_BOUND('',#715,.F.);
#715 = EDGE_LOOP('',(#716,#743,#744,#745));
#716 = ORIENTED_EDGE('',*,*,#717,.F.);
#717 = EDGE_CURVE('',#167,#718,#720,.T.);
#718 = VERTEX_POINT('',#719);
#719 = CARTESIAN_POINT('',(7.,2.5,17.));
#720 = SURFACE_CURVE('',#721,(#726,#732),.PCURVE_S1.);
#721 = CIRCLE('',#722,2.5);
#722 = AXIS2_PLACEMENT_3D('',#723,#724,#725);
#723 = CARTESIAN_POINT('',(7.,2.5,14.5));
#724 = DIRECTION('',(-1.,-0.,0.));
#725 = DIRECTION('',(0.,-1.,0.));
#726 = PCURVE('',#209,#727);
#727 = DEFINITIONAL_REPRESENTATION('',(#728),#731);
#728 = B_SPLINE_CURVE_WITH_KNOTS('',1,(#729,#730),.UNSPECIFIED.,.F.,.F.,
  (2,2),(0.,1.570796326795),.PIECEWISE_BEZIER_KNOTS.);
#729 = CARTESIAN_POINT('',(2.22044604925E-16,0.));
#730 = CARTESIAN_POINT('',(2.22044604925E-16,1.570796326795));
#731 = ( GEOMETRIC_REPRESENTATION_CONTEXT(2) 
PARAMETRIC_REPRESENTATION_CONTEXT() REPRESENTATION_CONTEXT('2D SPACE',''
  ) );
#732 = PCURVE('',#733,#738);
#733 = CYLINDRICAL_SURFACE('',#734,2.5);
#734 = AXIS2_PLACEMENT_3D('',#735,#736,#737);
#735 = CARTESIAN_POINT('',(45.,2.5,14.5));
#736 = DIRECTION('',(-1.,-0.,-0.));
#737 = DIRECTION('',(0.,-1.,0.));
#738 = DEFINITIONAL_REPRESENTATION('',(#739),#742);
#739 = B_SPLINE_CURVE_WITH_KNOTS('',1,(#740,#741),.UNSPECIFIED.,.F.,.F.,
  (2,2),(0.,1.570796326795),.PIECEWISE_BEZIER_KNOTS.);
#740 = CARTESIAN_POINT('',(0.,38.));
#741 = CARTESIAN_POINT('',(1.570796326795,38.));
#742 = ( GEOMETRIC_REPRESENTATION_CONTEXT(2) 
PARAMETRIC_REPRESENTATION_CONTEXT() REPRESENTATION_CONTEXT('2D SPACE',''
  ) );
#743 = ORIENTED_EDGE('',*,*,#194,.T.);
#744 = ORIENTED_EDGE('',*,*,#225,.T.);
#745 = ORIENTED_EDGE('',*,*,#746,.F.);
#746 = EDGE_CURVE('',#718,#226,#747,.T.);
#747 = SURFACE_CURVE('',#748,(#753,#760),.PCURVE_S1.);
#748 = CIRCLE('',#749,4.5);
#749 = AXIS2_PLACEMENT_3D('',#750,#751,#752);
#750 = CARTESIAN_POINT('',(7.,7.,17.));
#751 = DIRECTION('',(-0.,0.,-1.));
#752 = DIRECTION('',(-2.537652627715E-16,-1.,0.));
#753 = PCURVE('',#209,#754);
#754 = DEFINITIONAL_REPRESENTATION('',(#755),#759);
#755 = LINE('',#756,#757);
#756 = CARTESIAN_POINT('',(-0.,1.570796326795));
#757 = VECTOR('',#758,1.);
#758 = DIRECTION('',(-1.,0.));
#759 = ( GEOMETRIC_REPRESENTATION_CONTEXT(2) 
PARAMETRIC_REPRESENTATION_CONTEXT() REPRESENTATION_CONTEXT('2D SPACE',''
  ) );
#760 = PCURVE('',#263,#761);
#761 = DEFINITIONAL_REPRESENTATION('',(#762),#770);
#762 = ( BOUNDED_CURVE() B_SPLINE_CURVE(2,(#763,#764,#765,#766,#767,#768
,#769),.UNSPECIFIED.,.T.,.F.) B_SPLINE_CURVE_WITH_KNOTS((1,2,2,2,2,1),(
    -2.094395102393,0.,2.094395102393,4.188790204786,6.28318530718,
8.377580409573),.UNSPECIFIED.) CURVE() GEOMETRIC_REPRESENTATION_ITEM() 
RATIONAL_B_SPLINE_CURVE((1.,0.5,1.,0.5,1.,0.5,1.)) REPRESENTATION_ITEM(
  '') );
#763 = CARTESIAN_POINT('',(7.,2.5));
#764 = CARTESIAN_POINT('',(-0.79422863406,2.5));
#765 = CARTESIAN_POINT('',(3.10288568297,9.25));
#766 = CARTESIAN_POINT('',(7.,16.));
#767 = CARTESIAN_POINT('',(10.89711431703,9.25));
#768 = CARTESIAN_POINT('',(14.79422863406,2.5));
#769 = CARTESIAN_POINT('',(7.,2.5));
#770 = ( GEOMETRIC_REPRESENTATION_CONTEXT(2) 
PARAMETRIC_REPRESENTATION_CONTEXT() REPRESENTATION_CONTEXT('2D SPACE',''
  ) );
#771 = ADVANCED_FACE('',(#772),#182,.F.);
#772 = FACE_BOUND('',#773,.F.);
#773 = EDGE_LOOP('',(#774,#775,#798,#826,#854,#880,#906,#925));
#774 = ORIENTED_EDGE('',*,*,#166,.T.);
#775 = ORIENTED_EDGE('',*,*,#776,.F.);
#776 = EDGE_CURVE('',#777,#167,#779,.T.);
#777 = VERTEX_POINT('',#778);
#778 = CARTESIAN_POINT('',(45.,-8.881784197001E-16,14.5));
#779 = SURFACE_CURVE('',#780,(#784,#791),.PCURVE_S1.);
#780 = LINE('',#781,#782);
#781 = CARTESIAN_POINT('',(45.,-4.440892098501E-16,14.5));
#782 = VECTOR('',#783,1.);
#783 = DIRECTION('',(-1.,-0.,-0.));
#784 = PCURVE('',#182,#785);
#785 = DEFINITIONAL_REPRESENTATION('',(#786),#790);
#786 = LINE('',#787,#788);
#787 = CARTESIAN_POINT('',(3.5,45.));
#788 = VECTOR('',#789,1.);
#789 = DIRECTION('',(-0.,-1.));
#790 = ( GEOMETRIC_REPRESENTATION_CONTEXT(2) 
PARAMETRIC_REPRESENTATION_CONTEXT() REPRESENTATION_CONTEXT('2D SPACE',''
  ) );
#791 = PCURVE('',#733,#792);
#792 = DEFINITIONAL_REPRESENTATION('',(#793),#797);
#793 = LINE('',#794,#795);
#794 = CARTESIAN_POINT('',(0.,0.));
#795 = VECTOR('',#796,1.);
#796 = DIRECTION('',(0.,1.));
#797 = ( GEOMETRIC_REPRESENTATION_CONTEXT(2) 
PARAMETRIC_REPRESENTATION_CONTEXT() REPRESENTATION_CONTEXT('2D SPACE',''
  ) );
#798 = ORIENTED_EDGE('',*,*,#799,.F.);
#799 = EDGE_CURVE('',#800,#777,#802,.T.);
#800 = VERTEX_POINT('',#801);
#801 = CARTESIAN_POINT('',(45.,-8.881784197001E-16,11.));
#802 = SURFACE_CURVE('',#803,(#807,#814),.PCURVE_S1.);
#803 = LINE('',#804,#805);
#804 = CARTESIAN_POINT('',(45.,-8.881784197001E-16,11.));
#805 = VECTOR('',#806,1.);
#806 = DIRECTION('',(0.,0.,1.));
#807 = PCURVE('',#182,#808);
#808 = DEFINITIONAL_REPRESENTATION('',(#809),#813);
#809 = LINE('',#810,#811);
#810 = CARTESIAN_POINT('',(0.,45.));
#811 = VECTOR('',#812,1.);
#812 = DIRECTION('',(1.,0.));
#813 = ( GEOMETRIC_REPRESENTATION_CONTEXT(2) 
PARAMETRIC_REPRESENTATION_CONTEXT() REPRESENTATION_CONTEXT('2D SPACE',''
  ) );
#814 = PCURVE('',#815,#820);
#815 = CYLINDRICAL_SURFACE('',#816,7.);
#816 = AXIS2_PLACEMENT_3D('',#817,#818,#819);
#817 = CARTESIAN_POINT('',(45.,7.,11.));
#818 = DIRECTION('',(0.,0.,1.));
#819 = DIRECTION('',(1.,0.,-0.));
#820 = DEFINITIONAL_REPRESENTATION('',(#821),#825);
#821 = LINE('',#822,#823);
#822 = CARTESIAN_POINT('',(-1.570796326795,0.));
#823 = VECTOR('',#824,1.);
#824 = DIRECTION('',(-0.,1.));
#825 = ( GEOMETRIC_REPRESENTATION_CONTEXT(2) 
PARAMETRIC_REPRESENTATION_CONTEXT() REPRESENTATION_CONTEXT('2D SPACE',''
  ) );
#826 = ORIENTED_EDGE('',*,*,#827,.F.);
#827 = EDGE_CURVE('',#828,#800,#830,.T.);
#828 = VERTEX_POINT('',#829);
#829 = CARTESIAN_POINT('',(32.397498435544,0.,11.));
#830 = SURFACE_CURVE('',#831,(#835,#842),.PCURVE_S1.);
#831 = LINE('',#832,#833);
#832 = CARTESIAN_POINT('',(0.,0.,11.));
#833 = VECTOR('',#834,1.);
#834 = DIRECTION('',(1.,0.,0.));
#835 = PCURVE('',#182,#836);
#836 = DEFINITIONAL_REPRESENTATION('',(#837),#841);
#837 = LINE('',#838,#839);
#838 = CARTESIAN_POINT('',(0.,0.));
#839 = VECTOR('',#840,1.);
#840 = DIRECTION('',(0.,1.));
#841 = ( GEOMETRIC_REPRESENTATION_CONTEXT(2) 
PARAMETRIC_REPRESENTATION_CONTEXT() REPRESENTATION_CONTEXT('2D SPACE',''
  ) );
#842 = PCURVE('',#843,#848);
#843 = PLANE('',#844);
#844 = AXIS2_PLACEMENT_3D('',#845,#846,#847);
#845 = CARTESIAN_POINT('',(0.,0.,11.));
#846 = DIRECTION('',(0.,0.,1.));
#847 = DIRECTION('',(1.,0.,0.));
#848 = DEFINITIONAL_REPRESENTATION('',(#849),#853);
#849 = LINE('',#850,#851);
#850 = CARTESIAN_POINT('',(0.,0.));
#851 = VECTOR('',#852,1.);
#852 = DIRECTION('',(1.,0.));
#853 = ( GEOMETRIC_REPRESENTATION_CONTEXT(2) 
PARAMETRIC_REPRESENTATION_CONTEXT() REPRESENTATION_CONTEXT('2D SPACE',''
  ) );
#854 = ORIENTED_EDGE('',*,*,#855,.T.);
#855 = EDGE_CURVE('',#828,#856,#858,.T.);
#856 = VERTEX_POINT('',#857);
#857 = CARTESIAN_POINT('',(32.397498435544,-1.110223024625E-16,11.87));
#858 = SURFACE_CURVE('',#859,(#863,#869),.PCURVE_S1.);
#859 = LINE('',#860,#861);
#860 = CARTESIAN_POINT('',(32.397498435544,0.,4.87));
#861 = VECTOR('',#862,1.);
#862 = DIRECTION('',(0.,0.,1.));
#863 = PCURVE('',#182,#864);
#864 = DEFINITIONAL_REPRESENTATION('',(#865),#868);
#865 = B_SPLINE_CURVE_WITH_KNOTS('',1,(#866,#867),.UNSPECIFIED.,.F.,.F.,
  (2,2),(5.78,7.0000006),.PIECEWISE_BEZIER_KNOTS.);
#866 = CARTESIAN_POINT('',(-0.35,32.397498435544));
#867 = CARTESIAN_POINT('',(0.8700006,32.397498435544));
#868 = ( GEOMETRIC_REPRESENTATION_CONTEXT(2) 
PARAMETRIC_REPRESENTATION_CONTEXT() REPRESENTATION_CONTEXT('2D SPACE',''
  ) );
#869 = PCURVE('',#870,#875);
#870 = CYLINDRICAL_SURFACE('',#871,2.);
#871 = AXIS2_PLACEMENT_3D('',#872,#873,#874);
#872 = CARTESIAN_POINT('',(30.4,-1.E-01,4.87));
#873 = DIRECTION('',(0.,0.,1.));
#874 = DIRECTION('',(1.,0.,-0.));
#875 = DEFINITIONAL_REPRESENTATION('',(#876),#879);
#876 = B_SPLINE_CURVE_WITH_KNOTS('',1,(#877,#878),.UNSPECIFIED.,.F.,.F.,
  (2,2),(5.78,7.0000006),.PIECEWISE_BEZIER_KNOTS.);
#877 = CARTESIAN_POINT('',(5.002085680577E-02,5.78));
#878 = CARTESIAN_POINT('',(5.002085680577E-02,7.0000006));
#879 = ( GEOMETRIC_REPRESENTATION_CONTEXT(2) 
PARAMETRIC_REPRESENTATION_CONTEXT() REPRESENTATION_CONTEXT('2D SPACE',''
  ) );
#880 = ORIENTED_EDGE('',*,*,#881,.F.);
#881 = EDGE_CURVE('',#882,#856,#884,.T.);
#882 = VERTEX_POINT('',#883);
#883 = CARTESIAN_POINT('',(19.602501564456,-1.110223024625E-16,11.87));
#884 = SURFACE_CURVE('',#885,(#889,#895),.PCURVE_S1.);
#885 = LINE('',#886,#887);
#886 = CARTESIAN_POINT('',(9.8,0.,11.87));
#887 = VECTOR('',#888,1.);
#888 = DIRECTION('',(1.,0.,0.));
#889 = PCURVE('',#182,#890);
#890 = DEFINITIONAL_REPRESENTATION('',(#891),#894);
#891 = B_SPLINE_CURVE_WITH_KNOTS('',1,(#892,#893),.UNSPECIFIED.,.F.,.F.,
  (2,2),(9.8,22.6),.PIECEWISE_BEZIER_KNOTS.);
#892 = CARTESIAN_POINT('',(0.87,19.6));
#893 = CARTESIAN_POINT('',(0.87,32.4));
#894 = ( GEOMETRIC_REPRESENTATION_CONTEXT(2) 
PARAMETRIC_REPRESENTATION_CONTEXT() REPRESENTATION_CONTEXT('2D SPACE',''
  ) );
#895 = PCURVE('',#896,#901);
#896 = PLANE('',#897);
#897 = AXIS2_PLACEMENT_3D('',#898,#899,#900);
#898 = CARTESIAN_POINT('',(19.6,-3.,11.87));
#899 = DIRECTION('',(0.,0.,1.));
#900 = DIRECTION('',(1.,0.,0.));
#901 = DEFINITIONAL_REPRESENTATION('',(#902),#905);
#902 = B_SPLINE_CURVE_WITH_KNOTS('',1,(#903,#904),.UNSPECIFIED.,.F.,.F.,
  (2,2),(9.8,22.6),.PIECEWISE_BEZIER_KNOTS.);
#903 = CARTESIAN_POINT('',(0.,3.));
#904 = CARTESIAN_POINT('',(12.8,3.));
#905 = ( GEOMETRIC_REPRESENTATION_CONTEXT(2) 
PARAMETRIC_REPRESENTATION_CONTEXT() REPRESENTATION_CONTEXT('2D SPACE',''
  ) );
#906 = ORIENTED_EDGE('',*,*,#907,.F.);
#907 = EDGE_CURVE('',#387,#882,#908,.T.);
#908 = SURFACE_CURVE('',#909,(#913,#919),.PCURVE_S1.);
#909 = LINE('',#910,#911);
#910 = CARTESIAN_POINT('',(19.602501564456,0.,4.87));
#911 = VECTOR('',#912,1.);
#912 = DIRECTION('',(0.,0.,1.));
#913 = PCURVE('',#182,#914);
#914 = DEFINITIONAL_REPRESENTATION('',(#915),#918);
#915 = B_SPLINE_CURVE_WITH_KNOTS('',1,(#916,#917),.UNSPECIFIED.,.F.,.F.,
  (2,2),(5.78,7.0000006),.PIECEWISE_BEZIER_KNOTS.);
#916 = CARTESIAN_POINT('',(-0.35,19.602501564456));
#917 = CARTESIAN_POINT('',(0.8700006,19.602501564456));
#918 = ( GEOMETRIC_REPRESENTATION_CONTEXT(2) 
PARAMETRIC_REPRESENTATION_CONTEXT() REPRESENTATION_CONTEXT('2D SPACE',''
  ) );
#919 = PCURVE('',#426,#920);
#920 = DEFINITIONAL_REPRESENTATION('',(#921),#924);
#921 = B_SPLINE_CURVE_WITH_KNOTS('',1,(#922,#923),.UNSPECIFIED.,.F.,.F.,
  (2,2),(5.78,7.0000006),.PIECEWISE_BEZIER_KNOTS.);
#922 = CARTESIAN_POINT('',(-5.002085680577E-02,5.78));
#923 = CARTESIAN_POINT('',(-5.002085680577E-02,7.0000006));
#924 = ( GEOMETRIC_REPRESENTATION_CONTEXT(2) 
PARAMETRIC_REPRESENTATION_CONTEXT() REPRESENTATION_CONTEXT('2D SPACE',''
  ) );
#925 = ORIENTED_EDGE('',*,*,#386,.F.);
#926 = ADVANCED_FACE('',(#927),#370,.T.);
#927 = FACE_BOUND('',#928,.F.);
#928 = EDGE_LOOP('',(#929,#930,#931,#958));
#929 = ORIENTED_EDGE('',*,*,#356,.F.);
#930 = ORIENTED_EDGE('',*,*,#692,.T.);
#931 = ORIENTED_EDGE('',*,*,#932,.T.);
#932 = EDGE_CURVE('',#670,#933,#935,.T.);
#933 = VERTEX_POINT('',#934);
#934 = CARTESIAN_POINT('',(7.,90.5,16.926932219902));
#935 = SURFACE_CURVE('',#936,(#941,#947),.PCURVE_S1.);
#936 = CIRCLE('',#937,2.5);
#937 = AXIS2_PLACEMENT_3D('',#938,#939,#940);
#938 = CARTESIAN_POINT('',(7.,89.9,14.5));
#939 = DIRECTION('',(1.,6.123233995737E-17,-0.));
#940 = DIRECTION('',(-6.123233995737E-17,1.,0.));
#941 = PCURVE('',#370,#942);
#942 = DEFINITIONAL_REPRESENTATION('',(#943),#946);
#943 = B_SPLINE_CURVE_WITH_KNOTS('',1,(#944,#945),.UNSPECIFIED.,.F.,.F.,
  (2,2),(0.,1.570796326795),.PIECEWISE_BEZIER_KNOTS.);
#944 = CARTESIAN_POINT('',(-1.570796326795,0.));
#945 = CARTESIAN_POINT('',(-1.570796326795,1.570796326795));
#946 = ( GEOMETRIC_REPRESENTATION_CONTEXT(2) 
PARAMETRIC_REPRESENTATION_CONTEXT() REPRESENTATION_CONTEXT('2D SPACE',''
  ) );
#947 = PCURVE('',#948,#953);
#948 = CYLINDRICAL_SURFACE('',#949,2.5);
#949 = AXIS2_PLACEMENT_3D('',#950,#951,#952);
#950 = CARTESIAN_POINT('',(7.,89.9,14.5));
#951 = DIRECTION('',(1.,0.,0.));
#952 = DIRECTION('',(-0.,1.,0.));
#953 = DEFINITIONAL_REPRESENTATION('',(#954),#957);
#954 = B_SPLINE_CURVE_WITH_KNOTS('',1,(#955,#956),.UNSPECIFIED.,.F.,.F.,
  (2,2),(0.,1.570796326795),.PIECEWISE_BEZIER_KNOTS.);
#955 = CARTESIAN_POINT('',(0.,0.));
#956 = CARTESIAN_POINT('',(1.570796326795,0.));
#957 = ( GEOMETRIC_REPRESENTATION_CONTEXT(2) 
PARAMETRIC_REPRESENTATION_CONTEXT() REPRESENTATION_CONTEXT('2D SPACE',''
  ) );
#958 = ORIENTED_EDGE('',*,*,#959,.F.);
#959 = EDGE_CURVE('',#331,#933,#960,.T.);
#960 = SURFACE_CURVE('',#961,(#1198,#1438),.PCURVE_S1.);
#961 = B_SPLINE_CURVE_WITH_KNOTS('',4,(#962,#963,#964,#965,#966,#967,
    #968,#969,#970,#971,#972,#973,#974,#975,#976,#977,#978,#979,#980,
    #981,#982,#983,#984,#985,#986,#987,#988,#989,#990,#991,#992,#993,
    #994,#995,#996,#997,#998,#999,#1000,#1001,#1002,#1003,#1004,#1005,
    #1006,#1007,#1008,#1009,#1010,#1011,#1012,#1013,#1014,#1015,#1016,
    #1017,#1018,#1019,#1020,#1021,#1022,#1023,#1024,#1025,#1026,#1027,
    #1028,#1029,#1030,#1031,#1032,#1033,#1034,#1035,#1036,#1037,#1038,
    #1039,#1040,#1041,#1042,#1043,#1044,#1045,#1046,#1047,#1048,#1049,
    #1050,#1051,#1052,#1053,#1054,#1055,#1056,#1057,#1058,#1059,#1060,
    #1061,#1062,#1063,#1064,#1065,#1066,#1067,#1068,#1069,#1070,#1071,
    #1072,#1073,#1074,#1075,#1076,#1077,#1078,#1079,#1080,#1081,#1082,
    #1083,#1084,#1085,#1086,#1087,#1088,#1089,#1090,#1091,#1092,#1093,
    #1094,#1095,#1096,#1097,#1098,#1099,#1100,#1101,#1102,#1103,#1104,
    #1105,#1106,#1107,#1108,#1109,#1110,#1111,#1112,#1113,#1114,#1115,
    #1116,#1117,#1118,#1119,#1120,#1121,#1122,#1123,#1124,#1125,#1126,
    #1127,#1128,#1129,#1130,#1131,#1132,#1133,#1134,#1135,#1136,#1137,
    #1138,#1139,#1140,#1141,#1142,#1143,#1144,#1145,#1146,#1147,#1148,
    #1149,#1150,#1151,#1152,#1153,#1154,#1155,#1156,#1157,#1158,#1159,
    #1160,#1161,#1162,#1163,#1164,#1165,#1166,#1167,#1168,#1169,#1170,
    #1171,#1172,#1173,#1174,#1175,#1176,#1177,#1178,#1179,#1180,#1181,
    #1182,#1183,#1184,#1185,#1186,#1187,#1188,#1189,#1190,#1191,#1192,
    #1193,#1194,#1195,#1196,#1197),.UNSPECIFIED.,.F.,.F.,(5,3,3,3,3,3,3,
    3,3,3,3,3,3,3,3,3,3,3,3,3,3,3,3,3,3,3,3,3,3,3,3,3,3,3,3,3,3,3,3,3,3,
    3,3,3,3,3,3,3,3,3,3,3,3,3,3,3,3,3,3,3,3,3,3,3,3,3,3,3,3,3,3,3,3,3,3,
    3,3,3,5),(0.,9.011492903287E-02,0.180514909572,0.190114910024,
    0.211714911023,0.221314911475,0.230914911927,0.244114912548,
    0.254914913056,0.264514913508,0.276114914054,0.29051491473,
    0.301314915238,0.308114915559,0.319714916104,0.329714916575,
    0.343314917214,0.350114917535,0.359314917968,0.371314918532,
    0.381314919003,0.391714919493,0.402514920001,0.412514920472,
    0.421314920886,0.428914921244,0.44051492179,0.447714922129,
    0.4577149226,0.469314923146,0.47811492356,0.489714924106,
    0.497314924464,0.50891492501,0.520514925556,0.529714925989,
    0.538114926385,0.549314926912,0.56011492742,0.57051492791,
    0.581314928418,0.592514928945,0.603714929472,0.613314929924,
    0.62491493047,0.635714930979,0.647314931524,0.65891493207,
    0.670114932597,0.680914933106,0.692514933651,0.704114934197,
    0.715714934743,0.727314935289,0.737714935778,0.748514936287,
    0.760114936833,0.771714937378,0.782914937906,0.793314938395,
    0.804914938941,0.816514939487,0.828114940033,0.839714940578,
    0.851314941124,0.860914941576,0.872514942122,0.883314942631,
    0.894914943177,0.906514943722,0.915314944137,0.925314944608,
    0.933314944984,0.943314945455,0.954914946001,0.966114946528,
    0.973714946886,0.984514947394,1.),.UNSPECIFIED.);
#962 = CARTESIAN_POINT('',(1.9,85.4,16.926932219902));
#963 = CARTESIAN_POINT('',(1.9,85.580479045832,16.926932219902));
#964 = CARTESIAN_POINT('',(1.908515745792,85.760958386518,
    16.926932219902));
#965 = CARTESIAN_POINT('',(1.925547196067,85.940834010258,
    16.926932219902));
#966 = CARTESIAN_POINT('',(1.976551700798,86.29874705283,16.926932219902
    ));
#967 = CARTESIAN_POINT('',(2.01057825875,86.476777447335,16.926932219902
    ));
#968 = CARTESIAN_POINT('',(2.05300278361,86.652995459195,16.926932219902
    ));
#969 = CARTESIAN_POINT('',(2.109033690114,86.845274443027,
    16.926932219902));
#970 = CARTESIAN_POINT('',(2.114505442397,86.863706192213,
    16.926932219902));
#971 = CARTESIAN_POINT('',(2.120069774801,86.882110204168,
    16.926932219902));
#972 = CARTESIAN_POINT('',(2.138454043722,86.941830833558,
    16.926932219902));
#973 = CARTESIAN_POINT('',(2.151649216093,86.983031939452,
    16.926932219902));
#974 = CARTESIAN_POINT('',(2.165309547758,87.024081166479,
    16.926932219902));
#975 = CARTESIAN_POINT('',(2.185709120265,87.083143780374,
    16.926932219902));
#976 = CARTESIAN_POINT('',(2.192077259835,87.101285341761,
    16.926932219902));
#977 = CARTESIAN_POINT('',(2.198536509538,87.119394663791,
    16.926932219902));
#978 = CARTESIAN_POINT('',(2.211636732711,87.155547458939,
    16.926932219902));
#979 = CARTESIAN_POINT('',(2.218277706183,87.173590932065,
    16.926932219902));
#980 = CARTESIAN_POINT('',(2.225009293291,87.191600795644,
    16.926932219902));
#981 = CARTESIAN_POINT('',(2.241211405991,87.234292780931,
    16.926932219902));
#982 = CARTESIAN_POINT('',(2.250762404088,87.258944362399,
    16.926932219902));
#983 = CARTESIAN_POINT('',(2.260483557621,87.283529341706,
    16.926932219902));
#984 = CARTESIAN_POINT('',(2.278466467151,87.328105015101,
    16.926932219902));
#985 = CARTESIAN_POINT('',(2.286672207715,87.348118307206,
    16.926932219902));
#986 = CARTESIAN_POINT('',(2.294990991384,87.368084876198,
    16.926932219902));
#987 = CARTESIAN_POINT('',(2.310917011356,87.405709446984,
    16.926932219902));
#988 = CARTESIAN_POINT('',(2.318500607448,87.4233774554,16.926932219902)
  );
#989 = CARTESIAN_POINT('',(2.326172917951,87.441007120816,
    16.926932219902));
#990 = CARTESIAN_POINT('',(2.343311198427,87.479853152205,
    16.926932219902));
#991 = CARTESIAN_POINT('',(2.352817847874,87.501051571026,
    16.926932219902));
#992 = CARTESIAN_POINT('',(2.362453078142,87.522191856784,
    16.926932219902));
#993 = CARTESIAN_POINT('',(2.384336271348,87.56944234292,16.926932219902
    ));
#994 = CARTESIAN_POINT('',(2.396653507133,87.595520460898,
    16.926932219902));
#995 = CARTESIAN_POINT('',(2.409167022748,87.621504965158,
    16.926932219902));
#996 = CARTESIAN_POINT('',(2.431407268173,87.666810160066,
    16.926932219902));
#997 = CARTESIAN_POINT('',(2.441048599721,87.686172772624,
    16.926932219902));
#998 = CARTESIAN_POINT('',(2.450799271854,87.705480554268,
    16.926932219902));
#999 = CARTESIAN_POINT('',(2.466866670012,87.736854228312,
    16.926932219902));
#1000 = CARTESIAN_POINT('',(2.473117687172,87.748953772199,
    16.926932219902));
#1001 = CARTESIAN_POINT('',(2.479411745066,87.761030982681,
    16.926932219902));
#1002 = CARTESIAN_POINT('',(2.496558862346,87.793649441569,
    16.926932219902));
#1003 = CARTESIAN_POINT('',(2.507493900867,87.814147594578,
    16.926932219902));
#1004 = CARTESIAN_POINT('',(2.518553240547,87.834578951609,
    16.926932219902));
#1005 = CARTESIAN_POINT('',(2.539376798749,87.872497070443,
    16.926932219902));
#1006 = CARTESIAN_POINT('',(2.54910925107,87.890001277364,
    16.926932219902));
#1007 = CARTESIAN_POINT('',(2.558933223045,87.907454284632,
    16.926932219902));
#1008 = CARTESIAN_POINT('',(2.582332820996,87.948520861766,
    16.926932219902));
#1009 = CARTESIAN_POINT('',(2.595985855659,87.972090324452,
    16.926932219902));
#1010 = CARTESIAN_POINT('',(2.609806385206,87.995561964571,
    16.926932219902));
#1011 = CARTESIAN_POINT('',(2.630786825966,88.03062002419,
    16.926932219902));
#1012 = CARTESIAN_POINT('',(2.637821913963,88.042281143977,
    16.926932219902));
#1013 = CARTESIAN_POINT('',(2.644898476717,88.053917141458,
    16.926932219902));
#1014 = CARTESIAN_POINT('',(2.6616464818,88.081236328262,16.926932219902
    ));
#1015 = CARTESIAN_POINT('',(2.671352254432,88.096898471423,
    16.926932219902));
#1016 = CARTESIAN_POINT('',(2.681133361575,88.112513678559,
    16.926932219902));
#1017 = CARTESIAN_POINT('',(2.703845240922,88.148387141576,
    16.926932219902));
#1018 = CARTESIAN_POINT('',(2.71682860638,88.168612100116,
    16.926932219902));
#1019 = CARTESIAN_POINT('',(2.729938795214,88.188755080911,
    16.926932219902));
#1020 = CARTESIAN_POINT('',(2.75420521388,88.22553140861,16.926932219902
    ));
#1021 = CARTESIAN_POINT('',(2.76532293164,88.242190167264,
    16.926932219902));
#1022 = CARTESIAN_POINT('',(2.776527723249,88.258790484524,
    16.926932219902));
#1023 = CARTESIAN_POINT('',(2.799562181499,88.292534523583,
    16.926932219902));
#1024 = CARTESIAN_POINT('',(2.811398915483,88.309673421067,
    16.926932219902));
#1025 = CARTESIAN_POINT('',(2.823328803968,88.326747607404,
    16.926932219902));
#1026 = CARTESIAN_POINT('',(2.847836224573,88.361419226167,
    16.926932219902));
#1027 = CARTESIAN_POINT('',(2.860421018308,88.379011525781,
    16.926932219902));
#1028 = CARTESIAN_POINT('',(2.873105094521,88.396532377635,
    16.926932219902));
#1029 = CARTESIAN_POINT('',(2.897723715545,88.430137025431,
    16.926932219902));
#1030 = CARTESIAN_POINT('',(2.909644184081,88.446231133607,
    16.926932219902));
#1031 = CARTESIAN_POINT('',(2.921648758916,88.462262604879,
    16.926932219902));
#1032 = CARTESIAN_POINT('',(2.944374544865,88.492282778925,
    16.926932219902));
#1033 = CARTESIAN_POINT('',(2.955076893751,88.506285760738,
    16.926932219902));
#1034 = CARTESIAN_POINT('',(2.965843650819,88.520239280494,
    16.926932219902));
#1035 = CARTESIAN_POINT('',(2.986028361424,88.546150562839,
    16.926932219902));
#1036 = CARTESIAN_POINT('',(2.995430034425,88.558121007858,
    16.926932219902));
#1037 = CARTESIAN_POINT('',(3.004879267962,88.570053945248,
    16.926932219902));
#1038 = CARTESIAN_POINT('',(3.028870598904,88.600104843467,
    16.926932219902));
#1039 = CARTESIAN_POINT('',(3.04347563477,88.61817255698,16.926932219902
    ));
#1040 = CARTESIAN_POINT('',(3.058190141955,88.636151228304,
    16.926932219902));
#1041 = CARTESIAN_POINT('',(3.082213881148,88.665143160835,
    16.926932219902));
#1042 = CARTESIAN_POINT('',(3.091456320546,88.676211768772,
    16.926932219902));
#1043 = CARTESIAN_POINT('',(3.100740422231,88.687245454631,
    16.926932219902));
#1044 = CARTESIAN_POINT('',(3.12301816123,88.713519719081,
    16.926932219902));
#1045 = CARTESIAN_POINT('',(3.136050318632,88.728727636807,
    16.926932219902));
#1046 = CARTESIAN_POINT('',(3.149161926949,88.743867108907,
    16.926932219902));
#1047 = CARTESIAN_POINT('',(3.177653443189,88.776419187404,
    16.926932219902));
#1048 = CARTESIAN_POINT('',(3.193060621888,88.793807924815,
    16.926932219902));
#1049 = CARTESIAN_POINT('',(3.208573133105,88.811102760461,
    16.926932219902));
#1050 = CARTESIAN_POINT('',(3.236037476415,88.841351004798,
    16.926932219902));
#1051 = CARTESIAN_POINT('',(3.247944962274,88.85434467833,
    16.926932219902));
#1052 = CARTESIAN_POINT('',(3.259912192913,88.867283347588,
    16.926932219902));
#1053 = CARTESIAN_POINT('',(3.287792020781,88.897149074383,
    16.926932219902));
#1054 = CARTESIAN_POINT('',(3.30374840346,88.914035257967,
    16.926932219902));
#1055 = CARTESIAN_POINT('',(3.319807056086,88.930824213268,
    16.926932219902));
#1056 = CARTESIAN_POINT('',(3.34655468916,88.958450370603,
    16.926932219902));
#1057 = CARTESIAN_POINT('',(3.357185809528,88.969343592757,
    16.926932219902));
#1058 = CARTESIAN_POINT('',(3.367860194016,88.98019442337,
    16.926932219902));
#1059 = CARTESIAN_POINT('',(3.394935715787,89.007499305076,
    16.926932219902));
#1060 = CARTESIAN_POINT('',(3.411394040289,89.023896649338,
    16.926932219902));
#1061 = CARTESIAN_POINT('',(3.427951656338,89.04019372561,
    16.926932219902));
#1062 = CARTESIAN_POINT('',(3.461263628126,89.072585549692,
    16.926932219902));
#1063 = CARTESIAN_POINT('',(3.47801798388,89.088680297516,
    16.926932219902));
#1064 = CARTESIAN_POINT('',(3.494869787793,89.104672984881,
    16.926932219902));
#1065 = CARTESIAN_POINT('',(3.525259868415,89.133164946105,
    16.926932219902));
#1066 = CARTESIAN_POINT('',(3.53876234108,89.145702409275,
    16.926932219902));
#1067 = CARTESIAN_POINT('',(3.552325052105,89.158174683344,
    16.926932219902));
#1068 = CARTESIAN_POINT('',(3.578385439483,89.181909150188,
    16.926932219902));
#1069 = CARTESIAN_POINT('',(3.590873173968,89.193182259116,
    16.926932219902));
#1070 = CARTESIAN_POINT('',(3.60341036987,89.204400334549,
    16.926932219902));
#1071 = CARTESIAN_POINT('',(3.632778384764,89.230446676612,
    16.926932219902));
#1072 = CARTESIAN_POINT('',(3.649647389697,89.245231887492,
    16.926932219902));
#1073 = CARTESIAN_POINT('',(3.66660281105,89.259917917415,
    16.926932219902));
#1074 = CARTESIAN_POINT('',(3.70007612275,89.28856917843,16.926932219902
    ));
#1075 = CARTESIAN_POINT('',(3.716588012404,89.302541420166,
    16.926932219902));
#1076 = CARTESIAN_POINT('',(3.733178650472,89.316420064465,
    16.926932219902));
#1077 = CARTESIAN_POINT('',(3.765898469253,89.343478302975,
    16.926932219902));
#1078 = CARTESIAN_POINT('',(3.782021982913,89.356664750017,
    16.926932219902));
#1079 = CARTESIAN_POINT('',(3.798217064415,89.369763200823,
    16.926932219902));
#1080 = CARTESIAN_POINT('',(3.831374528605,89.396283332436,
    16.926932219902));
#1081 = CARTESIAN_POINT('',(3.848342465669,89.409698068769,
    16.926932219902));
#1082 = CARTESIAN_POINT('',(3.865385991185,89.423016637651,
    16.926932219902));
#1083 = CARTESIAN_POINT('',(3.900256587715,89.449949867156,
    16.926932219902));
#1084 = CARTESIAN_POINT('',(3.918089299624,89.463557224509,
    16.926932219902));
#1085 = CARTESIAN_POINT('',(3.93600150397,89.47705976959,16.926932219902
    ));
#1086 = CARTESIAN_POINT('',(3.971983041358,89.503853852985,
    16.926932219902));
#1087 = CARTESIAN_POINT('',(3.990052374416,89.51714539131,
    16.926932219902));
#1088 = CARTESIAN_POINT('',(4.008199343748,89.530330735152,
    16.926932219902));
#1089 = CARTESIAN_POINT('',(4.042043293976,89.554619330986,
    16.926932219902));
#1090 = CARTESIAN_POINT('',(4.057719926915,89.565750936028,
    16.926932219902));
#1091 = CARTESIAN_POINT('',(4.07345231606,89.576803600091,
    16.926932219902));
#1092 = CARTESIAN_POINT('',(4.10831648235,89.601036320146,
    16.926932219902));
#1093 = CARTESIAN_POINT('',(4.127473635952,89.614179866475,
    16.926932219902));
#1094 = CARTESIAN_POINT('',(4.146710268212,89.627206812531,
    16.926932219902));
#1095 = CARTESIAN_POINT('',(4.184008280488,89.652135755913,
    16.926932219902));
#1096 = CARTESIAN_POINT('',(4.202059218306,89.664053376605,
    16.926932219902));
#1097 = CARTESIAN_POINT('',(4.220177261136,89.67586872946,
    16.926932219902));
#1098 = CARTESIAN_POINT('',(4.257892795675,89.700161370161,
    16.926932219902));
#1099 = CARTESIAN_POINT('',(4.277500463078,89.71262285977,
    16.926932219902));
#1100 = CARTESIAN_POINT('',(4.297183458112,89.724965025331,
    16.926932219902));
#1101 = CARTESIAN_POINT('',(4.336697916813,89.749409355662,
    16.926932219902));
#1102 = CARTESIAN_POINT('',(4.356529380496,89.761511520445,
    16.926932219902));
#1103 = CARTESIAN_POINT('',(4.376433985196,89.7734930085,16.926932219902
    ));
#1104 = CARTESIAN_POINT('',(4.415698416046,89.796804347667,
    16.926932219902));
#1105 = CARTESIAN_POINT('',(4.435053359899,89.808142422312,
    16.926932219902));
#1106 = CARTESIAN_POINT('',(4.454474462013,89.819366796719,
    16.926932219902));
#1107 = CARTESIAN_POINT('',(4.492751034614,89.841190209465,
    16.926932219902));
#1108 = CARTESIAN_POINT('',(4.511601934429,89.851797264439,
    16.926932219902));
#1109 = CARTESIAN_POINT('',(4.530512515272,89.86229754878,
    16.926932219902));
#1110 = CARTESIAN_POINT('',(4.569856356359,89.883853432116,
    16.926932219902));
#1111 = CARTESIAN_POINT('',(4.590298645925,89.89489255081,
    16.926932219902));
#1112 = CARTESIAN_POINT('',(4.61080760845,89.905807302315,
    16.926932219902));
#1113 = CARTESIAN_POINT('',(4.651956602331,89.927386876786,
    16.926932219902));
#1114 = CARTESIAN_POINT('',(4.672596633705,89.938051699762,
    16.926932219902));
#1115 = CARTESIAN_POINT('',(4.693301060971,89.948590961399,
    16.926932219902));
#1116 = CARTESIAN_POINT('',(4.734836408822,89.969417209517,
    16.926932219902));
#1117 = CARTESIAN_POINT('',(4.755667329425,89.979704196009,
    16.926932219902));
#1118 = CARTESIAN_POINT('',(4.776560347473,89.989864468697,
    16.926932219902));
#1119 = CARTESIAN_POINT('',(4.818468259379,90.009930476059,
    16.926932219902));
#1120 = CARTESIAN_POINT('',(4.839483153255,90.019836210742,
    16.926932219902));
#1121 = CARTESIAN_POINT('',(4.860557825514,90.029614121227,
    16.926932219902));
#1122 = CARTESIAN_POINT('',(4.900638186367,90.047914996283,
    16.926932219902));
#1123 = CARTESIAN_POINT('',(4.919632376198,90.056463144095,
    16.926932219902));
#1124 = CARTESIAN_POINT('',(4.938672833411,90.064907732152,
    16.926932219902));
#1125 = CARTESIAN_POINT('',(4.977578656852,90.081909841278,
    16.926932219902));
#1126 = CARTESIAN_POINT('',(4.997447584006,90.090459213936,
    16.926932219902));
#1127 = CARTESIAN_POINT('',(5.017364539803,90.098896091961,
    16.926932219902));
#1128 = CARTESIAN_POINT('',(5.058771410228,90.116160651598,
    16.926932219902));
#1129 = CARTESIAN_POINT('',(5.080268556633,90.124970988747,
    16.926932219902));
#1130 = CARTESIAN_POINT('',(5.101818819237,90.13365059277,
    16.926932219902));
#1131 = CARTESIAN_POINT('',(5.145023186015,90.150747388465,
    16.926932219902));
#1132 = CARTESIAN_POINT('',(5.166677290209,90.159164580146,
    16.926932219902));
#1133 = CARTESIAN_POINT('',(5.188382119796,90.167450092613,
    16.926932219902));
#1134 = CARTESIAN_POINT('',(5.231140672052,90.183475705637,
    16.926932219902));
#1135 = CARTESIAN_POINT('',(5.252191038342,90.19122476153,
    16.926932219902));
#1136 = CARTESIAN_POINT('',(5.273286486273,90.198850236254,
    16.926932219902));
#1137 = CARTESIAN_POINT('',(5.31405540445,90.213317427508,
    16.926932219902));
#1138 = CARTESIAN_POINT('',(5.333722814708,90.220176221287,
    16.926932219902));
#1139 = CARTESIAN_POINT('',(5.353427282976,90.226927814331,
    16.926932219902));
#1140 = CARTESIAN_POINT('',(5.395186346491,90.240982634439,
    16.926932219902));
#1141 = CARTESIAN_POINT('',(5.417249772659,90.248259623515,
    16.926932219902));
#1142 = CARTESIAN_POINT('',(5.43935699124,90.255402468245,
    16.926932219902));
#1143 = CARTESIAN_POINT('',(5.483656561801,90.269419093369,
    16.926932219902));
#1144 = CARTESIAN_POINT('',(5.505848913801,90.276292873768,
    16.926932219902));
#1145 = CARTESIAN_POINT('',(5.528082606804,90.283031734183,
    16.926932219902));
#1146 = CARTESIAN_POINT('',(5.572630209663,90.296238884191,
    16.926932219902));
#1147 = CARTESIAN_POINT('',(5.594944119538,90.30270717379,
    16.926932219902));
#1148 = CARTESIAN_POINT('',(5.617296905281,90.309039812559,
    16.926932219902));
#1149 = CARTESIAN_POINT('',(5.662077750441,90.32143310262,
    16.926932219902));
#1150 = CARTESIAN_POINT('',(5.684505809877,90.327493753919,
    16.926932219902));
#1151 = CARTESIAN_POINT('',(5.706970267139,90.333418068578,
    16.926932219902));
#1152 = CARTESIAN_POINT('',(5.751969487167,90.344993384067,
    16.926932219902));
#1153 = CARTESIAN_POINT('',(5.774504249952,90.350644384903,
    16.926932219902));
#1154 = CARTESIAN_POINT('',(5.797072920436,90.356158408555,
    16.926932219902));
#1155 = CARTESIAN_POINT('',(5.838378794798,90.36598488074,
    16.926932219902));
#1156 = CARTESIAN_POINT('',(5.857105708431,90.370340584687,
    16.926932219902));
#1157 = CARTESIAN_POINT('',(5.875854279911,90.374602100683,
    16.926932219902));
#1158 = CARTESIAN_POINT('',(5.917303632066,90.383804601336,
    16.926932219902));
#1159 = CARTESIAN_POINT('',(5.940014049591,90.388702180336,
    16.926932219902));
#1160 = CARTESIAN_POINT('',(5.962753795398,90.393461729149,
    16.926932219902));
#1161 = CARTESIAN_POINT('',(6.006719229663,90.402385547152,
    16.926932219902));
#1162 = CARTESIAN_POINT('',(6.027941180138,90.406568232545,
    16.926932219902));
#1163 = CARTESIAN_POINT('',(6.049186444194,90.410630841838,
    16.926932219902));
#1164 = CARTESIAN_POINT('',(6.09329693378,90.4188075555,16.926932219902)
  );
#1165 = CARTESIAN_POINT('',(6.116165584382,90.422903182914,
    16.926932219902));
#1166 = CARTESIAN_POINT('',(6.139058689406,90.426859833847,
    16.926932219902));
#1167 = CARTESIAN_POINT('',(6.184891272036,90.434494760254,
    16.926932219902));
#1168 = CARTESIAN_POINT('',(6.207830749662,90.438173035732,
    16.926932219902));
#1169 = CARTESIAN_POINT('',(6.230792145468,90.441711912234,
    16.926932219902));
#1170 = CARTESIAN_POINT('',(6.271208840399,90.447689972935,
    16.926932219902));
#1171 = CARTESIAN_POINT('',(6.288655375243,90.450188411105,
    16.926932219902));
#1172 = CARTESIAN_POINT('',(6.30611323698,90.452606434038,
    16.926932219902));
#1173 = CARTESIAN_POINT('',(6.343432587834,90.457600255079,
    16.926932219902));
#1174 = CARTESIAN_POINT('',(6.363297214669,90.460152604748,
    16.926932219902));
#1175 = CARTESIAN_POINT('',(6.383174933448,90.46260090706,
    16.926932219902));
#1176 = CARTESIAN_POINT('',(6.418976920418,90.466820392456,
    16.926932219902));
#1177 = CARTESIAN_POINT('',(6.434896769979,90.468629067293,
    16.926932219902));
#1178 = CARTESIAN_POINT('',(6.450824056098,90.470371040767,
    16.926932219902));
#1179 = CARTESIAN_POINT('',(6.486676238514,90.474140303814,
    16.926932219902));
#1180 = CARTESIAN_POINT('',(6.506605081981,90.476130049069,
    16.926932219902));
#1181 = CARTESIAN_POINT('',(6.526544070683,90.478015418437,
    16.926932219902));
#1182 = CARTESIAN_POINT('',(6.569632428001,90.481862206161,
    16.926932219902));
#1183 = CARTESIAN_POINT('',(6.592785019309,90.483787526899,
    16.926932219902));
#1184 = CARTESIAN_POINT('',(6.615948877669,90.485572186575,
    16.926932219902));
#1185 = CARTESIAN_POINT('',(6.661497465686,90.488803315392,
    16.926932219902));
#1186 = CARTESIAN_POINT('',(6.683881518637,90.490259324208,
    16.926932219902));
#1187 = CARTESIAN_POINT('',(6.706273725305,90.491584038788,
    16.926932219902));
#1188 = CARTESIAN_POINT('',(6.743872390641,90.493587176741,
    16.926932219902));
#1189 = CARTESIAN_POINT('',(6.759075073493,90.494336471931,
    16.926932219902));
#1190 = CARTESIAN_POINT('',(6.774280617705,90.495025263902,
    16.926932219902));
#1191 = CARTESIAN_POINT('',(6.811100093458,90.496546347909,
    16.926932219902));
#1192 = CARTESIAN_POINT('',(6.832716573608,90.497316948322,
    16.926932219902));
#1193 = CARTESIAN_POINT('',(6.854337065836,90.497965296144,
    16.926932219902));
#1194 = CARTESIAN_POINT('',(6.906964283785,90.499245645879,
    16.926932219902));
#1195 = CARTESIAN_POINT('',(6.937974150318,90.499748548626,
    16.926932219902));
#1196 = CARTESIAN_POINT('',(6.968987075236,90.5,16.926932219902));
#1197 = CARTESIAN_POINT('',(7.,90.5,16.926932219902));
#1198 = PCURVE('',#370,#1199);
#1199 = DEFINITIONAL_REPRESENTATION('',(#1200),#1437);
#1200 = B_SPLINE_CURVE_WITH_KNOTS('',4,(#1201,#1202,#1203,#1204,#1205,
    #1206,#1207,#1208,#1209,#1210,#1211,#1212,#1213,#1214,#1215,#1216,
    #1217,#1218,#1219,#1220,#1221,#1222,#1223,#1224,#1225,#1226,#1227,
    #1228,#1229,#1230,#1231,#1232,#1233,#1234,#1235,#1236,#1237,#1238,
    #1239,#1240,#1241,#1242,#1243,#1244,#1245,#1246,#1247,#1248,#1249,
    #1250,#1251,#1252,#1253,#1254,#1255,#1256,#1257,#1258,#1259,#1260,
    #1261,#1262,#1263,#1264,#1265,#1266,#1267,#1268,#1269,#1270,#1271,
    #1272,#1273,#1274,#1275,#1276,#1277,#1278,#1279,#1280,#1281,#1282,
    #1283,#1284,#1285,#1286,#1287,#1288,#1289,#1290,#1291,#1292,#1293,
    #1294,#1295,#1296,#1297,#1298,#1299,#1300,#1301,#1302,#1303,#1304,
    #1305,#1306,#1307,#1308,#1309,#1310,#1311,#1312,#1313,#1314,#1315,
    #1316,#1317,#1318,#1319,#1320,#1321,#1322,#1323,#1324,#1325,#1326,
    #1327,#1328,#1329,#1330,#1331,#1332,#1333,#1334,#1335,#1336,#1337,
    #1338,#1339,#1340,#1341,#1342,#1343,#1344,#1345,#1346,#1347,#1348,
    #1349,#1350,#1351,#1352,#1353,#1354,#1355,#1356,#1357,#1358,#1359,
    #1360,#1361,#1362,#1363,#1364,#1365,#1366,#1367,#1368,#1369,#1370,
    #1371,#1372,#1373,#1374,#1375,#1376,#1377,#1378,#1379,#1380,#1381,
    #1382,#1383,#1384,#1385,#1386,#1387,#1388,#1389,#1390,#1391,#1392,
    #1393,#1394,#1395,#1396,#1397,#1398,#1399,#1400,#1401,#1402,#1403,
    #1404,#1405,#1406,#1407,#1408,#1409,#1410,#1411,#1412,#1413,#1414,
    #1415,#1416,#1417,#1418,#1419,#1420,#1421,#1422,#1423,#1424,#1425,
    #1426,#1427,#1428,#1429,#1430,#1431,#1432,#1433,#1434,#1435,#1436),
  .UNSPECIFIED.,.F.,.F.,(5,3,3,3,3,3,3,3,3,3,3,3,3,3,3,3,3,3,3,3,3,3,3,3
    ,3,3,3,3,3,3,3,3,3,3,3,3,3,3,3,3,3,3,3,3,3,3,3,3,3,3,3,3,3,3,3,3,3,3
    ,3,3,3,3,3,3,3,3,3,3,3,3,3,3,3,3,3,3,3,3,5),(0.,9.011492903287E-02,
    0.180514909572,0.190114910024,0.211714911023,0.221314911475,
    0.230914911927,0.244114912548,0.254914913056,0.264514913508,
    0.276114914054,0.29051491473,0.301314915238,0.308114915559,
    0.319714916104,0.329714916575,0.343314917214,0.350114917535,
    0.359314917968,0.371314918532,0.381314919003,0.391714919493,
    0.402514920001,0.412514920472,0.421314920886,0.428914921244,
    0.44051492179,0.447714922129,0.4577149226,0.469314923146,
    0.47811492356,0.489714924106,0.497314924464,0.50891492501,
    0.520514925556,0.529714925989,0.538114926385,0.549314926912,
    0.56011492742,0.57051492791,0.581314928418,0.592514928945,
    0.603714929472,0.613314929924,0.62491493047,0.635714930979,
    0.647314931524,0.65891493207,0.670114932597,0.680914933106,
    0.692514933651,0.704114934197,0.715714934743,0.727314935289,
    0.737714935778,0.748514936287,0.760114936833,0.771714937378,
    0.782914937906,0.793314938395,0.804914938941,0.816514939487,
    0.828114940033,0.839714940578,0.851314941124,0.860914941576,
    0.872514942122,0.883314942631,0.894914943177,0.906514943722,
    0.915314944137,0.925314944608,0.933314944984,0.943314945455,
    0.954914946001,0.966114946528,0.973714946886,0.984514947394,1.),
  .UNSPECIFIED.);
#1201 = CARTESIAN_POINT('',(0.,1.328430475756));
#1202 = CARTESIAN_POINT('',(-3.538804820226E-02,1.328430475756));
#1203 = CARTESIAN_POINT('',(-7.077611475852E-02,1.328430475756));
#1204 = CARTESIAN_POINT('',(-0.1061641813,1.328430475756));
#1205 = CARTESIAN_POINT('',(-0.177052217182,1.328430475756));
#1206 = CARTESIAN_POINT('',(-0.212552223482,1.328430475756));
#1207 = CARTESIAN_POINT('',(-0.248052229783,1.328430475756));
#1208 = CARTESIAN_POINT('',(-0.287322128637,1.328430475756));
#1209 = CARTESIAN_POINT('',(-0.291092039822,1.328430475756));
#1210 = CARTESIAN_POINT('',(-0.294861951006,1.328430475756));
#1211 = CARTESIAN_POINT('',(-0.307114162348,1.328430475756));
#1212 = CARTESIAN_POINT('',(-0.31559646252,1.328430475756));
#1213 = CARTESIAN_POINT('',(-0.324078762692,1.328430475756));
#1214 = CARTESIAN_POINT('',(-0.336330974033,1.328430475756));
#1215 = CARTESIAN_POINT('',(-0.340100885218,1.328430475756));
#1216 = CARTESIAN_POINT('',(-0.343870796402,1.328430475756));
#1217 = CARTESIAN_POINT('',(-0.35141061877,1.328430475756));
#1218 = CARTESIAN_POINT('',(-0.355180529955,1.328430475756));
#1219 = CARTESIAN_POINT('',(-0.358950441139,1.328430475756));
#1220 = CARTESIAN_POINT('',(-0.367903980201,1.328430475756));
#1221 = CARTESIAN_POINT('',(-0.37308760808,1.328430475756));
#1222 = CARTESIAN_POINT('',(-0.378271235959,1.328430475756));
#1223 = CARTESIAN_POINT('',(-0.387696013919,1.328430475756));
#1224 = CARTESIAN_POINT('',(-0.391937164002,1.328430475756));
#1225 = CARTESIAN_POINT('',(-0.396178314084,1.328430475756));
#1226 = CARTESIAN_POINT('',(-0.404189375351,1.328430475756));
#1227 = CARTESIAN_POINT('',(-0.407959286535,1.328430475756));
#1228 = CARTESIAN_POINT('',(-0.411729197719,1.328430475756));
#1229 = CARTESIAN_POINT('',(-0.420054418251,1.328430475756));
#1230 = CARTESIAN_POINT('',(-0.424609727599,1.328430475756));
#1231 = CARTESIAN_POINT('',(-0.429165036947,1.328430475756));
#1232 = CARTESIAN_POINT('',(-0.43937521307,1.328430475756));
#1233 = CARTESIAN_POINT('',(-0.445030079847,1.328430475756));
#1234 = CARTESIAN_POINT('',(-0.450684946625,1.328430475756));
#1235 = CARTESIAN_POINT('',(-0.460580963482,1.328430475756));
#1236 = CARTESIAN_POINT('',(-0.464822113565,1.328430475756));
#1237 = CARTESIAN_POINT('',(-0.469063263647,1.328430475756));
#1238 = CARTESIAN_POINT('',(-0.475974767485,1.328430475756));
#1239 = CARTESIAN_POINT('',(-0.478645121241,1.328430475756));
#1240 = CARTESIAN_POINT('',(-0.481315474996,1.328430475756));
#1241 = CARTESIAN_POINT('',(-0.488541138099,1.328430475756));
#1242 = CARTESIAN_POINT('',(-0.493096447447,1.328430475756));
#1243 = CARTESIAN_POINT('',(-0.497651756795,1.328430475756));
#1244 = CARTESIAN_POINT('',(-0.506134056959,1.328430475756));
#1245 = CARTESIAN_POINT('',(-0.510061047776,1.328430475756));
#1246 = CARTESIAN_POINT('',(-0.513988038594,1.328430475756));
#1247 = CARTESIAN_POINT('',(-0.523255736921,1.328430475756));
#1248 = CARTESIAN_POINT('',(-0.528596444433,1.328430475756));
#1249 = CARTESIAN_POINT('',(-0.533937151944,1.328430475756));
#1250 = CARTESIAN_POINT('',(-0.54194821321,1.328430475756));
#1251 = CARTESIAN_POINT('',(-0.544618566966,1.328430475756));
#1252 = CARTESIAN_POINT('',(-0.547288920721,1.328430475756));
#1253 = CARTESIAN_POINT('',(-0.553572106028,1.328430475756));
#1254 = CARTESIAN_POINT('',(-0.55718493758,1.328430475756));
#1255 = CARTESIAN_POINT('',(-0.560797769132,1.328430475756));
#1256 = CARTESIAN_POINT('',(-0.569122989663,1.328430475756));
#1257 = CARTESIAN_POINT('',(-0.573835378644,1.328430475756));
#1258 = CARTESIAN_POINT('',(-0.578547767625,1.328430475756));
#1259 = CARTESIAN_POINT('',(-0.587187147422,1.328430475756));
#1260 = CARTESIAN_POINT('',(-0.591114138239,1.328430475756));
#1261 = CARTESIAN_POINT('',(-0.595041129056,1.328430475756));
#1262 = CARTESIAN_POINT('',(-0.603052190322,1.328430475756));
#1263 = CARTESIAN_POINT('',(-0.607136260772,1.328430475756));
#1264 = CARTESIAN_POINT('',(-0.611220331222,1.328430475756));
#1265 = CARTESIAN_POINT('',(-0.619545551754,1.328430475756));
#1266 = CARTESIAN_POINT('',(-0.623786701836,1.328430475756));
#1267 = CARTESIAN_POINT('',(-0.628027851919,1.328430475756));
#1268 = CARTESIAN_POINT('',(-0.636195992818,1.328430475756));
#1269 = CARTESIAN_POINT('',(-0.640122983635,1.328430475756));
#1270 = CARTESIAN_POINT('',(-0.644049974452,1.328430475756));
#1271 = CARTESIAN_POINT('',(-0.651432717188,1.328430475756));
#1272 = CARTESIAN_POINT('',(-0.654888469107,1.328430475756));
#1273 = CARTESIAN_POINT('',(-0.658344221026,1.328430475756));
#1274 = CARTESIAN_POINT('',(-0.664784485965,1.328430475756));
#1275 = CARTESIAN_POINT('',(-0.667768998986,1.328430475756));
#1276 = CARTESIAN_POINT('',(-0.670753512007,1.328430475756));
#1277 = CARTESIAN_POINT('',(-0.678293334376,1.328430475756));
#1278 = CARTESIAN_POINT('',(-0.682848643724,1.328430475756));
#1279 = CARTESIAN_POINT('',(-0.687403953072,1.328430475756));
#1280 = CARTESIAN_POINT('',(-0.694786695807,1.328430475756));
#1281 = CARTESIAN_POINT('',(-0.697614129195,1.328430475756));
#1282 = CARTESIAN_POINT('',(-0.700441562584,1.328430475756));
#1283 = CARTESIAN_POINT('',(-0.707195986789,1.328430475756));
#1284 = CARTESIAN_POINT('',(-0.711122977606,1.328430475756));
#1285 = CARTESIAN_POINT('',(-0.715049968423,1.328430475756));
#1286 = CARTESIAN_POINT('',(-0.723532268587,1.328430475756));
#1287 = CARTESIAN_POINT('',(-0.728087577935,1.328430475756));
#1288 = CARTESIAN_POINT('',(-0.732642887283,1.328430475756));
#1289 = CARTESIAN_POINT('',(-0.740653948549,1.328430475756));
#1290 = CARTESIAN_POINT('',(-0.744109700468,1.328430475756));
#1291 = CARTESIAN_POINT('',(-0.747565452387,1.328430475756));
#1292 = CARTESIAN_POINT('',(-0.755576513654,1.328430475756));
#1293 = CARTESIAN_POINT('',(-0.760131823002,1.328430475756));
#1294 = CARTESIAN_POINT('',(-0.76468713235,1.328430475756));
#1295 = CARTESIAN_POINT('',(-0.772226954718,1.328430475756));
#1296 = CARTESIAN_POINT('',(-0.775211467739,1.328430475756));
#1297 = CARTESIAN_POINT('',(-0.77819598076,1.328430475756));
#1298 = CARTESIAN_POINT('',(-0.785735803128,1.328430475756));
#1299 = CARTESIAN_POINT('',(-0.790291112476,1.328430475756));
#1300 = CARTESIAN_POINT('',(-0.794846421824,1.328430475756));
#1301 = CARTESIAN_POINT('',(-0.803957040519,1.328430475756));
#1302 = CARTESIAN_POINT('',(-0.808512349867,1.328430475756));
#1303 = CARTESIAN_POINT('',(-0.813067659215,1.328430475756));
#1304 = CARTESIAN_POINT('',(-0.821235800114,1.328430475756));
#1305 = CARTESIAN_POINT('',(-0.824848631666,1.328430475756));
#1306 = CARTESIAN_POINT('',(-0.828461463217,1.328430475756));
#1307 = CARTESIAN_POINT('',(-0.835372967055,1.328430475756));
#1308 = CARTESIAN_POINT('',(-0.838671639341,1.328430475756));
#1309 = CARTESIAN_POINT('',(-0.841970311628,1.328430475756));
#1310 = CARTESIAN_POINT('',(-0.849667213629,1.328430475756));
#1311 = CARTESIAN_POINT('',(-0.854065443344,1.328430475756));
#1312 = CARTESIAN_POINT('',(-0.858463673059,1.328430475756));
#1313 = CARTESIAN_POINT('',(-0.867103052856,1.328430475756));
#1314 = CARTESIAN_POINT('',(-0.871344202939,1.328430475756));
#1315 = CARTESIAN_POINT('',(-0.875585353021,1.328430475756));
#1316 = CARTESIAN_POINT('',(-0.883910573553,1.328430475756));
#1317 = CARTESIAN_POINT('',(-0.887994644003,1.328430475756));
#1318 = CARTESIAN_POINT('',(-0.892078714452,1.328430475756));
#1319 = CARTESIAN_POINT('',(-0.900403934984,1.328430475756));
#1320 = CARTESIAN_POINT('',(-0.904645085067,1.328430475756));
#1321 = CARTESIAN_POINT('',(-0.908886235149,1.328430475756));
#1322 = CARTESIAN_POINT('',(-0.917525614946,1.328430475756));
#1323 = CARTESIAN_POINT('',(-0.921923844661,1.328430475756));
#1324 = CARTESIAN_POINT('',(-0.926322074377,1.328430475756));
#1325 = CARTESIAN_POINT('',(-0.935118533806,1.328430475756));
#1326 = CARTESIAN_POINT('',(-0.939516763521,1.328430475756));
#1327 = CARTESIAN_POINT('',(-0.943914993237,1.328430475756));
#1328 = CARTESIAN_POINT('',(-0.952083134136,1.328430475756));
#1329 = CARTESIAN_POINT('',(-0.95585304532,1.328430475756));
#1330 = CARTESIAN_POINT('',(-0.959622956504,1.328430475756));
#1331 = CARTESIAN_POINT('',(-0.967948177036,1.328430475756));
#1332 = CARTESIAN_POINT('',(-0.972503486384,1.328430475756));
#1333 = CARTESIAN_POINT('',(-0.977058795732,1.328430475756));
#1334 = CARTESIAN_POINT('',(-0.985855255161,1.328430475756));
#1335 = CARTESIAN_POINT('',(-0.990096405244,1.328430475756));
#1336 = CARTESIAN_POINT('',(-0.994337555327,1.328430475756));
#1337 = CARTESIAN_POINT('',(-1.003134014756,1.328430475756));
#1338 = CARTESIAN_POINT('',(-1.007689324104,1.328430475756));
#1339 = CARTESIAN_POINT('',(-1.012244633452,1.328430475756));
#1340 = CARTESIAN_POINT('',(-1.021355252147,1.328430475756));
#1341 = CARTESIAN_POINT('',(-1.025910561495,1.328430475756));
#1342 = CARTESIAN_POINT('',(-1.030465870843,1.328430475756));
#1343 = CARTESIAN_POINT('',(-1.039419409905,1.328430475756));
#1344 = CARTESIAN_POINT('',(-1.04381763962,1.328430475756));
#1345 = CARTESIAN_POINT('',(-1.048215869336,1.328430475756));
#1346 = CARTESIAN_POINT('',(-1.056855249132,1.328430475756));
#1347 = CARTESIAN_POINT('',(-1.061096399215,1.328430475756));
#1348 = CARTESIAN_POINT('',(-1.065337549298,1.328430475756));
#1349 = CARTESIAN_POINT('',(-1.074134008727,1.328430475756));
#1350 = CARTESIAN_POINT('',(-1.078689318075,1.328430475756));
#1351 = CARTESIAN_POINT('',(-1.083244627423,1.328430475756));
#1352 = CARTESIAN_POINT('',(-1.092355246118,1.328430475756));
#1353 = CARTESIAN_POINT('',(-1.096910555466,1.328430475756));
#1354 = CARTESIAN_POINT('',(-1.101465864814,1.328430475756));
#1355 = CARTESIAN_POINT('',(-1.110576483509,1.328430475756));
#1356 = CARTESIAN_POINT('',(-1.115131792857,1.328430475756));
#1357 = CARTESIAN_POINT('',(-1.119687102205,1.328430475756));
#1358 = CARTESIAN_POINT('',(-1.128797720899,1.328430475756));
#1359 = CARTESIAN_POINT('',(-1.133353030247,1.328430475756));
#1360 = CARTESIAN_POINT('',(-1.137908339595,1.328430475756));
#1361 = CARTESIAN_POINT('',(-1.146547719392,1.328430475756));
#1362 = CARTESIAN_POINT('',(-1.150631789842,1.328430475756));
#1363 = CARTESIAN_POINT('',(-1.154715860292,1.328430475756));
#1364 = CARTESIAN_POINT('',(-1.163041080824,1.328430475756));
#1365 = CARTESIAN_POINT('',(-1.167282230906,1.328430475756));
#1366 = CARTESIAN_POINT('',(-1.171523380989,1.328430475756));
#1367 = CARTESIAN_POINT('',(-1.180319840418,1.328430475756));
#1368 = CARTESIAN_POINT('',(-1.184875149766,1.328430475756));
#1369 = CARTESIAN_POINT('',(-1.189430459114,1.328430475756));
#1370 = CARTESIAN_POINT('',(-1.198541077809,1.328430475756));
#1371 = CARTESIAN_POINT('',(-1.203096387157,1.328430475756));
#1372 = CARTESIAN_POINT('',(-1.207651696505,1.328430475756));
#1373 = CARTESIAN_POINT('',(-1.216605235567,1.328430475756));
#1374 = CARTESIAN_POINT('',(-1.221003465283,1.328430475756));
#1375 = CARTESIAN_POINT('',(-1.225401694998,1.328430475756));
#1376 = CARTESIAN_POINT('',(-1.233883995162,1.328430475756));
#1377 = CARTESIAN_POINT('',(-1.237968065612,1.328430475756));
#1378 = CARTESIAN_POINT('',(-1.242052136062,1.328430475756));
#1379 = CARTESIAN_POINT('',(-1.250691515859,1.328430475756));
#1380 = CARTESIAN_POINT('',(-1.255246825207,1.328430475756));
#1381 = CARTESIAN_POINT('',(-1.259802134555,1.328430475756));
#1382 = CARTESIAN_POINT('',(-1.268912753249,1.328430475756));
#1383 = CARTESIAN_POINT('',(-1.273468062597,1.328430475756));
#1384 = CARTESIAN_POINT('',(-1.278023371945,1.328430475756));
#1385 = CARTESIAN_POINT('',(-1.28713399064,1.328430475756));
#1386 = CARTESIAN_POINT('',(-1.291689299988,1.328430475756));
#1387 = CARTESIAN_POINT('',(-1.296244609336,1.328430475756));
#1388 = CARTESIAN_POINT('',(-1.305355228031,1.328430475756));
#1389 = CARTESIAN_POINT('',(-1.309910537379,1.328430475756));
#1390 = CARTESIAN_POINT('',(-1.314465846727,1.328430475756));
#1391 = CARTESIAN_POINT('',(-1.323576465422,1.328430475756));
#1392 = CARTESIAN_POINT('',(-1.32813177477,1.328430475756));
#1393 = CARTESIAN_POINT('',(-1.332687084118,1.328430475756));
#1394 = CARTESIAN_POINT('',(-1.341012304649,1.328430475756));
#1395 = CARTESIAN_POINT('',(-1.344782215834,1.328430475756));
#1396 = CARTESIAN_POINT('',(-1.348552127018,1.328430475756));
#1397 = CARTESIAN_POINT('',(-1.35687734755,1.328430475756));
#1398 = CARTESIAN_POINT('',(-1.361432656898,1.328430475756));
#1399 = CARTESIAN_POINT('',(-1.365987966246,1.328430475756));
#1400 = CARTESIAN_POINT('',(-1.374784425675,1.328430475756));
#1401 = CARTESIAN_POINT('',(-1.379025575758,1.328430475756));
#1402 = CARTESIAN_POINT('',(-1.383266725841,1.328430475756));
#1403 = CARTESIAN_POINT('',(-1.39206318527,1.328430475756));
#1404 = CARTESIAN_POINT('',(-1.396618494618,1.328430475756));
#1405 = CARTESIAN_POINT('',(-1.401173803966,1.328430475756));
#1406 = CARTESIAN_POINT('',(-1.410284422661,1.328430475756));
#1407 = CARTESIAN_POINT('',(-1.414839732009,1.328430475756));
#1408 = CARTESIAN_POINT('',(-1.419395041357,1.328430475756));
#1409 = CARTESIAN_POINT('',(-1.427406102623,1.328430475756));
#1410 = CARTESIAN_POINT('',(-1.430861854542,1.328430475756));
#1411 = CARTESIAN_POINT('',(-1.434317606461,1.328430475756));
#1412 = CARTESIAN_POINT('',(-1.441700349197,1.328430475756));
#1413 = CARTESIAN_POINT('',(-1.445627340014,1.328430475756));
#1414 = CARTESIAN_POINT('',(-1.449554330831,1.328430475756));
#1415 = CARTESIAN_POINT('',(-1.456622914302,1.328430475756));
#1416 = CARTESIAN_POINT('',(-1.459764506955,1.328430475756));
#1417 = CARTESIAN_POINT('',(-1.462906099609,1.328430475756));
#1418 = CARTESIAN_POINT('',(-1.469974683079,1.328430475756));
#1419 = CARTESIAN_POINT('',(-1.473901673896,1.328430475756));
#1420 = CARTESIAN_POINT('',(-1.477828664713,1.328430475756));
#1421 = CARTESIAN_POINT('',(-1.486310964878,1.328430475756));
#1422 = CARTESIAN_POINT('',(-1.490866274226,1.328430475756));
#1423 = CARTESIAN_POINT('',(-1.495421583574,1.328430475756));
#1424 = CARTESIAN_POINT('',(-1.504375122636,1.328430475756));
#1425 = CARTESIAN_POINT('',(-1.508773352351,1.328430475756));
#1426 = CARTESIAN_POINT('',(-1.513171582066,1.328430475756));
#1427 = CARTESIAN_POINT('',(-1.520554324802,1.328430475756));
#1428 = CARTESIAN_POINT('',(-1.523538837823,1.328430475756));
#1429 = CARTESIAN_POINT('',(-1.526523350844,1.328430475756));
#1430 = CARTESIAN_POINT('',(-1.533749013947,1.328430475756));
#1431 = CARTESIAN_POINT('',(-1.53799016403,1.328430475756));
#1432 = CARTESIAN_POINT('',(-1.542231314112,1.328430475756));
#1433 = CARTESIAN_POINT('',(-1.552553429846,1.328430475756));
#1434 = CARTESIAN_POINT('',(-1.558634395491,1.328430475756));
#1435 = CARTESIAN_POINT('',(-1.564715361155,1.328430475756));
#1436 = CARTESIAN_POINT('',(-1.570796326795,1.328430475756));
#1437 = ( GEOMETRIC_REPRESENTATION_CONTEXT(2) 
PARAMETRIC_REPRESENTATION_CONTEXT() REPRESENTATION_CONTEXT('2D SPACE',''
  ) );
#1438 = PCURVE('',#1439,#1444);
#1439 = CYLINDRICAL_SURFACE('',#1440,5.1);
#1440 = AXIS2_PLACEMENT_3D('',#1441,#1442,#1443);
#1441 = CARTESIAN_POINT('',(7.,85.4,16.));
#1442 = DIRECTION('',(0.,0.,1.));
#1443 = DIRECTION('',(-1.,-0.,0.));
#1444 = DEFINITIONAL_REPRESENTATION('',(#1445),#1682);
#1445 = B_SPLINE_CURVE_WITH_KNOTS('',4,(#1446,#1447,#1448,#1449,#1450,
    #1451,#1452,#1453,#1454,#1455,#1456,#1457,#1458,#1459,#1460,#1461,
    #1462,#1463,#1464,#1465,#1466,#1467,#1468,#1469,#1470,#1471,#1472,
    #1473,#1474,#1475,#1476,#1477,#1478,#1479,#1480,#1481,#1482,#1483,
    #1484,#1485,#1486,#1487,#1488,#1489,#1490,#1491,#1492,#1493,#1494,
    #1495,#1496,#1497,#1498,#1499,#1500,#1501,#1502,#1503,#1504,#1505,
    #1506,#1507,#1508,#1509,#1510,#1511,#1512,#1513,#1514,#1515,#1516,
    #1517,#1518,#1519,#1520,#1521,#1522,#1523,#1524,#1525,#1526,#1527,
    #1528,#1529,#1530,#1531,#1532,#1533,#1534,#1535,#1536,#1537,#1538,
    #1539,#1540,#1541,#1542,#1543,#1544,#1545,#1546,#1547,#1548,#1549,
    #1550,#1551,#1552,#1553,#1554,#1555,#1556,#1557,#1558,#1559,#1560,
    #1561,#1562,#1563,#1564,#1565,#1566,#1567,#1568,#1569,#1570,#1571,
    #1572,#1573,#1574,#1575,#1576,#1577,#1578,#1579,#1580,#1581,#1582,
    #1583,#1584,#1585,#1586,#1587,#1588,#1589,#1590,#1591,#1592,#1593,
    #1594,#1595,#1596,#1597,#1598,#1599,#1600,#1601,#1602,#1603,#1604,
    #1605,#1606,#1607,#1608,#1609,#1610,#1611,#1612,#1613,#1614,#1615,
    #1616,#1617,#1618,#1619,#1620,#1621,#1622,#1623,#1624,#1625,#1626,
    #1627,#1628,#1629,#1630,#1631,#1632,#1633,#1634,#1635,#1636,#1637,
    #1638,#1639,#1640,#1641,#1642,#1643,#1644,#1645,#1646,#1647,#1648,
    #1649,#1650,#1651,#1652,#1653,#1654,#1655,#1656,#1657,#1658,#1659,
    #1660,#1661,#1662,#1663,#1664,#1665,#1666,#1667,#1668,#1669,#1670,
    #1671,#1672,#1673,#1674,#1675,#1676,#1677,#1678,#1679,#1680,#1681),
  .UNSPECIFIED.,.F.,.F.,(5,3,3,3,3,3,3,3,3,3,3,3,3,3,3,3,3,3,3,3,3,3,3,3
    ,3,3,3,3,3,3,3,3,3,3,3,3,3,3,3,3,3,3,3,3,3,3,3,3,3,3,3,3,3,3,3,3,3,3
    ,3,3,3,3,3,3,3,3,3,3,3,3,3,3,3,3,3,3,3,3,5),(0.,9.011492903287E-02,
    0.180514909572,0.190114910024,0.211714911023,0.221314911475,
    0.230914911927,0.244114912548,0.254914913056,0.264514913508,
    0.276114914054,0.29051491473,0.301314915238,0.308114915559,
    0.319714916104,0.329714916575,0.343314917214,0.350114917535,
    0.359314917968,0.371314918532,0.381314919003,0.391714919493,
    0.402514920001,0.412514920472,0.421314920886,0.428914921244,
    0.44051492179,0.447714922129,0.4577149226,0.469314923146,
    0.47811492356,0.489714924106,0.497314924464,0.50891492501,
    0.520514925556,0.529714925989,0.538114926385,0.549314926912,
    0.56011492742,0.57051492791,0.581314928418,0.592514928945,
    0.603714929472,0.613314929924,0.62491493047,0.635714930979,
    0.647314931524,0.65891493207,0.670114932597,0.680914933106,
    0.692514933651,0.704114934197,0.715714934743,0.727314935289,
    0.737714935778,0.748514936287,0.760114936833,0.771714937378,
    0.782914937906,0.793314938395,0.804914938941,0.816514939487,
    0.828114940033,0.839714940578,0.851314941124,0.860914941576,
    0.872514942122,0.883314942631,0.894914943177,0.906514943722,
    0.915314944137,0.925314944608,0.933314944984,0.943314945455,
    0.954914946001,0.966114946528,0.973714946886,0.984514947394,1.),
  .UNSPECIFIED.);
#1446 = CARTESIAN_POINT('',(3.07870048899E-15,0.926932219902));
#1447 = CARTESIAN_POINT('',(-3.538804820226E-02,0.926932219902));
#1448 = CARTESIAN_POINT('',(-7.077611475852E-02,0.926932219902));
#1449 = CARTESIAN_POINT('',(-0.1061641813,0.926932219902));
#1450 = CARTESIAN_POINT('',(-0.177052217182,0.926932219902));
#1451 = CARTESIAN_POINT('',(-0.212552223482,0.926932219902));
#1452 = CARTESIAN_POINT('',(-0.248052229783,0.926932219902));
#1453 = CARTESIAN_POINT('',(-0.287322128637,0.926932219902));
#1454 = CARTESIAN_POINT('',(-0.291092039822,0.926932219902));
#1455 = CARTESIAN_POINT('',(-0.294861951006,0.926932219902));
#1456 = CARTESIAN_POINT('',(-0.307114162348,0.926932219902));
#1457 = CARTESIAN_POINT('',(-0.31559646252,0.926932219902));
#1458 = CARTESIAN_POINT('',(-0.324078762692,0.926932219902));
#1459 = CARTESIAN_POINT('',(-0.336330974033,0.926932219902));
#1460 = CARTESIAN_POINT('',(-0.340100885218,0.926932219902));
#1461 = CARTESIAN_POINT('',(-0.343870796402,0.926932219902));
#1462 = CARTESIAN_POINT('',(-0.35141061877,0.926932219902));
#1463 = CARTESIAN_POINT('',(-0.355180529955,0.926932219902));
#1464 = CARTESIAN_POINT('',(-0.358950441139,0.926932219902));
#1465 = CARTESIAN_POINT('',(-0.367903980201,0.926932219902));
#1466 = CARTESIAN_POINT('',(-0.37308760808,0.926932219902));
#1467 = CARTESIAN_POINT('',(-0.378271235959,0.926932219902));
#1468 = CARTESIAN_POINT('',(-0.387696013919,0.926932219902));
#1469 = CARTESIAN_POINT('',(-0.391937164002,0.926932219902));
#1470 = CARTESIAN_POINT('',(-0.396178314084,0.926932219902));
#1471 = CARTESIAN_POINT('',(-0.404189375351,0.926932219902));
#1472 = CARTESIAN_POINT('',(-0.407959286535,0.926932219902));
#1473 = CARTESIAN_POINT('',(-0.411729197719,0.926932219902));
#1474 = CARTESIAN_POINT('',(-0.420054418251,0.926932219902));
#1475 = CARTESIAN_POINT('',(-0.424609727599,0.926932219902));
#1476 = CARTESIAN_POINT('',(-0.429165036947,0.926932219902));
#1477 = CARTESIAN_POINT('',(-0.43937521307,0.926932219902));
#1478 = CARTESIAN_POINT('',(-0.445030079847,0.926932219902));
#1479 = CARTESIAN_POINT('',(-0.450684946625,0.926932219902));
#1480 = CARTESIAN_POINT('',(-0.460580963482,0.926932219902));
#1481 = CARTESIAN_POINT('',(-0.464822113565,0.926932219902));
#1482 = CARTESIAN_POINT('',(-0.469063263647,0.926932219902));
#1483 = CARTESIAN_POINT('',(-0.475974767485,0.926932219902));
#1484 = CARTESIAN_POINT('',(-0.478645121241,0.926932219902));
#1485 = CARTESIAN_POINT('',(-0.481315474996,0.926932219902));
#1486 = CARTESIAN_POINT('',(-0.488541138099,0.926932219902));
#1487 = CARTESIAN_POINT('',(-0.493096447447,0.926932219902));
#1488 = CARTESIAN_POINT('',(-0.497651756795,0.926932219902));
#1489 = CARTESIAN_POINT('',(-0.506134056959,0.926932219902));
#1490 = CARTESIAN_POINT('',(-0.510061047776,0.926932219902));
#1491 = CARTESIAN_POINT('',(-0.513988038594,0.926932219902));
#1492 = CARTESIAN_POINT('',(-0.523255736921,0.926932219902));
#1493 = CARTESIAN_POINT('',(-0.528596444433,0.926932219902));
#1494 = CARTESIAN_POINT('',(-0.533937151944,0.926932219902));
#1495 = CARTESIAN_POINT('',(-0.54194821321,0.926932219902));
#1496 = CARTESIAN_POINT('',(-0.544618566966,0.926932219902));
#1497 = CARTESIAN_POINT('',(-0.547288920721,0.926932219902));
#1498 = CARTESIAN_POINT('',(-0.553572106028,0.926932219902));
#1499 = CARTESIAN_POINT('',(-0.55718493758,0.926932219902));
#1500 = CARTESIAN_POINT('',(-0.560797769132,0.926932219902));
#1501 = CARTESIAN_POINT('',(-0.569122989663,0.926932219902));
#1502 = CARTESIAN_POINT('',(-0.573835378644,0.926932219902));
#1503 = CARTESIAN_POINT('',(-0.578547767625,0.926932219902));
#1504 = CARTESIAN_POINT('',(-0.587187147422,0.926932219902));
#1505 = CARTESIAN_POINT('',(-0.591114138239,0.926932219902));
#1506 = CARTESIAN_POINT('',(-0.595041129056,0.926932219902));
#1507 = CARTESIAN_POINT('',(-0.603052190322,0.926932219902));
#1508 = CARTESIAN_POINT('',(-0.607136260772,0.926932219902));
#1509 = CARTESIAN_POINT('',(-0.611220331222,0.926932219902));
#1510 = CARTESIAN_POINT('',(-0.619545551754,0.926932219902));
#1511 = CARTESIAN_POINT('',(-0.623786701836,0.926932219902));
#1512 = CARTESIAN_POINT('',(-0.628027851919,0.926932219902));
#1513 = CARTESIAN_POINT('',(-0.636195992818,0.926932219902));
#1514 = CARTESIAN_POINT('',(-0.640122983635,0.926932219902));
#1515 = CARTESIAN_POINT('',(-0.644049974452,0.926932219902));
#1516 = CARTESIAN_POINT('',(-0.651432717188,0.926932219902));
#1517 = CARTESIAN_POINT('',(-0.654888469107,0.926932219902));
#1518 = CARTESIAN_POINT('',(-0.658344221026,0.926932219902));
#1519 = CARTESIAN_POINT('',(-0.664784485965,0.926932219902));
#1520 = CARTESIAN_POINT('',(-0.667768998986,0.926932219902));
#1521 = CARTESIAN_POINT('',(-0.670753512007,0.926932219902));
#1522 = CARTESIAN_POINT('',(-0.678293334376,0.926932219902));
#1523 = CARTESIAN_POINT('',(-0.682848643724,0.926932219902));
#1524 = CARTESIAN_POINT('',(-0.687403953072,0.926932219902));
#1525 = CARTESIAN_POINT('',(-0.694786695807,0.926932219902));
#1526 = CARTESIAN_POINT('',(-0.697614129195,0.926932219902));
#1527 = CARTESIAN_POINT('',(-0.700441562584,0.926932219902));
#1528 = CARTESIAN_POINT('',(-0.707195986789,0.926932219902));
#1529 = CARTESIAN_POINT('',(-0.711122977606,0.926932219902));
#1530 = CARTESIAN_POINT('',(-0.715049968423,0.926932219902));
#1531 = CARTESIAN_POINT('',(-0.723532268587,0.926932219902));
#1532 = CARTESIAN_POINT('',(-0.728087577935,0.926932219902));
#1533 = CARTESIAN_POINT('',(-0.732642887283,0.926932219902));
#1534 = CARTESIAN_POINT('',(-0.740653948549,0.926932219902));
#1535 = CARTESIAN_POINT('',(-0.744109700468,0.926932219902));
#1536 = CARTESIAN_POINT('',(-0.747565452387,0.926932219902));
#1537 = CARTESIAN_POINT('',(-0.755576513654,0.926932219902));
#1538 = CARTESIAN_POINT('',(-0.760131823002,0.926932219902));
#1539 = CARTESIAN_POINT('',(-0.76468713235,0.926932219902));
#1540 = CARTESIAN_POINT('',(-0.772226954718,0.926932219902));
#1541 = CARTESIAN_POINT('',(-0.775211467739,0.926932219902));
#1542 = CARTESIAN_POINT('',(-0.77819598076,0.926932219902));
#1543 = CARTESIAN_POINT('',(-0.785735803128,0.926932219902));
#1544 = CARTESIAN_POINT('',(-0.790291112476,0.926932219902));
#1545 = CARTESIAN_POINT('',(-0.794846421824,0.926932219902));
#1546 = CARTESIAN_POINT('',(-0.803957040519,0.926932219902));
#1547 = CARTESIAN_POINT('',(-0.808512349867,0.926932219902));
#1548 = CARTESIAN_POINT('',(-0.813067659215,0.926932219902));
#1549 = CARTESIAN_POINT('',(-0.821235800114,0.926932219902));
#1550 = CARTESIAN_POINT('',(-0.824848631666,0.926932219902));
#1551 = CARTESIAN_POINT('',(-0.828461463217,0.926932219902));
#1552 = CARTESIAN_POINT('',(-0.835372967055,0.926932219902));
#1553 = CARTESIAN_POINT('',(-0.838671639341,0.926932219902));
#1554 = CARTESIAN_POINT('',(-0.841970311628,0.926932219902));
#1555 = CARTESIAN_POINT('',(-0.849667213629,0.926932219902));
#1556 = CARTESIAN_POINT('',(-0.854065443344,0.926932219902));
#1557 = CARTESIAN_POINT('',(-0.858463673059,0.926932219902));
#1558 = CARTESIAN_POINT('',(-0.867103052856,0.926932219902));
#1559 = CARTESIAN_POINT('',(-0.871344202939,0.926932219902));
#1560 = CARTESIAN_POINT('',(-0.875585353021,0.926932219902));
#1561 = CARTESIAN_POINT('',(-0.883910573553,0.926932219902));
#1562 = CARTESIAN_POINT('',(-0.887994644003,0.926932219902));
#1563 = CARTESIAN_POINT('',(-0.892078714452,0.926932219902));
#1564 = CARTESIAN_POINT('',(-0.900403934984,0.926932219902));
#1565 = CARTESIAN_POINT('',(-0.904645085067,0.926932219902));
#1566 = CARTESIAN_POINT('',(-0.908886235149,0.926932219902));
#1567 = CARTESIAN_POINT('',(-0.917525614946,0.926932219902));
#1568 = CARTESIAN_POINT('',(-0.921923844661,0.926932219902));
#1569 = CARTESIAN_POINT('',(-0.926322074377,0.926932219902));
#1570 = CARTESIAN_POINT('',(-0.935118533806,0.926932219902));
#1571 = CARTESIAN_POINT('',(-0.939516763521,0.926932219902));
#1572 = CARTESIAN_POINT('',(-0.943914993237,0.926932219902));
#1573 = CARTESIAN_POINT('',(-0.952083134136,0.926932219902));
#1574 = CARTESIAN_POINT('',(-0.95585304532,0.926932219902));
#1575 = CARTESIAN_POINT('',(-0.959622956504,0.926932219902));
#1576 = CARTESIAN_POINT('',(-0.967948177036,0.926932219902));
#1577 = CARTESIAN_POINT('',(-0.972503486384,0.926932219902));
#1578 = CARTESIAN_POINT('',(-0.977058795732,0.926932219902));
#1579 = CARTESIAN_POINT('',(-0.985855255161,0.926932219902));
#1580 = CARTESIAN_POINT('',(-0.990096405244,0.926932219902));
#1581 = CARTESIAN_POINT('',(-0.994337555327,0.926932219902));
#1582 = CARTESIAN_POINT('',(-1.003134014756,0.926932219902));
#1583 = CARTESIAN_POINT('',(-1.007689324104,0.926932219902));
#1584 = CARTESIAN_POINT('',(-1.012244633452,0.926932219902));
#1585 = CARTESIAN_POINT('',(-1.021355252147,0.926932219902));
#1586 = CARTESIAN_POINT('',(-1.025910561495,0.926932219902));
#1587 = CARTESIAN_POINT('',(-1.030465870843,0.926932219902));
#1588 = CARTESIAN_POINT('',(-1.039419409905,0.926932219902));
#1589 = CARTESIAN_POINT('',(-1.04381763962,0.926932219902));
#1590 = CARTESIAN_POINT('',(-1.048215869336,0.926932219902));
#1591 = CARTESIAN_POINT('',(-1.056855249132,0.926932219902));
#1592 = CARTESIAN_POINT('',(-1.061096399215,0.926932219902));
#1593 = CARTESIAN_POINT('',(-1.065337549298,0.926932219902));
#1594 = CARTESIAN_POINT('',(-1.074134008727,0.926932219902));
#1595 = CARTESIAN_POINT('',(-1.078689318075,0.926932219902));
#1596 = CARTESIAN_POINT('',(-1.083244627423,0.926932219902));
#1597 = CARTESIAN_POINT('',(-1.092355246118,0.926932219902));
#1598 = CARTESIAN_POINT('',(-1.096910555466,0.926932219902));
#1599 = CARTESIAN_POINT('',(-1.101465864814,0.926932219902));
#1600 = CARTESIAN_POINT('',(-1.110576483509,0.926932219902));
#1601 = CARTESIAN_POINT('',(-1.115131792857,0.926932219902));
#1602 = CARTESIAN_POINT('',(-1.119687102205,0.926932219902));
#1603 = CARTESIAN_POINT('',(-1.128797720899,0.926932219902));
#1604 = CARTESIAN_POINT('',(-1.133353030247,0.926932219902));
#1605 = CARTESIAN_POINT('',(-1.137908339595,0.926932219902));
#1606 = CARTESIAN_POINT('',(-1.146547719392,0.926932219902));
#1607 = CARTESIAN_POINT('',(-1.150631789842,0.926932219902));
#1608 = CARTESIAN_POINT('',(-1.154715860292,0.926932219902));
#1609 = CARTESIAN_POINT('',(-1.163041080824,0.926932219902));
#1610 = CARTESIAN_POINT('',(-1.167282230906,0.926932219902));
#1611 = CARTESIAN_POINT('',(-1.171523380989,0.926932219902));
#1612 = CARTESIAN_POINT('',(-1.180319840418,0.926932219902));
#1613 = CARTESIAN_POINT('',(-1.184875149766,0.926932219902));
#1614 = CARTESIAN_POINT('',(-1.189430459114,0.926932219902));
#1615 = CARTESIAN_POINT('',(-1.198541077809,0.926932219902));
#1616 = CARTESIAN_POINT('',(-1.203096387157,0.926932219902));
#1617 = CARTESIAN_POINT('',(-1.207651696505,0.926932219902));
#1618 = CARTESIAN_POINT('',(-1.216605235567,0.926932219902));
#1619 = CARTESIAN_POINT('',(-1.221003465283,0.926932219902));
#1620 = CARTESIAN_POINT('',(-1.225401694998,0.926932219902));
#1621 = CARTESIAN_POINT('',(-1.233883995162,0.926932219902));
#1622 = CARTESIAN_POINT('',(-1.237968065612,0.926932219902));
#1623 = CARTESIAN_POINT('',(-1.242052136062,0.926932219902));
#1624 = CARTESIAN_POINT('',(-1.250691515859,0.926932219902));
#1625 = CARTESIAN_POINT('',(-1.255246825207,0.926932219902));
#1626 = CARTESIAN_POINT('',(-1.259802134555,0.926932219902));
#1627 = CARTESIAN_POINT('',(-1.268912753249,0.926932219902));
#1628 = CARTESIAN_POINT('',(-1.273468062597,0.926932219902));
#1629 = CARTESIAN_POINT('',(-1.278023371945,0.926932219902));
#1630 = CARTESIAN_POINT('',(-1.28713399064,0.926932219902));
#1631 = CARTESIAN_POINT('',(-1.291689299988,0.926932219902));
#1632 = CARTESIAN_POINT('',(-1.296244609336,0.926932219902));
#1633 = CARTESIAN_POINT('',(-1.305355228031,0.926932219902));
#1634 = CARTESIAN_POINT('',(-1.309910537379,0.926932219902));
#1635 = CARTESIAN_POINT('',(-1.314465846727,0.926932219902));
#1636 = CARTESIAN_POINT('',(-1.323576465422,0.926932219902));
#1637 = CARTESIAN_POINT('',(-1.32813177477,0.926932219902));
#1638 = CARTESIAN_POINT('',(-1.332687084118,0.926932219902));
#1639 = CARTESIAN_POINT('',(-1.341012304649,0.926932219902));
#1640 = CARTESIAN_POINT('',(-1.344782215834,0.926932219902));
#1641 = CARTESIAN_POINT('',(-1.348552127018,0.926932219902));
#1642 = CARTESIAN_POINT('',(-1.35687734755,0.926932219902));
#1643 = CARTESIAN_POINT('',(-1.361432656898,0.926932219902));
#1644 = CARTESIAN_POINT('',(-1.365987966246,0.926932219902));
#1645 = CARTESIAN_POINT('',(-1.374784425675,0.926932219902));
#1646 = CARTESIAN_POINT('',(-1.379025575758,0.926932219902));
#1647 = CARTESIAN_POINT('',(-1.383266725841,0.926932219902));
#1648 = CARTESIAN_POINT('',(-1.39206318527,0.926932219902));
#1649 = CARTESIAN_POINT('',(-1.396618494618,0.926932219902));
#1650 = CARTESIAN_POINT('',(-1.401173803966,0.926932219902));
#1651 = CARTESIAN_POINT('',(-1.410284422661,0.926932219902));
#1652 = CARTESIAN_POINT('',(-1.414839732009,0.926932219902));
#1653 = CARTESIAN_POINT('',(-1.419395041357,0.926932219902));
#1654 = CARTESIAN_POINT('',(-1.427406102623,0.926932219902));
#1655 = CARTESIAN_POINT('',(-1.430861854542,0.926932219902));
#1656 = CARTESIAN_POINT('',(-1.434317606461,0.926932219902));
#1657 = CARTESIAN_POINT('',(-1.441700349197,0.926932219902));
#1658 = CARTESIAN_POINT('',(-1.445627340014,0.926932219902));
#1659 = CARTESIAN_POINT('',(-1.449554330831,0.926932219902));
#1660 = CARTESIAN_POINT('',(-1.456622914302,0.926932219902));
#1661 = CARTESIAN_POINT('',(-1.459764506955,0.926932219902));
#1662 = CARTESIAN_POINT('',(-1.462906099609,0.926932219902));
#1663 = CARTESIAN_POINT('',(-1.469974683079,0.926932219902));
#1664 = CARTESIAN_POINT('',(-1.473901673896,0.926932219902));
#1665 = CARTESIAN_POINT('',(-1.477828664713,0.926932219902));
#1666 = CARTESIAN_POINT('',(-1.486310964878,0.926932219902));
#1667 = CARTESIAN_POINT('',(-1.490866274226,0.926932219902));
#1668 = CARTESIAN_POINT('',(-1.495421583574,0.926932219902));
#1669 = CARTESIAN_POINT('',(-1.504375122636,0.926932219902));
#1670 = CARTESIAN_POINT('',(-1.508773352351,0.926932219902));
#1671 = CARTESIAN_POINT('',(-1.513171582066,0.926932219902));
#1672 = CARTESIAN_POINT('',(-1.520554324802,0.926932219902));
#1673 = CARTESIAN_POINT('',(-1.523538837823,0.926932219902));
#1674 = CARTESIAN_POINT('',(-1.526523350844,0.926932219902));
#1675 = CARTESIAN_POINT('',(-1.533749013947,0.926932219902));
#1676 = CARTESIAN_POINT('',(-1.53799016403,0.926932219902));
#1677 = CARTESIAN_POINT('',(-1.542231314112,0.926932219902));
#1678 = CARTESIAN_POINT('',(-1.552553429846,0.926932219902));
#1679 = CARTESIAN_POINT('',(-1.558634395491,0.926932219902));
#1680 = CARTESIAN_POINT('',(-1.564715361155,0.926932219902));
#1681 = CARTESIAN_POINT('',(-1.570796326795,0.926932219902));
#1682 = ( GEOMETRIC_REPRESENTATION_CONTEXT(2) 
PARAMETRIC_REPRESENTATION_CONTEXT() REPRESENTATION_CONTEXT('2D SPACE',''
  ) );
#1683 = ADVANCED_FACE('',(#1684),#345,.T.);
#1684 = FACE_BOUND('',#1685,.T.);
#1685 = EDGE_LOOP('',(#1686,#1687,#1710,#1738));
#1686 = ORIENTED_EDGE('',*,*,#330,.F.);
#1687 = ORIENTED_EDGE('',*,*,#1688,.F.);
#1688 = EDGE_CURVE('',#1689,#276,#1691,.T.);
#1689 = VERTEX_POINT('',#1690);
#1690 = CARTESIAN_POINT('',(1.9,19.5,16.));
#1691 = SURFACE_CURVE('',#1692,(#1696,#1703),.PCURVE_S1.);
#1692 = LINE('',#1693,#1694);
#1693 = CARTESIAN_POINT('',(1.9,19.5,16.));
#1694 = VECTOR('',#1695,1.);
#1695 = DIRECTION('',(0.,0.,1.));
#1696 = PCURVE('',#345,#1697);
#1697 = DEFINITIONAL_REPRESENTATION('',(#1698),#1702);
#1698 = LINE('',#1699,#1700);
#1699 = CARTESIAN_POINT('',(0.,-5.1));
#1700 = VECTOR('',#1701,1.);
#1701 = DIRECTION('',(1.,0.));
#1702 = ( GEOMETRIC_REPRESENTATION_CONTEXT(2) 
PARAMETRIC_REPRESENTATION_CONTEXT() REPRESENTATION_CONTEXT('2D SPACE',''
  ) );
#1703 = PCURVE('',#309,#1704);
#1704 = DEFINITIONAL_REPRESENTATION('',(#1705),#1709);
#1705 = LINE('',#1706,#1707);
#1706 = CARTESIAN_POINT('',(0.,0.));
#1707 = VECTOR('',#1708,1.);
#1708 = DIRECTION('',(0.,1.));
#1709 = ( GEOMETRIC_REPRESENTATION_CONTEXT(2) 
PARAMETRIC_REPRESENTATION_CONTEXT() REPRESENTATION_CONTEXT('2D SPACE',''
  ) );
#1710 = ORIENTED_EDGE('',*,*,#1711,.T.);
#1711 = EDGE_CURVE('',#1689,#1712,#1714,.T.);
#1712 = VERTEX_POINT('',#1713);
#1713 = CARTESIAN_POINT('',(1.9,85.4,16.));
#1714 = SURFACE_CURVE('',#1715,(#1719,#1726),.PCURVE_S1.);
#1715 = LINE('',#1716,#1717);
#1716 = CARTESIAN_POINT('',(1.9,14.4,16.));
#1717 = VECTOR('',#1718,1.);
#1718 = DIRECTION('',(0.,1.,0.));
#1719 = PCURVE('',#345,#1720);
#1720 = DEFINITIONAL_REPRESENTATION('',(#1721),#1725);
#1721 = LINE('',#1722,#1723);
#1722 = CARTESIAN_POINT('',(0.,0.));
#1723 = VECTOR('',#1724,1.);
#1724 = DIRECTION('',(0.,-1.));
#1725 = ( GEOMETRIC_REPRESENTATION_CONTEXT(2) 
PARAMETRIC_REPRESENTATION_CONTEXT() REPRESENTATION_CONTEXT('2D SPACE',''
  ) );
#1726 = PCURVE('',#1727,#1732);
#1727 = PLANE('',#1728);
#1728 = AXIS2_PLACEMENT_3D('',#1729,#1730,#1731);
#1729 = CARTESIAN_POINT('',(1.9,14.4,16.));
#1730 = DIRECTION('',(0.,0.,1.));
#1731 = DIRECTION('',(1.,0.,0.));
#1732 = DEFINITIONAL_REPRESENTATION('',(#1733),#1737);
#1733 = LINE('',#1734,#1735);
#1734 = CARTESIAN_POINT('',(0.,0.));
#1735 = VECTOR('',#1736,1.);
#1736 = DIRECTION('',(0.,1.));
#1737 = ( GEOMETRIC_REPRESENTATION_CONTEXT(2) 
PARAMETRIC_REPRESENTATION_CONTEXT() REPRESENTATION_CONTEXT('2D SPACE',''
  ) );
#1738 = ORIENTED_EDGE('',*,*,#1739,.T.);
#1739 = EDGE_CURVE('',#1712,#331,#1740,.T.);
#1740 = SURFACE_CURVE('',#1741,(#1745,#1752),.PCURVE_S1.);
#1741 = LINE('',#1742,#1743);
#1742 = CARTESIAN_POINT('',(1.9,85.4,16.));
#1743 = VECTOR('',#1744,1.);
#1744 = DIRECTION('',(0.,0.,1.));
#1745 = PCURVE('',#345,#1746);
#1746 = DEFINITIONAL_REPRESENTATION('',(#1747),#1751);
#1747 = LINE('',#1748,#1749);
#1748 = CARTESIAN_POINT('',(0.,-71.));
#1749 = VECTOR('',#1750,1.);
#1750 = DIRECTION('',(1.,0.));
#1751 = ( GEOMETRIC_REPRESENTATION_CONTEXT(2) 
PARAMETRIC_REPRESENTATION_CONTEXT() REPRESENTATION_CONTEXT('2D SPACE',''
  ) );
#1752 = PCURVE('',#1439,#1753);
#1753 = DEFINITIONAL_REPRESENTATION('',(#1754),#1758);
#1754 = LINE('',#1755,#1756);
#1755 = CARTESIAN_POINT('',(-0.,0.));
#1756 = VECTOR('',#1757,1.);
#1757 = DIRECTION('',(-0.,1.));
#1758 = ( GEOMETRIC_REPRESENTATION_CONTEXT(2) 
PARAMETRIC_REPRESENTATION_CONTEXT() REPRESENTATION_CONTEXT('2D SPACE',''
  ) );
#1759 = ADVANCED_FACE('',(#1760),#309,.F.);
#1760 = FACE_BOUND('',#1761,.F.);
#1761 = EDGE_LOOP('',(#1762,#1763,#1787,#1815,#1837));
#1762 = ORIENTED_EDGE('',*,*,#1688,.F.);
#1763 = ORIENTED_EDGE('',*,*,#1764,.T.);
#1764 = EDGE_CURVE('',#1689,#1765,#1767,.T.);
#1765 = VERTEX_POINT('',#1766);
#1766 = CARTESIAN_POINT('',(7.,14.4,16.));
#1767 = SURFACE_CURVE('',#1768,(#1773,#1780),.PCURVE_S1.);
#1768 = CIRCLE('',#1769,5.1);
#1769 = AXIS2_PLACEMENT_3D('',#1770,#1771,#1772);
#1770 = CARTESIAN_POINT('',(7.,19.5,16.));
#1771 = DIRECTION('',(0.,0.,1.));
#1772 = DIRECTION('',(0.,-1.,0.));
#1773 = PCURVE('',#309,#1774);
#1774 = DEFINITIONAL_REPRESENTATION('',(#1775),#1779);
#1775 = LINE('',#1776,#1777);
#1776 = CARTESIAN_POINT('',(-4.712388980385,0.));
#1777 = VECTOR('',#1778,1.);
#1778 = DIRECTION('',(1.,0.));
#1779 = ( GEOMETRIC_REPRESENTATION_CONTEXT(2) 
PARAMETRIC_REPRESENTATION_CONTEXT() REPRESENTATION_CONTEXT('2D SPACE',''
  ) );
#1780 = PCURVE('',#1727,#1781);
#1781 = DEFINITIONAL_REPRESENTATION('',(#1782),#1786);
#1782 = CIRCLE('',#1783,5.1);
#1783 = AXIS2_PLACEMENT_2D('',#1784,#1785);
#1784 = CARTESIAN_POINT('',(5.1,5.1));
#1785 = DIRECTION('',(0.,-1.));
#1786 = ( GEOMETRIC_REPRESENTATION_CONTEXT(2) 
PARAMETRIC_REPRESENTATION_CONTEXT() REPRESENTATION_CONTEXT('2D SPACE',''
  ) );
#1787 = ORIENTED_EDGE('',*,*,#1788,.T.);
#1788 = EDGE_CURVE('',#1765,#1789,#1791,.T.);
#1789 = VERTEX_POINT('',#1790);
#1790 = CARTESIAN_POINT('',(7.,14.4,17.));
#1791 = SURFACE_CURVE('',#1792,(#1796,#1803),.PCURVE_S1.);
#1792 = LINE('',#1793,#1794);
#1793 = CARTESIAN_POINT('',(7.,14.4,16.));
#1794 = VECTOR('',#1795,1.);
#1795 = DIRECTION('',(0.,0.,1.));
#1796 = PCURVE('',#309,#1797);
#1797 = DEFINITIONAL_REPRESENTATION('',(#1798),#1802);
#1798 = LINE('',#1799,#1800);
#1799 = CARTESIAN_POINT('',(1.570796326795,0.));
#1800 = VECTOR('',#1801,1.);
#1801 = DIRECTION('',(0.,1.));
#1802 = ( GEOMETRIC_REPRESENTATION_CONTEXT(2) 
PARAMETRIC_REPRESENTATION_CONTEXT() REPRESENTATION_CONTEXT('2D SPACE',''
  ) );
#1803 = PCURVE('',#1804,#1809);
#1804 = PLANE('',#1805);
#1805 = AXIS2_PLACEMENT_3D('',#1806,#1807,#1808);
#1806 = CARTESIAN_POINT('',(1.9,14.4,16.));
#1807 = DIRECTION('',(0.,1.,0.));
#1808 = DIRECTION('',(0.,0.,1.));
#1809 = DEFINITIONAL_REPRESENTATION('',(#1810),#1814);
#1810 = LINE('',#1811,#1812);
#1811 = CARTESIAN_POINT('',(0.,5.1));
#1812 = VECTOR('',#1813,1.);
#1813 = DIRECTION('',(1.,0.));
#1814 = ( GEOMETRIC_REPRESENTATION_CONTEXT(2) 
PARAMETRIC_REPRESENTATION_CONTEXT() REPRESENTATION_CONTEXT('2D SPACE',''
  ) );
#1815 = ORIENTED_EDGE('',*,*,#1816,.F.);
#1816 = EDGE_CURVE('',#248,#1789,#1817,.T.);
#1817 = SURFACE_CURVE('',#1818,(#1823,#1830),.PCURVE_S1.);
#1818 = CIRCLE('',#1819,5.1);
#1819 = AXIS2_PLACEMENT_3D('',#1820,#1821,#1822);
#1820 = CARTESIAN_POINT('',(7.,19.5,17.));
#1821 = DIRECTION('',(0.,0.,1.));
#1822 = DIRECTION('',(-1.,-0.,0.));
#1823 = PCURVE('',#309,#1824);
#1824 = DEFINITIONAL_REPRESENTATION('',(#1825),#1829);
#1825 = LINE('',#1826,#1827);
#1826 = CARTESIAN_POINT('',(0.,1.));
#1827 = VECTOR('',#1828,1.);
#1828 = DIRECTION('',(1.,0.));
#1829 = ( GEOMETRIC_REPRESENTATION_CONTEXT(2) 
PARAMETRIC_REPRESENTATION_CONTEXT() REPRESENTATION_CONTEXT('2D SPACE',''
  ) );
#1830 = PCURVE('',#263,#1831);
#1831 = DEFINITIONAL_REPRESENTATION('',(#1832),#1836);
#1832 = CIRCLE('',#1833,5.1);
#1833 = AXIS2_PLACEMENT_2D('',#1834,#1835);
#1834 = CARTESIAN_POINT('',(7.,19.5));
#1835 = DIRECTION('',(-1.,0.));
#1836 = ( GEOMETRIC_REPRESENTATION_CONTEXT(2) 
PARAMETRIC_REPRESENTATION_CONTEXT() REPRESENTATION_CONTEXT('2D SPACE',''
  ) );
#1837 = ORIENTED_EDGE('',*,*,#275,.F.);
#1838 = ADVANCED_FACE('',(#1839,#1976,#2011,#2046),#263,.T.);
#1839 = FACE_BOUND('',#1840,.T.);
#1840 = EDGE_LOOP('',(#1841,#1842,#1843,#1866,#1899,#1927,#1956,#1975));
#1841 = ORIENTED_EDGE('',*,*,#247,.F.);
#1842 = ORIENTED_EDGE('',*,*,#746,.F.);
#1843 = ORIENTED_EDGE('',*,*,#1844,.F.);
#1844 = EDGE_CURVE('',#1845,#718,#1847,.T.);
#1845 = VERTEX_POINT('',#1846);
#1846 = CARTESIAN_POINT('',(45.,2.5,17.));
#1847 = SURFACE_CURVE('',#1848,(#1852,#1859),.PCURVE_S1.);
#1848 = LINE('',#1849,#1850);
#1849 = CARTESIAN_POINT('',(45.,2.5,17.));
#1850 = VECTOR('',#1851,1.);
#1851 = DIRECTION('',(-1.,-0.,-0.));
#1852 = PCURVE('',#263,#1853);
#1853 = DEFINITIONAL_REPRESENTATION('',(#1854),#1858);
#1854 = LINE('',#1855,#1856);
#1855 = CARTESIAN_POINT('',(45.,2.5));
#1856 = VECTOR('',#1857,1.);
#1857 = DIRECTION('',(-1.,-0.));
#1858 = ( GEOMETRIC_REPRESENTATION_CONTEXT(2) 
PARAMETRIC_REPRESENTATION_CONTEXT() REPRESENTATION_CONTEXT('2D SPACE',''
  ) );
#1859 = PCURVE('',#733,#1860);
#1860 = DEFINITIONAL_REPRESENTATION('',(#1861),#1865);
#1861 = LINE('',#1862,#1863);
#1862 = CARTESIAN_POINT('',(1.570796326795,0.));
#1863 = VECTOR('',#1864,1.);
#1864 = DIRECTION('',(0.,1.));
#1865 = ( GEOMETRIC_REPRESENTATION_CONTEXT(2) 
PARAMETRIC_REPRESENTATION_CONTEXT() REPRESENTATION_CONTEXT('2D SPACE',''
  ) );
#1866 = ORIENTED_EDGE('',*,*,#1867,.F.);
#1867 = EDGE_CURVE('',#1868,#1845,#1870,.T.);
#1868 = VERTEX_POINT('',#1869);
#1869 = CARTESIAN_POINT('',(49.5,7.,17.));
#1870 = SURFACE_CURVE('',#1871,(#1876,#1887),.PCURVE_S1.);
#1871 = CIRCLE('',#1872,4.5);
#1872 = AXIS2_PLACEMENT_3D('',#1873,#1874,#1875);
#1873 = CARTESIAN_POINT('',(45.,7.,17.));
#1874 = DIRECTION('',(0.,-0.,-1.));
#1875 = DIRECTION('',(1.,0.,-0.));
#1876 = PCURVE('',#263,#1877);
#1877 = DEFINITIONAL_REPRESENTATION('',(#1878),#1886);
#1878 = ( BOUNDED_CURVE() B_SPLINE_CURVE(2,(#1879,#1880,#1881,#1882,
#1883,#1884,#1885),.UNSPECIFIED.,.T.,.F.) B_SPLINE_CURVE_WITH_KNOTS((1,2
    ,2,2,2,1),(-2.094395102393,0.,2.094395102393,4.188790204786,
6.28318530718,8.377580409573),.UNSPECIFIED.) CURVE() 
GEOMETRIC_REPRESENTATION_ITEM() RATIONAL_B_SPLINE_CURVE((1.,0.5,1.,0.5,
1.,0.5,1.)) REPRESENTATION_ITEM('') );
#1879 = CARTESIAN_POINT('',(49.5,7.));
#1880 = CARTESIAN_POINT('',(49.5,-0.79422863406));
#1881 = CARTESIAN_POINT('',(42.75,3.10288568297));
#1882 = CARTESIAN_POINT('',(36.,7.));
#1883 = CARTESIAN_POINT('',(42.75,10.89711431703));
#1884 = CARTESIAN_POINT('',(49.5,14.79422863406));
#1885 = CARTESIAN_POINT('',(49.5,7.));
#1886 = ( GEOMETRIC_REPRESENTATION_CONTEXT(2) 
PARAMETRIC_REPRESENTATION_CONTEXT() REPRESENTATION_CONTEXT('2D SPACE',''
  ) );
#1887 = PCURVE('',#1888,#1893);
#1888 = TOROIDAL_SURFACE('',#1889,4.5,2.5);
#1889 = AXIS2_PLACEMENT_3D('',#1890,#1891,#1892);
#1890 = CARTESIAN_POINT('',(45.,7.,14.5));
#1891 = DIRECTION('',(0.,0.,1.));
#1892 = DIRECTION('',(1.,0.,-0.));
#1893 = DEFINITIONAL_REPRESENTATION('',(#1894),#1898);
#1894 = LINE('',#1895,#1896);
#1895 = CARTESIAN_POINT('',(-0.,1.570796326795));
#1896 = VECTOR('',#1897,1.);
#1897 = DIRECTION('',(-1.,0.));
#1898 = ( GEOMETRIC_REPRESENTATION_CONTEXT(2) 
PARAMETRIC_REPRESENTATION_CONTEXT() REPRESENTATION_CONTEXT('2D SPACE',''
  ) );
#1899 = ORIENTED_EDGE('',*,*,#1900,.F.);
#1900 = EDGE_CURVE('',#1901,#1868,#1903,.T.);
#1901 = VERTEX_POINT('',#1902);
#1902 = CARTESIAN_POINT('',(49.5,17.1,17.));
#1903 = SURFACE_CURVE('',#1904,(#1908,#1915),.PCURVE_S1.);
#1904 = LINE('',#1905,#1906);
#1905 = CARTESIAN_POINT('',(49.5,85.4,17.));
#1906 = VECTOR('',#1907,1.);
#1907 = DIRECTION('',(-0.,-1.,-0.));
#1908 = PCURVE('',#263,#1909);
#1909 = DEFINITIONAL_REPRESENTATION('',(#1910),#1914);
#1910 = LINE('',#1911,#1912);
#1911 = CARTESIAN_POINT('',(49.5,85.4));
#1912 = VECTOR('',#1913,1.);
#1913 = DIRECTION('',(-0.,-1.));
#1914 = ( GEOMETRIC_REPRESENTATION_CONTEXT(2) 
PARAMETRIC_REPRESENTATION_CONTEXT() REPRESENTATION_CONTEXT('2D SPACE',''
  ) );
#1915 = PCURVE('',#1916,#1921);
#1916 = CYLINDRICAL_SURFACE('',#1917,2.5);
#1917 = AXIS2_PLACEMENT_3D('',#1918,#1919,#1920);
#1918 = CARTESIAN_POINT('',(49.5,85.4,14.5));
#1919 = DIRECTION('',(-0.,-1.,-0.));
#1920 = DIRECTION('',(1.,0.,-0.));
#1921 = DEFINITIONAL_REPRESENTATION('',(#1922),#1926);
#1922 = LINE('',#1923,#1924);
#1923 = CARTESIAN_POINT('',(1.570796326795,0.));
#1924 = VECTOR('',#1925,1.);
#1925 = DIRECTION('',(0.,1.));
#1926 = ( GEOMETRIC_REPRESENTATION_CONTEXT(2) 
PARAMETRIC_REPRESENTATION_CONTEXT() REPRESENTATION_CONTEXT('2D SPACE',''
  ) );
#1927 = ORIENTED_EDGE('',*,*,#1928,.F.);
#1928 = EDGE_CURVE('',#1929,#1901,#1931,.T.);
#1929 = VERTEX_POINT('',#1930);
#1930 = CARTESIAN_POINT('',(45.,14.4,17.));
#1931 = SURFACE_CURVE('',#1932,(#1937,#1944),.PCURVE_S1.);
#1932 = CIRCLE('',#1933,5.1);
#1933 = AXIS2_PLACEMENT_3D('',#1934,#1935,#1936);
#1934 = CARTESIAN_POINT('',(45.,19.5,17.));
#1935 = DIRECTION('',(0.,0.,1.));
#1936 = DIRECTION('',(1.,0.,-0.));
#1937 = PCURVE('',#263,#1938);
#1938 = DEFINITIONAL_REPRESENTATION('',(#1939),#1943);
#1939 = CIRCLE('',#1940,5.1);
#1940 = AXIS2_PLACEMENT_2D('',#1941,#1942);
#1941 = CARTESIAN_POINT('',(45.,19.5));
#1942 = DIRECTION('',(1.,0.));
#1943 = ( GEOMETRIC_REPRESENTATION_CONTEXT(2) 
PARAMETRIC_REPRESENTATION_CONTEXT() REPRESENTATION_CONTEXT('2D SPACE',''
  ) );
#1944 = PCURVE('',#1945,#1950);
#1945 = CYLINDRICAL_SURFACE('',#1946,5.1);
#1946 = AXIS2_PLACEMENT_3D('',#1947,#1948,#1949);
#1947 = CARTESIAN_POINT('',(45.,19.5,16.));
#1948 = DIRECTION('',(0.,0.,1.));
#1949 = DIRECTION('',(1.,0.,-0.));
#1950 = DEFINITIONAL_REPRESENTATION('',(#1951),#1955);
#1951 = LINE('',#1952,#1953);
#1952 = CARTESIAN_POINT('',(-6.28318530718,1.));
#1953 = VECTOR('',#1954,1.);
#1954 = DIRECTION('',(1.,-0.));
#1955 = ( GEOMETRIC_REPRESENTATION_CONTEXT(2) 
PARAMETRIC_REPRESENTATION_CONTEXT() REPRESENTATION_CONTEXT('2D SPACE',''
  ) );
#1956 = ORIENTED_EDGE('',*,*,#1957,.T.);
#1957 = EDGE_CURVE('',#1929,#1789,#1958,.T.);
#1958 = SURFACE_CURVE('',#1959,(#1963,#1969),.PCURVE_S1.);
#1959 = LINE('',#1960,#1961);
#1960 = CARTESIAN_POINT('',(0.95,14.4,17.));
#1961 = VECTOR('',#1962,1.);
#1962 = DIRECTION('',(-1.,0.,0.));
#1963 = PCURVE('',#263,#1964);
#1964 = DEFINITIONAL_REPRESENTATION('',(#1965),#1968);
#1965 = B_SPLINE_CURVE_WITH_KNOTS('',1,(#1966,#1967),.UNSPECIFIED.,.F.,
  .F.,(2,2),(-44.05,-6.05),.PIECEWISE_BEZIER_KNOTS.);
#1966 = CARTESIAN_POINT('',(45.,14.4));
#1967 = CARTESIAN_POINT('',(7.,14.4));
#1968 = ( GEOMETRIC_REPRESENTATION_CONTEXT(2) 
PARAMETRIC_REPRESENTATION_CONTEXT() REPRESENTATION_CONTEXT('2D SPACE',''
  ) );
#1969 = PCURVE('',#1804,#1970);
#1970 = DEFINITIONAL_REPRESENTATION('',(#1971),#1974);
#1971 = B_SPLINE_CURVE_WITH_KNOTS('',1,(#1972,#1973),.UNSPECIFIED.,.F.,
  .F.,(2,2),(-44.05,-6.05),.PIECEWISE_BEZIER_KNOTS.);
#1972 = CARTESIAN_POINT('',(1.,43.1));
#1973 = CARTESIAN_POINT('',(1.,5.1));
#1974 = ( GEOMETRIC_REPRESENTATION_CONTEXT(2) 
PARAMETRIC_REPRESENTATION_CONTEXT() REPRESENTATION_CONTEXT('2D SPACE',''
  ) );
#1975 = ORIENTED_EDGE('',*,*,#1816,.F.);
#1976 = FACE_BOUND('',#1977,.T.);
#1977 = EDGE_LOOP('',(#1978));
#1978 = ORIENTED_EDGE('',*,*,#1979,.T.);
#1979 = EDGE_CURVE('',#1980,#1980,#1982,.T.);
#1980 = VERTEX_POINT('',#1981);
#1981 = CARTESIAN_POINT('',(18.51,8.7,17.));
#1982 = SURFACE_CURVE('',#1983,(#1988,#1999),.PCURVE_S1.);
#1983 = CIRCLE('',#1984,4.75);
#1984 = AXIS2_PLACEMENT_3D('',#1985,#1986,#1987);
#1985 = CARTESIAN_POINT('',(13.76,8.7,17.));
#1986 = DIRECTION('',(0.,0.,-1.));
#1987 = DIRECTION('',(1.,0.,0.));
#1988 = PCURVE('',#263,#1989);
#1989 = DEFINITIONAL_REPRESENTATION('',(#1990),#1998);
#1990 = ( BOUNDED_CURVE() B_SPLINE_CURVE(2,(#1991,#1992,#1993,#1994,
#1995,#1996,#1997),.UNSPECIFIED.,.T.,.F.) B_SPLINE_CURVE_WITH_KNOTS((1,2
    ,2,2,2,1),(-2.094395102393,0.,2.094395102393,4.188790204786,
6.28318530718,8.377580409573),.UNSPECIFIED.) CURVE() 
GEOMETRIC_REPRESENTATION_ITEM() RATIONAL_B_SPLINE_CURVE((1.,0.5,1.,0.5,
1.,0.5,1.)) REPRESENTATION_ITEM('') );
#1991 = CARTESIAN_POINT('',(18.51,8.7));
#1992 = CARTESIAN_POINT('',(18.51,0.472758664048));
#1993 = CARTESIAN_POINT('',(11.385,4.586379332024));
#1994 = CARTESIAN_POINT('',(4.26,8.7));
#1995 = CARTESIAN_POINT('',(11.385,12.813620667976));
#1996 = CARTESIAN_POINT('',(18.51,16.927241335952));
#1997 = CARTESIAN_POINT('',(18.51,8.7));
#1998 = ( GEOMETRIC_REPRESENTATION_CONTEXT(2) 
PARAMETRIC_REPRESENTATION_CONTEXT() REPRESENTATION_CONTEXT('2D SPACE',''
  ) );
#1999 = PCURVE('',#2000,#2005);
#2000 = CYLINDRICAL_SURFACE('',#2001,4.75);
#2001 = AXIS2_PLACEMENT_3D('',#2002,#2003,#2004);
#2002 = CARTESIAN_POINT('',(13.76,8.7,14.5));
#2003 = DIRECTION('',(-0.,-0.,-1.));
#2004 = DIRECTION('',(1.,0.,0.));
#2005 = DEFINITIONAL_REPRESENTATION('',(#2006),#2010);
#2006 = LINE('',#2007,#2008);
#2007 = CARTESIAN_POINT('',(-6.28318530718,-2.5));
#2008 = VECTOR('',#2009,1.);
#2009 = DIRECTION('',(1.,-0.));
#2010 = ( GEOMETRIC_REPRESENTATION_CONTEXT(2) 
PARAMETRIC_REPRESENTATION_CONTEXT() REPRESENTATION_CONTEXT('2D SPACE',''
  ) );
#2011 = FACE_BOUND('',#2012,.T.);
#2012 = EDGE_LOOP('',(#2013));
#2013 = ORIENTED_EDGE('',*,*,#2014,.T.);
#2014 = EDGE_CURVE('',#2015,#2015,#2017,.T.);
#2015 = VERTEX_POINT('',#2016);
#2016 = CARTESIAN_POINT('',(30.75,8.7,17.));
#2017 = SURFACE_CURVE('',#2018,(#2023,#2034),.PCURVE_S1.);
#2018 = CIRCLE('',#2019,4.75);
#2019 = AXIS2_PLACEMENT_3D('',#2020,#2021,#2022);
#2020 = CARTESIAN_POINT('',(26.,8.7,17.));
#2021 = DIRECTION('',(0.,0.,-1.));
#2022 = DIRECTION('',(1.,0.,0.));
#2023 = PCURVE('',#263,#2024);
#2024 = DEFINITIONAL_REPRESENTATION('',(#2025),#2033);
#2025 = ( BOUNDED_CURVE() B_SPLINE_CURVE(2,(#2026,#2027,#2028,#2029,
#2030,#2031,#2032),.UNSPECIFIED.,.T.,.F.) B_SPLINE_CURVE_WITH_KNOTS((1,2
    ,2,2,2,1),(-2.094395102393,0.,2.094395102393,4.188790204786,
6.28318530718,8.377580409573),.UNSPECIFIED.) CURVE() 
GEOMETRIC_REPRESENTATION_ITEM() RATIONAL_B_SPLINE_CURVE((1.,0.5,1.,0.5,
1.,0.5,1.)) REPRESENTATION_ITEM('') );
#2026 = CARTESIAN_POINT('',(30.75,8.7));
#2027 = CARTESIAN_POINT('',(30.75,0.472758664048));
#2028 = CARTESIAN_POINT('',(23.625,4.586379332024));
#2029 = CARTESIAN_POINT('',(16.5,8.7));
#2030 = CARTESIAN_POINT('',(23.625,12.813620667976));
#2031 = CARTESIAN_POINT('',(30.75,16.927241335952));
#2032 = CARTESIAN_POINT('',(30.75,8.7));
#2033 = ( GEOMETRIC_REPRESENTATION_CONTEXT(2) 
PARAMETRIC_REPRESENTATION_CONTEXT() REPRESENTATION_CONTEXT('2D SPACE',''
  ) );
#2034 = PCURVE('',#2035,#2040);
#2035 = CYLINDRICAL_SURFACE('',#2036,4.75);
#2036 = AXIS2_PLACEMENT_3D('',#2037,#2038,#2039);
#2037 = CARTESIAN_POINT('',(26.,8.7,14.5));
#2038 = DIRECTION('',(-0.,-0.,-1.));
#2039 = DIRECTION('',(1.,0.,0.));
#2040 = DEFINITIONAL_REPRESENTATION('',(#2041),#2045);
#2041 = LINE('',#2042,#2043);
#2042 = CARTESIAN_POINT('',(-6.28318530718,-2.5));
#2043 = VECTOR('',#2044,1.);
#2044 = DIRECTION('',(1.,-0.));
#2045 = ( GEOMETRIC_REPRESENTATION_CONTEXT(2) 
PARAMETRIC_REPRESENTATION_CONTEXT() REPRESENTATION_CONTEXT('2D SPACE',''
  ) );
#2046 = FACE_BOUND('',#2047,.T.);
#2047 = EDGE_LOOP('',(#2048));
#2048 = ORIENTED_EDGE('',*,*,#2049,.T.);
#2049 = EDGE_CURVE('',#2050,#2050,#2052,.T.);
#2050 = VERTEX_POINT('',#2051);
#2051 = CARTESIAN_POINT('',(42.99,8.7,17.));
#2052 = SURFACE_CURVE('',#2053,(#2058,#2069),.PCURVE_S1.);
#2053 = CIRCLE('',#2054,4.75);
#2054 = AXIS2_PLACEMENT_3D('',#2055,#2056,#2057);
#2055 = CARTESIAN_POINT('',(38.24,8.7,17.));
#2056 = DIRECTION('',(0.,0.,-1.));
#2057 = DIRECTION('',(1.,0.,0.));
#2058 = PCURVE('',#263,#2059);
#2059 = DEFINITIONAL_REPRESENTATION('',(#2060),#2068);
#2060 = ( BOUNDED_CURVE() B_SPLINE_CURVE(2,(#2061,#2062,#2063,#2064,
#2065,#2066,#2067),.UNSPECIFIED.,.T.,.F.) B_SPLINE_CURVE_WITH_KNOTS((1,2
    ,2,2,2,1),(-2.094395102393,0.,2.094395102393,4.188790204786,
6.28318530718,8.377580409573),.UNSPECIFIED.) CURVE() 
GEOMETRIC_REPRESENTATION_ITEM() RATIONAL_B_SPLINE_CURVE((1.,0.5,1.,0.5,
1.,0.5,1.)) REPRESENTATION_ITEM('') );
#2061 = CARTESIAN_POINT('',(42.99,8.7));
#2062 = CARTESIAN_POINT('',(42.99,0.472758664048));
#2063 = CARTESIAN_POINT('',(35.865,4.586379332024));
#2064 = CARTESIAN_POINT('',(28.74,8.7));
#2065 = CARTESIAN_POINT('',(35.865,12.813620667976));
#2066 = CARTESIAN_POINT('',(42.99,16.927241335952));
#2067 = CARTESIAN_POINT('',(42.99,8.7));
#2068 = ( GEOMETRIC_REPRESENTATION_CONTEXT(2) 
PARAMETRIC_REPRESENTATION_CONTEXT() REPRESENTATION_CONTEXT('2D SPACE',''
  ) );
#2069 = PCURVE('',#2070,#2075);
#2070 = CYLINDRICAL_SURFACE('',#2071,4.75);
#2071 = AXIS2_PLACEMENT_3D('',#2072,#2073,#2074);
#2072 = CARTESIAN_POINT('',(38.24,8.7,14.5));
#2073 = DIRECTION('',(-0.,-0.,-1.));
#2074 = DIRECTION('',(1.,0.,0.));
#2075 = DEFINITIONAL_REPRESENTATION('',(#2076),#2080);
#2076 = LINE('',#2077,#2078);
#2077 = CARTESIAN_POINT('',(-6.28318530718,-2.5));
#2078 = VECTOR('',#2079,1.);
#2079 = DIRECTION('',(1.,-0.));
#2080 = ( GEOMETRIC_REPRESENTATION_CONTEXT(2) 
PARAMETRIC_REPRESENTATION_CONTEXT() REPRESENTATION_CONTEXT('2D SPACE',''
  ) );
#2081 = ADVANCED_FACE('',(#2082),#626,.T.);
#2082 = FACE_BOUND('',#2083,.T.);
#2083 = EDGE_LOOP('',(#2084,#2085,#2108,#2127));
#2084 = ORIENTED_EDGE('',*,*,#669,.T.);
#2085 = ORIENTED_EDGE('',*,*,#2086,.T.);
#2086 = EDGE_CURVE('',#670,#2087,#2089,.T.);
#2087 = VERTEX_POINT('',#2088);
#2088 = CARTESIAN_POINT('',(18.,92.4,14.5));
#2089 = SURFACE_CURVE('',#2090,(#2094,#2101),.PCURVE_S1.);
#2090 = LINE('',#2091,#2092);
#2091 = CARTESIAN_POINT('',(7.,92.4,14.5));
#2092 = VECTOR('',#2093,1.);
#2093 = DIRECTION('',(1.,0.,0.));
#2094 = PCURVE('',#626,#2095);
#2095 = DEFINITIONAL_REPRESENTATION('',(#2096),#2100);
#2096 = LINE('',#2097,#2098);
#2097 = CARTESIAN_POINT('',(3.5,7.));
#2098 = VECTOR('',#2099,1.);
#2099 = DIRECTION('',(0.,1.));
#2100 = ( GEOMETRIC_REPRESENTATION_CONTEXT(2) 
PARAMETRIC_REPRESENTATION_CONTEXT() REPRESENTATION_CONTEXT('2D SPACE',''
  ) );
#2101 = PCURVE('',#948,#2102);
#2102 = DEFINITIONAL_REPRESENTATION('',(#2103),#2107);
#2103 = LINE('',#2104,#2105);
#2104 = CARTESIAN_POINT('',(0.,0.));
#2105 = VECTOR('',#2106,1.);
#2106 = DIRECTION('',(0.,1.));
#2107 = ( GEOMETRIC_REPRESENTATION_CONTEXT(2) 
PARAMETRIC_REPRESENTATION_CONTEXT() REPRESENTATION_CONTEXT('2D SPACE',''
  ) );
#2108 = ORIENTED_EDGE('',*,*,#2109,.T.);
#2109 = EDGE_CURVE('',#2087,#585,#2110,.T.);
#2110 = SURFACE_CURVE('',#2111,(#2115,#2121),.PCURVE_S1.);
#2111 = LINE('',#2112,#2113);
#2112 = CARTESIAN_POINT('',(18.,92.4,10.75));
#2113 = VECTOR('',#2114,1.);
#2114 = DIRECTION('',(0.,0.,-1.));
#2115 = PCURVE('',#626,#2116);
#2116 = DEFINITIONAL_REPRESENTATION('',(#2117),#2120);
#2117 = B_SPLINE_CURVE_WITH_KNOTS('',1,(#2118,#2119),.UNSPECIFIED.,.F.,
  .F.,(2,2),(-3.75,-0.25),.PIECEWISE_BEZIER_KNOTS.);
#2118 = CARTESIAN_POINT('',(3.5,18.));
#2119 = CARTESIAN_POINT('',(0.,18.));
#2120 = ( GEOMETRIC_REPRESENTATION_CONTEXT(2) 
PARAMETRIC_REPRESENTATION_CONTEXT() REPRESENTATION_CONTEXT('2D SPACE',''
  ) );
#2121 = PCURVE('',#599,#2122);
#2122 = DEFINITIONAL_REPRESENTATION('',(#2123),#2126);
#2123 = B_SPLINE_CURVE_WITH_KNOTS('',1,(#2124,#2125),.UNSPECIFIED.,.F.,
  .F.,(2,2),(-3.75,-0.25),.PIECEWISE_BEZIER_KNOTS.);
#2124 = CARTESIAN_POINT('',(4.,-5.5));
#2125 = CARTESIAN_POINT('',(0.5,-5.5));
#2126 = ( GEOMETRIC_REPRESENTATION_CONTEXT(2) 
PARAMETRIC_REPRESENTATION_CONTEXT() REPRESENTATION_CONTEXT('2D SPACE',''
  ) );
#2127 = ORIENTED_EDGE('',*,*,#610,.F.);
#2128 = ADVANCED_FACE('',(#2129),#599,.T.);
#2129 = FACE_BOUND('',#2130,.T.);
#2130 = EDGE_LOOP('',(#2131,#2161,#2187,#2213,#2238,#2239,#2240));
#2131 = ORIENTED_EDGE('',*,*,#2132,.F.);
#2132 = EDGE_CURVE('',#2133,#2135,#2137,.T.);
#2133 = VERTEX_POINT('',#2134);
#2134 = CARTESIAN_POINT('',(18.,88.9,15.3));
#2135 = VERTEX_POINT('',#2136);
#2136 = CARTESIAN_POINT('',(18.,92.268543856466,15.3));
#2137 = SURFACE_CURVE('',#2138,(#2142,#2149),.PCURVE_S1.);
#2138 = LINE('',#2139,#2140);
#2139 = CARTESIAN_POINT('',(18.,86.9,15.3));
#2140 = VECTOR('',#2141,1.);
#2141 = DIRECTION('',(0.,1.,0.));
#2142 = PCURVE('',#599,#2143);
#2143 = DEFINITIONAL_REPRESENTATION('',(#2144),#2148);
#2144 = LINE('',#2145,#2146);
#2145 = CARTESIAN_POINT('',(4.8,0.));
#2146 = VECTOR('',#2147,1.);
#2147 = DIRECTION('',(0.,-1.));
#2148 = ( GEOMETRIC_REPRESENTATION_CONTEXT(2) 
PARAMETRIC_REPRESENTATION_CONTEXT() REPRESENTATION_CONTEXT('2D SPACE',''
  ) );
#2149 = PCURVE('',#2150,#2155);
#2150 = PLANE('',#2151);
#2151 = AXIS2_PLACEMENT_3D('',#2152,#2153,#2154);
#2152 = CARTESIAN_POINT('',(18.,86.9,15.3));
#2153 = DIRECTION('',(0.,0.,1.));
#2154 = DIRECTION('',(1.,0.,0.));
#2155 = DEFINITIONAL_REPRESENTATION('',(#2156),#2160);
#2156 = LINE('',#2157,#2158);
#2157 = CARTESIAN_POINT('',(0.,0.));
#2158 = VECTOR('',#2159,1.);
#2159 = DIRECTION('',(0.,1.));
#2160 = ( GEOMETRIC_REPRESENTATION_CONTEXT(2) 
PARAMETRIC_REPRESENTATION_CONTEXT() REPRESENTATION_CONTEXT('2D SPACE',''
  ) );
#2161 = ORIENTED_EDGE('',*,*,#2162,.T.);
#2162 = EDGE_CURVE('',#2133,#2163,#2165,.T.);
#2163 = VERTEX_POINT('',#2164);
#2164 = CARTESIAN_POINT('',(18.,88.9,11.));
#2165 = SURFACE_CURVE('',#2166,(#2170,#2176),.PCURVE_S1.);
#2166 = LINE('',#2167,#2168);
#2167 = CARTESIAN_POINT('',(18.,88.9,10.5));
#2168 = VECTOR('',#2169,1.);
#2169 = DIRECTION('',(0.,0.,-1.));
#2170 = PCURVE('',#599,#2171);
#2171 = DEFINITIONAL_REPRESENTATION('',(#2172),#2175);
#2172 = B_SPLINE_CURVE_WITH_KNOTS('',1,(#2173,#2174),.UNSPECIFIED.,.F.,
  .F.,(2,2),(-4.8,-0.5),.PIECEWISE_BEZIER_KNOTS.);
#2173 = CARTESIAN_POINT('',(4.8,-2.));
#2174 = CARTESIAN_POINT('',(0.5,-2.));
#2175 = ( GEOMETRIC_REPRESENTATION_CONTEXT(2) 
PARAMETRIC_REPRESENTATION_CONTEXT() REPRESENTATION_CONTEXT('2D SPACE',''
  ) );
#2176 = PCURVE('',#2177,#2182);
#2177 = PLANE('',#2178);
#2178 = AXIS2_PLACEMENT_3D('',#2179,#2180,#2181);
#2179 = CARTESIAN_POINT('',(3.5,88.9,10.5));
#2180 = DIRECTION('',(0.,1.,0.));
#2181 = DIRECTION('',(0.,0.,1.));
#2182 = DEFINITIONAL_REPRESENTATION('',(#2183),#2186);
#2183 = B_SPLINE_CURVE_WITH_KNOTS('',1,(#2184,#2185),.UNSPECIFIED.,.F.,
  .F.,(2,2),(-4.8,-0.5),.PIECEWISE_BEZIER_KNOTS.);
#2184 = CARTESIAN_POINT('',(4.8,14.5));
#2185 = CARTESIAN_POINT('',(0.5,14.5));
#2186 = ( GEOMETRIC_REPRESENTATION_CONTEXT(2) 
PARAMETRIC_REPRESENTATION_CONTEXT() REPRESENTATION_CONTEXT('2D SPACE',''
  ) );
#2187 = ORIENTED_EDGE('',*,*,#2188,.T.);
#2188 = EDGE_CURVE('',#2163,#2189,#2191,.T.);
#2189 = VERTEX_POINT('',#2190);
#2190 = CARTESIAN_POINT('',(18.,90.7,11.));
#2191 = SURFACE_CURVE('',#2192,(#2196,#2202),.PCURVE_S1.);
#2192 = LINE('',#2193,#2194);
#2193 = CARTESIAN_POINT('',(18.,43.45,11.));
#2194 = VECTOR('',#2195,1.);
#2195 = DIRECTION('',(0.,1.,0.));
#2196 = PCURVE('',#599,#2197);
#2197 = DEFINITIONAL_REPRESENTATION('',(#2198),#2201);
#2198 = B_SPLINE_CURVE_WITH_KNOTS('',1,(#2199,#2200),.UNSPECIFIED.,.F.,
  .F.,(2,2),(43.45,48.95),.PIECEWISE_BEZIER_KNOTS.);
#2199 = CARTESIAN_POINT('',(0.5,0.));
#2200 = CARTESIAN_POINT('',(0.5,-5.5));
#2201 = ( GEOMETRIC_REPRESENTATION_CONTEXT(2) 
PARAMETRIC_REPRESENTATION_CONTEXT() REPRESENTATION_CONTEXT('2D SPACE',''
  ) );
#2202 = PCURVE('',#2203,#2208);
#2203 = PLANE('',#2204);
#2204 = AXIS2_PLACEMENT_3D('',#2205,#2206,#2207);
#2205 = CARTESIAN_POINT('',(0.,0.,11.));
#2206 = DIRECTION('',(0.,0.,1.));
#2207 = DIRECTION('',(1.,0.,0.));
#2208 = DEFINITIONAL_REPRESENTATION('',(#2209),#2212);
#2209 = B_SPLINE_CURVE_WITH_KNOTS('',1,(#2210,#2211),.UNSPECIFIED.,.F.,
  .F.,(2,2),(43.45,48.95),.PIECEWISE_BEZIER_KNOTS.);
#2210 = CARTESIAN_POINT('',(18.,86.9));
#2211 = CARTESIAN_POINT('',(18.,92.4));
#2212 = ( GEOMETRIC_REPRESENTATION_CONTEXT(2) 
PARAMETRIC_REPRESENTATION_CONTEXT() REPRESENTATION_CONTEXT('2D SPACE',''
  ) );
#2213 = ORIENTED_EDGE('',*,*,#2214,.T.);
#2214 = EDGE_CURVE('',#2189,#557,#2215,.T.);
#2215 = SURFACE_CURVE('',#2216,(#2220,#2226),.PCURVE_S1.);
#2216 = LINE('',#2217,#2218);
#2217 = CARTESIAN_POINT('',(18.,43.45,11.));
#2218 = VECTOR('',#2219,1.);
#2219 = DIRECTION('',(0.,1.,0.));
#2220 = PCURVE('',#599,#2221);
#2221 = DEFINITIONAL_REPRESENTATION('',(#2222),#2225);
#2222 = B_SPLINE_CURVE_WITH_KNOTS('',1,(#2223,#2224),.UNSPECIFIED.,.F.,
  .F.,(2,2),(43.45,48.95),.PIECEWISE_BEZIER_KNOTS.);
#2223 = CARTESIAN_POINT('',(0.5,0.));
#2224 = CARTESIAN_POINT('',(0.5,-5.5));
#2225 = ( GEOMETRIC_REPRESENTATION_CONTEXT(2) 
PARAMETRIC_REPRESENTATION_CONTEXT() REPRESENTATION_CONTEXT('2D SPACE',''
  ) );
#2226 = PCURVE('',#2227,#2232);
#2227 = PLANE('',#2228);
#2228 = AXIS2_PLACEMENT_3D('',#2229,#2230,#2231);
#2229 = CARTESIAN_POINT('',(0.9,0.9,11.));
#2230 = DIRECTION('',(0.,0.,1.));
#2231 = DIRECTION('',(1.,0.,0.));
#2232 = DEFINITIONAL_REPRESENTATION('',(#2233),#2237);
#2233 = LINE('',#2234,#2235);
#2234 = CARTESIAN_POINT('',(17.1,42.55));
#2235 = VECTOR('',#2236,1.);
#2236 = DIRECTION('',(0.,1.));
#2237 = ( GEOMETRIC_REPRESENTATION_CONTEXT(2) 
PARAMETRIC_REPRESENTATION_CONTEXT() REPRESENTATION_CONTEXT('2D SPACE',''
  ) );
#2238 = ORIENTED_EDGE('',*,*,#584,.T.);
#2239 = ORIENTED_EDGE('',*,*,#2109,.F.);
#2240 = ORIENTED_EDGE('',*,*,#2241,.T.);
#2241 = EDGE_CURVE('',#2087,#2135,#2242,.T.);
#2242 = SURFACE_CURVE('',#2243,(#2248,#2255),.PCURVE_S1.);
#2243 = CIRCLE('',#2244,2.5);
#2244 = AXIS2_PLACEMENT_3D('',#2245,#2246,#2247);
#2245 = CARTESIAN_POINT('',(18.,89.9,14.5));
#2246 = DIRECTION('',(1.,0.,0.));
#2247 = DIRECTION('',(-0.,1.,0.));
#2248 = PCURVE('',#599,#2249);
#2249 = DEFINITIONAL_REPRESENTATION('',(#2250),#2254);
#2250 = CIRCLE('',#2251,2.5);
#2251 = AXIS2_PLACEMENT_2D('',#2252,#2253);
#2252 = CARTESIAN_POINT('',(4.,-3.));
#2253 = DIRECTION('',(0.,-1.));
#2254 = ( GEOMETRIC_REPRESENTATION_CONTEXT(2) 
PARAMETRIC_REPRESENTATION_CONTEXT() REPRESENTATION_CONTEXT('2D SPACE',''
  ) );
#2255 = PCURVE('',#948,#2256);
#2256 = DEFINITIONAL_REPRESENTATION('',(#2257),#2261);
#2257 = LINE('',#2258,#2259);
#2258 = CARTESIAN_POINT('',(0.,11.));
#2259 = VECTOR('',#2260,1.);
#2260 = DIRECTION('',(1.,0.));
#2261 = ( GEOMETRIC_REPRESENTATION_CONTEXT(2) 
PARAMETRIC_REPRESENTATION_CONTEXT() REPRESENTATION_CONTEXT('2D SPACE',''
  ) );
#2262 = ADVANCED_FACE('',(#2263),#572,.T.);
#2263 = FACE_BOUND('',#2264,.T.);
#2264 = EDGE_LOOP('',(#2265,#2295,#2316,#2317,#2340,#2363));
#2265 = ORIENTED_EDGE('',*,*,#2266,.F.);
#2266 = EDGE_CURVE('',#2267,#2269,#2271,.T.);
#2267 = VERTEX_POINT('',#2268);
#2268 = CARTESIAN_POINT('',(7.,91.5,10.6));
#2269 = VERTEX_POINT('',#2270);
#2270 = CARTESIAN_POINT('',(45.,91.5,10.6));
#2271 = SURFACE_CURVE('',#2272,(#2276,#2283),.PCURVE_S1.);
#2272 = LINE('',#2273,#2274);
#2273 = CARTESIAN_POINT('',(0.9,91.5,10.6));
#2274 = VECTOR('',#2275,1.);
#2275 = DIRECTION('',(1.,0.,0.));
#2276 = PCURVE('',#572,#2277);
#2277 = DEFINITIONAL_REPRESENTATION('',(#2278),#2282);
#2278 = LINE('',#2279,#2280);
#2279 = CARTESIAN_POINT('',(0.,0.));
#2280 = VECTOR('',#2281,1.);
#2281 = DIRECTION('',(0.,1.));
#2282 = ( GEOMETRIC_REPRESENTATION_CONTEXT(2) 
PARAMETRIC_REPRESENTATION_CONTEXT() REPRESENTATION_CONTEXT('2D SPACE',''
  ) );
#2283 = PCURVE('',#2284,#2289);
#2284 = PLANE('',#2285);
#2285 = AXIS2_PLACEMENT_3D('',#2286,#2287,#2288);
#2286 = CARTESIAN_POINT('',(0.9,0.9,10.6));
#2287 = DIRECTION('',(0.,0.,1.));
#2288 = DIRECTION('',(1.,0.,0.));
#2289 = DEFINITIONAL_REPRESENTATION('',(#2290),#2294);
#2290 = LINE('',#2291,#2292);
#2291 = CARTESIAN_POINT('',(0.,90.6));
#2292 = VECTOR('',#2293,1.);
#2293 = DIRECTION('',(1.,0.));
#2294 = ( GEOMETRIC_REPRESENTATION_CONTEXT(2) 
PARAMETRIC_REPRESENTATION_CONTEXT() REPRESENTATION_CONTEXT('2D SPACE',''
  ) );
#2295 = ORIENTED_EDGE('',*,*,#2296,.T.);
#2296 = EDGE_CURVE('',#2267,#524,#2297,.T.);
#2297 = SURFACE_CURVE('',#2298,(#2302,#2309),.PCURVE_S1.);
#2298 = LINE('',#2299,#2300);
#2299 = CARTESIAN_POINT('',(7.,91.5,10.6));
#2300 = VECTOR('',#2301,1.);
#2301 = DIRECTION('',(0.,0.,1.));
#2302 = PCURVE('',#572,#2303);
#2303 = DEFINITIONAL_REPRESENTATION('',(#2304),#2308);
#2304 = LINE('',#2305,#2306);
#2305 = CARTESIAN_POINT('',(0.,6.1));
#2306 = VECTOR('',#2307,1.);
#2307 = DIRECTION('',(1.,0.));
#2308 = ( GEOMETRIC_REPRESENTATION_CONTEXT(2) 
PARAMETRIC_REPRESENTATION_CONTEXT() REPRESENTATION_CONTEXT('2D SPACE',''
  ) );
#2309 = PCURVE('',#544,#2310);
#2310 = DEFINITIONAL_REPRESENTATION('',(#2311),#2315);
#2311 = LINE('',#2312,#2313);
#2312 = CARTESIAN_POINT('',(-1.570796326795,0.));
#2313 = VECTOR('',#2314,1.);
#2314 = DIRECTION('',(-0.,1.));
#2315 = ( GEOMETRIC_REPRESENTATION_CONTEXT(2) 
PARAMETRIC_REPRESENTATION_CONTEXT() REPRESENTATION_CONTEXT('2D SPACE',''
  ) );
#2316 = ORIENTED_EDGE('',*,*,#556,.T.);
#2317 = ORIENTED_EDGE('',*,*,#2318,.T.);
#2318 = EDGE_CURVE('',#557,#2319,#2321,.T.);
#2319 = VERTEX_POINT('',#2320);
#2320 = CARTESIAN_POINT('',(34.,91.5,11.));
#2321 = SURFACE_CURVE('',#2322,(#2326,#2333),.PCURVE_S1.);
#2322 = LINE('',#2323,#2324);
#2323 = CARTESIAN_POINT('',(0.9,91.5,11.));
#2324 = VECTOR('',#2325,1.);
#2325 = DIRECTION('',(1.,0.,0.));
#2326 = PCURVE('',#572,#2327);
#2327 = DEFINITIONAL_REPRESENTATION('',(#2328),#2332);
#2328 = LINE('',#2329,#2330);
#2329 = CARTESIAN_POINT('',(0.4,0.));
#2330 = VECTOR('',#2331,1.);
#2331 = DIRECTION('',(0.,1.));
#2332 = ( GEOMETRIC_REPRESENTATION_CONTEXT(2) 
PARAMETRIC_REPRESENTATION_CONTEXT() REPRESENTATION_CONTEXT('2D SPACE',''
  ) );
#2333 = PCURVE('',#2227,#2334);
#2334 = DEFINITIONAL_REPRESENTATION('',(#2335),#2339);
#2335 = LINE('',#2336,#2337);
#2336 = CARTESIAN_POINT('',(0.,90.6));
#2337 = VECTOR('',#2338,1.);
#2338 = DIRECTION('',(1.,0.));
#2339 = ( GEOMETRIC_REPRESENTATION_CONTEXT(2) 
PARAMETRIC_REPRESENTATION_CONTEXT() REPRESENTATION_CONTEXT('2D SPACE',''
  ) );
#2340 = ORIENTED_EDGE('',*,*,#2341,.T.);
#2341 = EDGE_CURVE('',#2319,#2342,#2344,.T.);
#2342 = VERTEX_POINT('',#2343);
#2343 = CARTESIAN_POINT('',(45.,91.5,11.));
#2344 = SURFACE_CURVE('',#2345,(#2349,#2356),.PCURVE_S1.);
#2345 = LINE('',#2346,#2347);
#2346 = CARTESIAN_POINT('',(0.9,91.5,11.));
#2347 = VECTOR('',#2348,1.);
#2348 = DIRECTION('',(1.,0.,0.));
#2349 = PCURVE('',#572,#2350);
#2350 = DEFINITIONAL_REPRESENTATION('',(#2351),#2355);
#2351 = LINE('',#2352,#2353);
#2352 = CARTESIAN_POINT('',(0.4,0.));
#2353 = VECTOR('',#2354,1.);
#2354 = DIRECTION('',(0.,1.));
#2355 = ( GEOMETRIC_REPRESENTATION_CONTEXT(2) 
PARAMETRIC_REPRESENTATION_CONTEXT() REPRESENTATION_CONTEXT('2D SPACE',''
  ) );
#2356 = PCURVE('',#843,#2357);
#2357 = DEFINITIONAL_REPRESENTATION('',(#2358),#2362);
#2358 = LINE('',#2359,#2360);
#2359 = CARTESIAN_POINT('',(0.9,91.5));
#2360 = VECTOR('',#2361,1.);
#2361 = DIRECTION('',(1.,0.));
#2362 = ( GEOMETRIC_REPRESENTATION_CONTEXT(2) 
PARAMETRIC_REPRESENTATION_CONTEXT() REPRESENTATION_CONTEXT('2D SPACE',''
  ) );
#2363 = ORIENTED_EDGE('',*,*,#2364,.F.);
#2364 = EDGE_CURVE('',#2269,#2342,#2365,.T.);
#2365 = SURFACE_CURVE('',#2366,(#2370,#2377),.PCURVE_S1.);
#2366 = LINE('',#2367,#2368);
#2367 = CARTESIAN_POINT('',(45.,91.5,10.6));
#2368 = VECTOR('',#2369,1.);
#2369 = DIRECTION('',(0.,0.,1.));
#2370 = PCURVE('',#572,#2371);
#2371 = DEFINITIONAL_REPRESENTATION('',(#2372),#2376);
#2372 = LINE('',#2373,#2374);
#2373 = CARTESIAN_POINT('',(0.,44.1));
#2374 = VECTOR('',#2375,1.);
#2375 = DIRECTION('',(1.,0.));
#2376 = ( GEOMETRIC_REPRESENTATION_CONTEXT(2) 
PARAMETRIC_REPRESENTATION_CONTEXT() REPRESENTATION_CONTEXT('2D SPACE',''
  ) );
#2377 = PCURVE('',#2378,#2383);
#2378 = CYLINDRICAL_SURFACE('',#2379,6.1);
#2379 = AXIS2_PLACEMENT_3D('',#2380,#2381,#2382);
#2380 = CARTESIAN_POINT('',(45.,85.4,10.6));
#2381 = DIRECTION('',(0.,0.,1.));
#2382 = DIRECTION('',(1.,0.,-0.));
#2383 = DEFINITIONAL_REPRESENTATION('',(#2384),#2388);
#2384 = LINE('',#2385,#2386);
#2385 = CARTESIAN_POINT('',(1.570796326795,0.));
#2386 = VECTOR('',#2387,1.);
#2387 = DIRECTION('',(0.,1.));
#2388 = ( GEOMETRIC_REPRESENTATION_CONTEXT(2) 
PARAMETRIC_REPRESENTATION_CONTEXT() REPRESENTATION_CONTEXT('2D SPACE',''
  ) );
#2389 = ADVANCED_FACE('',(#2390),#544,.T.);
#2390 = FACE_BOUND('',#2391,.F.);
#2391 = EDGE_LOOP('',(#2392,#2420,#2421,#2422));
#2392 = ORIENTED_EDGE('',*,*,#2393,.T.);
#2393 = EDGE_CURVE('',#2394,#2267,#2396,.T.);
#2394 = VERTEX_POINT('',#2395);
#2395 = CARTESIAN_POINT('',(0.9,85.4,10.6));
#2396 = SURFACE_CURVE('',#2397,(#2402,#2409),.PCURVE_S1.);
#2397 = CIRCLE('',#2398,6.1);
#2398 = AXIS2_PLACEMENT_3D('',#2399,#2400,#2401);
#2399 = CARTESIAN_POINT('',(7.,85.4,10.6));
#2400 = DIRECTION('',(-0.,-0.,-1.));
#2401 = DIRECTION('',(0.,-1.,0.));
#2402 = PCURVE('',#544,#2403);
#2403 = DEFINITIONAL_REPRESENTATION('',(#2404),#2408);
#2404 = LINE('',#2405,#2406);
#2405 = CARTESIAN_POINT('',(1.570796326795,-0.));
#2406 = VECTOR('',#2407,1.);
#2407 = DIRECTION('',(-1.,0.));
#2408 = ( GEOMETRIC_REPRESENTATION_CONTEXT(2) 
PARAMETRIC_REPRESENTATION_CONTEXT() REPRESENTATION_CONTEXT('2D SPACE',''
  ) );
#2409 = PCURVE('',#2284,#2410);
#2410 = DEFINITIONAL_REPRESENTATION('',(#2411),#2419);
#2411 = ( BOUNDED_CURVE() B_SPLINE_CURVE(2,(#2412,#2413,#2414,#2415,
#2416,#2417,#2418),.UNSPECIFIED.,.T.,.F.) B_SPLINE_CURVE_WITH_KNOTS((1,2
    ,2,2,2,1),(-2.094395102393,0.,2.094395102393,4.188790204786,
6.28318530718,8.377580409573),.UNSPECIFIED.) CURVE() 
GEOMETRIC_REPRESENTATION_ITEM() RATIONAL_B_SPLINE_CURVE((1.,0.5,1.,0.5,
1.,0.5,1.)) REPRESENTATION_ITEM('') );
#2412 = CARTESIAN_POINT('',(6.1,78.4));
#2413 = CARTESIAN_POINT('',(-4.46550992617,78.4));
#2414 = CARTESIAN_POINT('',(0.817245036915,87.55));
#2415 = CARTESIAN_POINT('',(6.1,96.7));
#2416 = CARTESIAN_POINT('',(11.382754963085,87.55));
#2417 = CARTESIAN_POINT('',(16.66550992617,78.4));
#2418 = CARTESIAN_POINT('',(6.1,78.4));
#2419 = ( GEOMETRIC_REPRESENTATION_CONTEXT(2) 
PARAMETRIC_REPRESENTATION_CONTEXT() REPRESENTATION_CONTEXT('2D SPACE',''
  ) );
#2420 = ORIENTED_EDGE('',*,*,#2296,.T.);
#2421 = ORIENTED_EDGE('',*,*,#523,.F.);
#2422 = ORIENTED_EDGE('',*,*,#2423,.F.);
#2423 = EDGE_CURVE('',#2394,#496,#2424,.T.);
#2424 = SURFACE_CURVE('',#2425,(#2429,#2436),.PCURVE_S1.);
#2425 = LINE('',#2426,#2427);
#2426 = CARTESIAN_POINT('',(0.9,85.4,10.6));
#2427 = VECTOR('',#2428,1.);
#2428 = DIRECTION('',(0.,0.,1.));
#2429 = PCURVE('',#544,#2430);
#2430 = DEFINITIONAL_REPRESENTATION('',(#2431),#2435);
#2431 = LINE('',#2432,#2433);
#2432 = CARTESIAN_POINT('',(-0.,0.));
#2433 = VECTOR('',#2434,1.);
#2434 = DIRECTION('',(-0.,1.));
#2435 = ( GEOMETRIC_REPRESENTATION_CONTEXT(2) 
PARAMETRIC_REPRESENTATION_CONTEXT() REPRESENTATION_CONTEXT('2D SPACE',''
  ) );
#2436 = PCURVE('',#511,#2437);
#2437 = DEFINITIONAL_REPRESENTATION('',(#2438),#2442);
#2438 = LINE('',#2439,#2440);
#2439 = CARTESIAN_POINT('',(0.,-84.5));
#2440 = VECTOR('',#2441,1.);
#2441 = DIRECTION('',(1.,0.));
#2442 = ( GEOMETRIC_REPRESENTATION_CONTEXT(2) 
PARAMETRIC_REPRESENTATION_CONTEXT() REPRESENTATION_CONTEXT('2D SPACE',''
  ) );
#2443 = ADVANCED_FACE('',(#2444),#511,.F.);
#2444 = FACE_BOUND('',#2445,.F.);
#2445 = EDGE_LOOP('',(#2446,#2447,#2470,#2491));
#2446 = ORIENTED_EDGE('',*,*,#495,.F.);
#2447 = ORIENTED_EDGE('',*,*,#2448,.F.);
#2448 = EDGE_CURVE('',#2449,#467,#2451,.T.);
#2449 = VERTEX_POINT('',#2450);
#2450 = CARTESIAN_POINT('',(0.9,7.,10.6));
#2451 = SURFACE_CURVE('',#2452,(#2456,#2463),.PCURVE_S1.);
#2452 = LINE('',#2453,#2454);
#2453 = CARTESIAN_POINT('',(0.9,7.,10.6));
#2454 = VECTOR('',#2455,1.);
#2455 = DIRECTION('',(0.,0.,1.));
#2456 = PCURVE('',#511,#2457);
#2457 = DEFINITIONAL_REPRESENTATION('',(#2458),#2462);
#2458 = LINE('',#2459,#2460);
#2459 = CARTESIAN_POINT('',(0.,-6.1));
#2460 = VECTOR('',#2461,1.);
#2461 = DIRECTION('',(1.,0.));
#2462 = ( GEOMETRIC_REPRESENTATION_CONTEXT(2) 
PARAMETRIC_REPRESENTATION_CONTEXT() REPRESENTATION_CONTEXT('2D SPACE',''
  ) );
#2463 = PCURVE('',#483,#2464);
#2464 = DEFINITIONAL_REPRESENTATION('',(#2465),#2469);
#2465 = LINE('',#2466,#2467);
#2466 = CARTESIAN_POINT('',(0.,0.));
#2467 = VECTOR('',#2468,1.);
#2468 = DIRECTION('',(0.,1.));
#2469 = ( GEOMETRIC_REPRESENTATION_CONTEXT(2) 
PARAMETRIC_REPRESENTATION_CONTEXT() REPRESENTATION_CONTEXT('2D SPACE',''
  ) );
#2470 = ORIENTED_EDGE('',*,*,#2471,.T.);
#2471 = EDGE_CURVE('',#2449,#2394,#2472,.T.);
#2472 = SURFACE_CURVE('',#2473,(#2477,#2484),.PCURVE_S1.);
#2473 = LINE('',#2474,#2475);
#2474 = CARTESIAN_POINT('',(0.9,0.9,10.6));
#2475 = VECTOR('',#2476,1.);
#2476 = DIRECTION('',(0.,1.,0.));
#2477 = PCURVE('',#511,#2478);
#2478 = DEFINITIONAL_REPRESENTATION('',(#2479),#2483);
#2479 = LINE('',#2480,#2481);
#2480 = CARTESIAN_POINT('',(0.,0.));
#2481 = VECTOR('',#2482,1.);
#2482 = DIRECTION('',(0.,-1.));
#2483 = ( GEOMETRIC_REPRESENTATION_CONTEXT(2) 
PARAMETRIC_REPRESENTATION_CONTEXT() REPRESENTATION_CONTEXT('2D SPACE',''
  ) );
#2484 = PCURVE('',#2284,#2485);
#2485 = DEFINITIONAL_REPRESENTATION('',(#2486),#2490);
#2486 = LINE('',#2487,#2488);
#2487 = CARTESIAN_POINT('',(0.,0.));
#2488 = VECTOR('',#2489,1.);
#2489 = DIRECTION('',(0.,1.));
#2490 = ( GEOMETRIC_REPRESENTATION_CONTEXT(2) 
PARAMETRIC_REPRESENTATION_CONTEXT() REPRESENTATION_CONTEXT('2D SPACE',''
  ) );
#2491 = ORIENTED_EDGE('',*,*,#2423,.T.);
#2492 = ADVANCED_FACE('',(#2493),#483,.T.);
#2493 = FACE_BOUND('',#2494,.T.);
#2494 = EDGE_LOOP('',(#2495,#2519,#2540,#2541));
#2495 = ORIENTED_EDGE('',*,*,#2496,.T.);
#2496 = EDGE_CURVE('',#2449,#2497,#2499,.T.);
#2497 = VERTEX_POINT('',#2498);
#2498 = CARTESIAN_POINT('',(7.,0.9,10.6));
#2499 = SURFACE_CURVE('',#2500,(#2505,#2512),.PCURVE_S1.);
#2500 = CIRCLE('',#2501,6.1);
#2501 = AXIS2_PLACEMENT_3D('',#2502,#2503,#2504);
#2502 = CARTESIAN_POINT('',(7.,7.,10.6));
#2503 = DIRECTION('',(0.,0.,1.));
#2504 = DIRECTION('',(0.,-1.,0.));
#2505 = PCURVE('',#483,#2506);
#2506 = DEFINITIONAL_REPRESENTATION('',(#2507),#2511);
#2507 = LINE('',#2508,#2509);
#2508 = CARTESIAN_POINT('',(-4.712388980385,0.));
#2509 = VECTOR('',#2510,1.);
#2510 = DIRECTION('',(1.,0.));
#2511 = ( GEOMETRIC_REPRESENTATION_CONTEXT(2) 
PARAMETRIC_REPRESENTATION_CONTEXT() REPRESENTATION_CONTEXT('2D SPACE',''
  ) );
#2512 = PCURVE('',#2284,#2513);
#2513 = DEFINITIONAL_REPRESENTATION('',(#2514),#2518);
#2514 = CIRCLE('',#2515,6.1);
#2515 = AXIS2_PLACEMENT_2D('',#2516,#2517);
#2516 = CARTESIAN_POINT('',(6.1,6.1));
#2517 = DIRECTION('',(0.,-1.));
#2518 = ( GEOMETRIC_REPRESENTATION_CONTEXT(2) 
PARAMETRIC_REPRESENTATION_CONTEXT() REPRESENTATION_CONTEXT('2D SPACE',''
  ) );
#2519 = ORIENTED_EDGE('',*,*,#2520,.T.);
#2520 = EDGE_CURVE('',#2497,#439,#2521,.T.);
#2521 = SURFACE_CURVE('',#2522,(#2526,#2533),.PCURVE_S1.);
#2522 = LINE('',#2523,#2524);
#2523 = CARTESIAN_POINT('',(7.,0.9,10.6));
#2524 = VECTOR('',#2525,1.);
#2525 = DIRECTION('',(0.,0.,1.));
#2526 = PCURVE('',#483,#2527);
#2527 = DEFINITIONAL_REPRESENTATION('',(#2528),#2532);
#2528 = LINE('',#2529,#2530);
#2529 = CARTESIAN_POINT('',(1.570796326795,0.));
#2530 = VECTOR('',#2531,1.);
#2531 = DIRECTION('',(0.,1.));
#2532 = ( GEOMETRIC_REPRESENTATION_CONTEXT(2) 
PARAMETRIC_REPRESENTATION_CONTEXT() REPRESENTATION_CONTEXT('2D SPACE',''
  ) );
#2533 = PCURVE('',#454,#2534);
#2534 = DEFINITIONAL_REPRESENTATION('',(#2535),#2539);
#2535 = LINE('',#2536,#2537);
#2536 = CARTESIAN_POINT('',(0.,6.1));
#2537 = VECTOR('',#2538,1.);
#2538 = DIRECTION('',(1.,0.));
#2539 = ( GEOMETRIC_REPRESENTATION_CONTEXT(2) 
PARAMETRIC_REPRESENTATION_CONTEXT() REPRESENTATION_CONTEXT('2D SPACE',''
  ) );
#2540 = ORIENTED_EDGE('',*,*,#466,.F.);
#2541 = ORIENTED_EDGE('',*,*,#2448,.F.);
#2542 = ADVANCED_FACE('',(#2543),#454,.F.);
#2543 = FACE_BOUND('',#2544,.F.);
#2544 = EDGE_LOOP('',(#2545,#2568,#2569,#2570));
#2545 = ORIENTED_EDGE('',*,*,#2546,.F.);
#2546 = EDGE_CURVE('',#2497,#2547,#2549,.T.);
#2547 = VERTEX_POINT('',#2548);
#2548 = CARTESIAN_POINT('',(19.867949192431,0.9,10.6));
#2549 = SURFACE_CURVE('',#2550,(#2554,#2561),.PCURVE_S1.);
#2550 = LINE('',#2551,#2552);
#2551 = CARTESIAN_POINT('',(0.9,0.9,10.6));
#2552 = VECTOR('',#2553,1.);
#2553 = DIRECTION('',(1.,0.,0.));
#2554 = PCURVE('',#454,#2555);
#2555 = DEFINITIONAL_REPRESENTATION('',(#2556),#2560);
#2556 = LINE('',#2557,#2558);
#2557 = CARTESIAN_POINT('',(0.,0.));
#2558 = VECTOR('',#2559,1.);
#2559 = DIRECTION('',(0.,1.));
#2560 = ( GEOMETRIC_REPRESENTATION_CONTEXT(2) 
PARAMETRIC_REPRESENTATION_CONTEXT() REPRESENTATION_CONTEXT('2D SPACE',''
  ) );
#2561 = PCURVE('',#2284,#2562);
#2562 = DEFINITIONAL_REPRESENTATION('',(#2563),#2567);
#2563 = LINE('',#2564,#2565);
#2564 = CARTESIAN_POINT('',(0.,0.));
#2565 = VECTOR('',#2566,1.);
#2566 = DIRECTION('',(1.,0.));
#2567 = ( GEOMETRIC_REPRESENTATION_CONTEXT(2) 
PARAMETRIC_REPRESENTATION_CONTEXT() REPRESENTATION_CONTEXT('2D SPACE',''
  ) );
#2568 = ORIENTED_EDGE('',*,*,#2520,.T.);
#2569 = ORIENTED_EDGE('',*,*,#438,.T.);
#2570 = ORIENTED_EDGE('',*,*,#2571,.F.);
#2571 = EDGE_CURVE('',#2547,#410,#2572,.T.);
#2572 = SURFACE_CURVE('',#2573,(#2577,#2583),.PCURVE_S1.);
#2573 = LINE('',#2574,#2575);
#2574 = CARTESIAN_POINT('',(19.867949192431,0.9,4.87));
#2575 = VECTOR('',#2576,1.);
#2576 = DIRECTION('',(0.,0.,1.));
#2577 = PCURVE('',#454,#2578);
#2578 = DEFINITIONAL_REPRESENTATION('',(#2579),#2582);
#2579 = B_SPLINE_CURVE_WITH_KNOTS('',1,(#2580,#2581),.UNSPECIFIED.,.F.,
  .F.,(2,2),(5.69,6.17),.PIECEWISE_BEZIER_KNOTS.);
#2580 = CARTESIAN_POINT('',(-4.E-02,18.967949192431));
#2581 = CARTESIAN_POINT('',(0.44,18.967949192431));
#2582 = ( GEOMETRIC_REPRESENTATION_CONTEXT(2) 
PARAMETRIC_REPRESENTATION_CONTEXT() REPRESENTATION_CONTEXT('2D SPACE',''
  ) );
#2583 = PCURVE('',#426,#2584);
#2584 = DEFINITIONAL_REPRESENTATION('',(#2585),#2588);
#2585 = B_SPLINE_CURVE_WITH_KNOTS('',1,(#2586,#2587),.UNSPECIFIED.,.F.,
  .F.,(2,2),(5.69,6.17),.PIECEWISE_BEZIER_KNOTS.);
#2586 = CARTESIAN_POINT('',(-0.523598775598,5.69));
#2587 = CARTESIAN_POINT('',(-0.523598775598,6.17));
#2588 = ( GEOMETRIC_REPRESENTATION_CONTEXT(2) 
PARAMETRIC_REPRESENTATION_CONTEXT() REPRESENTATION_CONTEXT('2D SPACE',''
  ) );
#2589 = ADVANCED_FACE('',(#2590),#426,.F.);
#2590 = FACE_BOUND('',#2591,.T.);
#2591 = EDGE_LOOP('',(#2592,#2620,#2621,#2622,#2623,#2647,#2673,#2697));
#2592 = ORIENTED_EDGE('',*,*,#2593,.F.);
#2593 = EDGE_CURVE('',#882,#2594,#2596,.T.);
#2594 = VERTEX_POINT('',#2595);
#2595 = CARTESIAN_POINT('',(21.6,1.9,11.87));
#2596 = SURFACE_CURVE('',#2597,(#2602,#2609),.PCURVE_S1.);
#2597 = CIRCLE('',#2598,2.);
#2598 = AXIS2_PLACEMENT_3D('',#2599,#2600,#2601);
#2599 = CARTESIAN_POINT('',(21.6,-1.E-01,11.87));
#2600 = DIRECTION('',(-0.,-0.,-1.));
#2601 = DIRECTION('',(0.,-1.,0.));
#2602 = PCURVE('',#426,#2603);
#2603 = DEFINITIONAL_REPRESENTATION('',(#2604),#2608);
#2604 = LINE('',#2605,#2606);
#2605 = CARTESIAN_POINT('',(1.570796326795,7.));
#2606 = VECTOR('',#2607,1.);
#2607 = DIRECTION('',(-1.,0.));
#2608 = ( GEOMETRIC_REPRESENTATION_CONTEXT(2) 
PARAMETRIC_REPRESENTATION_CONTEXT() REPRESENTATION_CONTEXT('2D SPACE',''
  ) );
#2609 = PCURVE('',#896,#2610);
#2610 = DEFINITIONAL_REPRESENTATION('',(#2611),#2619);
#2611 = ( BOUNDED_CURVE() B_SPLINE_CURVE(2,(#2612,#2613,#2614,#2615,
#2616,#2617,#2618),.UNSPECIFIED.,.T.,.F.) B_SPLINE_CURVE_WITH_KNOTS((1,2
    ,2,2,2,1),(-2.094395102393,0.,2.094395102393,4.188790204786,
6.28318530718,8.377580409573),.UNSPECIFIED.) CURVE() 
GEOMETRIC_REPRESENTATION_ITEM() RATIONAL_B_SPLINE_CURVE((1.,0.5,1.,0.5,
1.,0.5,1.)) REPRESENTATION_ITEM('') );
#2612 = CARTESIAN_POINT('',(2.,0.9));
#2613 = CARTESIAN_POINT('',(-1.464101615138,0.9));
#2614 = CARTESIAN_POINT('',(0.267949192431,3.9));
#2615 = CARTESIAN_POINT('',(2.,6.9));
#2616 = CARTESIAN_POINT('',(3.732050807569,3.9));
#2617 = CARTESIAN_POINT('',(5.464101615138,0.9));
#2618 = CARTESIAN_POINT('',(2.,0.9));
#2619 = ( GEOMETRIC_REPRESENTATION_CONTEXT(2) 
PARAMETRIC_REPRESENTATION_CONTEXT() REPRESENTATION_CONTEXT('2D SPACE',''
  ) );
#2620 = ORIENTED_EDGE('',*,*,#907,.F.);
#2621 = ORIENTED_EDGE('',*,*,#409,.F.);
#2622 = ORIENTED_EDGE('',*,*,#2571,.F.);
#2623 = ORIENTED_EDGE('',*,*,#2624,.F.);
#2624 = EDGE_CURVE('',#2625,#2547,#2627,.T.);
#2625 = VERTEX_POINT('',#2626);
#2626 = CARTESIAN_POINT('',(20.728220211292,1.7,10.6));
#2627 = SURFACE_CURVE('',#2628,(#2633,#2640),.PCURVE_S1.);
#2628 = CIRCLE('',#2629,2.);
#2629 = AXIS2_PLACEMENT_3D('',#2630,#2631,#2632);
#2630 = CARTESIAN_POINT('',(21.6,-1.E-01,10.6));
#2631 = DIRECTION('',(0.,0.,1.));
#2632 = DIRECTION('',(-1.,-0.,0.));
#2633 = PCURVE('',#426,#2634);
#2634 = DEFINITIONAL_REPRESENTATION('',(#2635),#2639);
#2635 = LINE('',#2636,#2637);
#2636 = CARTESIAN_POINT('',(-6.28318530718,5.73));
#2637 = VECTOR('',#2638,1.);
#2638 = DIRECTION('',(1.,-0.));
#2639 = ( GEOMETRIC_REPRESENTATION_CONTEXT(2) 
PARAMETRIC_REPRESENTATION_CONTEXT() REPRESENTATION_CONTEXT('2D SPACE',''
  ) );
#2640 = PCURVE('',#2284,#2641);
#2641 = DEFINITIONAL_REPRESENTATION('',(#2642),#2646);
#2642 = CIRCLE('',#2643,2.);
#2643 = AXIS2_PLACEMENT_2D('',#2644,#2645);
#2644 = CARTESIAN_POINT('',(20.7,-1.));
#2645 = DIRECTION('',(-1.,0.));
#2646 = ( GEOMETRIC_REPRESENTATION_CONTEXT(2) 
PARAMETRIC_REPRESENTATION_CONTEXT() REPRESENTATION_CONTEXT('2D SPACE',''
  ) );
#2647 = ORIENTED_EDGE('',*,*,#2648,.T.);
#2648 = EDGE_CURVE('',#2625,#2649,#2651,.T.);
#2649 = VERTEX_POINT('',#2650);
#2650 = CARTESIAN_POINT('',(20.728220211292,1.7,11.));
#2651 = SURFACE_CURVE('',#2652,(#2656,#2662),.PCURVE_S1.);
#2652 = LINE('',#2653,#2654);
#2653 = CARTESIAN_POINT('',(20.728220211292,1.7,4.87));
#2654 = VECTOR('',#2655,1.);
#2655 = DIRECTION('',(0.,0.,1.));
#2656 = PCURVE('',#426,#2657);
#2657 = DEFINITIONAL_REPRESENTATION('',(#2658),#2661);
#2658 = B_SPLINE_CURVE_WITH_KNOTS('',1,(#2659,#2660),.UNSPECIFIED.,.F.,
  .F.,(2,2),(5.69,6.17),.PIECEWISE_BEZIER_KNOTS.);
#2659 = CARTESIAN_POINT('',(-1.119769514999,5.69));
#2660 = CARTESIAN_POINT('',(-1.119769514999,6.17));
#2661 = ( GEOMETRIC_REPRESENTATION_CONTEXT(2) 
PARAMETRIC_REPRESENTATION_CONTEXT() REPRESENTATION_CONTEXT('2D SPACE',''
  ) );
#2662 = PCURVE('',#2663,#2668);
#2663 = PLANE('',#2664);
#2664 = AXIS2_PLACEMENT_3D('',#2665,#2666,#2667);
#2665 = CARTESIAN_POINT('',(1.7,1.7,10.));
#2666 = DIRECTION('',(0.,1.,0.));
#2667 = DIRECTION('',(0.,0.,1.));
#2668 = DEFINITIONAL_REPRESENTATION('',(#2669),#2672);
#2669 = B_SPLINE_CURVE_WITH_KNOTS('',1,(#2670,#2671),.UNSPECIFIED.,.F.,
  .F.,(2,2),(5.69,6.17),.PIECEWISE_BEZIER_KNOTS.);
#2670 = CARTESIAN_POINT('',(0.56,19.028220211292));
#2671 = CARTESIAN_POINT('',(1.04,19.028220211292));
#2672 = ( GEOMETRIC_REPRESENTATION_CONTEXT(2) 
PARAMETRIC_REPRESENTATION_CONTEXT() REPRESENTATION_CONTEXT('2D SPACE',''
  ) );
#2673 = ORIENTED_EDGE('',*,*,#2674,.F.);
#2674 = EDGE_CURVE('',#2675,#2649,#2677,.T.);
#2675 = VERTEX_POINT('',#2676);
#2676 = CARTESIAN_POINT('',(21.6,1.9,11.));
#2677 = SURFACE_CURVE('',#2678,(#2683,#2690),.PCURVE_S1.);
#2678 = CIRCLE('',#2679,2.);
#2679 = AXIS2_PLACEMENT_3D('',#2680,#2681,#2682);
#2680 = CARTESIAN_POINT('',(21.6,-1.E-01,11.));
#2681 = DIRECTION('',(0.,0.,1.));
#2682 = DIRECTION('',(-1.,-0.,0.));
#2683 = PCURVE('',#426,#2684);
#2684 = DEFINITIONAL_REPRESENTATION('',(#2685),#2689);
#2685 = LINE('',#2686,#2687);
#2686 = CARTESIAN_POINT('',(-6.28318530718,6.13));
#2687 = VECTOR('',#2688,1.);
#2688 = DIRECTION('',(1.,-0.));
#2689 = ( GEOMETRIC_REPRESENTATION_CONTEXT(2) 
PARAMETRIC_REPRESENTATION_CONTEXT() REPRESENTATION_CONTEXT('2D SPACE',''
  ) );
#2690 = PCURVE('',#2203,#2691);
#2691 = DEFINITIONAL_REPRESENTATION('',(#2692),#2696);
#2692 = CIRCLE('',#2693,2.);
#2693 = AXIS2_PLACEMENT_2D('',#2694,#2695);
#2694 = CARTESIAN_POINT('',(21.6,-1.E-01));
#2695 = DIRECTION('',(-1.,0.));
#2696 = ( GEOMETRIC_REPRESENTATION_CONTEXT(2) 
PARAMETRIC_REPRESENTATION_CONTEXT() REPRESENTATION_CONTEXT('2D SPACE',''
  ) );
#2697 = ORIENTED_EDGE('',*,*,#2698,.T.);
#2698 = EDGE_CURVE('',#2675,#2594,#2699,.T.);
#2699 = SURFACE_CURVE('',#2700,(#2704,#2711),.PCURVE_S1.);
#2700 = LINE('',#2701,#2702);
#2701 = CARTESIAN_POINT('',(21.6,1.9,4.87));
#2702 = VECTOR('',#2703,1.);
#2703 = DIRECTION('',(0.,0.,1.));
#2704 = PCURVE('',#426,#2705);
#2705 = DEFINITIONAL_REPRESENTATION('',(#2706),#2710);
#2706 = LINE('',#2707,#2708);
#2707 = CARTESIAN_POINT('',(-1.570796326795,0.));
#2708 = VECTOR('',#2709,1.);
#2709 = DIRECTION('',(-0.,1.));
#2710 = ( GEOMETRIC_REPRESENTATION_CONTEXT(2) 
PARAMETRIC_REPRESENTATION_CONTEXT() REPRESENTATION_CONTEXT('2D SPACE',''
  ) );
#2711 = PCURVE('',#2712,#2717);
#2712 = PLANE('',#2713);
#2713 = AXIS2_PLACEMENT_3D('',#2714,#2715,#2716);
#2714 = CARTESIAN_POINT('',(19.6,1.9,4.87));
#2715 = DIRECTION('',(0.,1.,0.));
#2716 = DIRECTION('',(0.,0.,1.));
#2717 = DEFINITIONAL_REPRESENTATION('',(#2718),#2722);
#2718 = LINE('',#2719,#2720);
#2719 = CARTESIAN_POINT('',(0.,2.));
#2720 = VECTOR('',#2721,1.);
#2721 = DIRECTION('',(1.,0.));
#2722 = ( GEOMETRIC_REPRESENTATION_CONTEXT(2) 
PARAMETRIC_REPRESENTATION_CONTEXT() REPRESENTATION_CONTEXT('2D SPACE',''
  ) );
#2723 = ADVANCED_FACE('',(#2724),#733,.T.);
#2724 = FACE_BOUND('',#2725,.T.);
#2725 = EDGE_LOOP('',(#2726,#2746,#2747,#2748));
#2726 = ORIENTED_EDGE('',*,*,#2727,.T.);
#2727 = EDGE_CURVE('',#777,#1845,#2728,.T.);
#2728 = SURFACE_CURVE('',#2729,(#2734,#2740),.PCURVE_S1.);
#2729 = CIRCLE('',#2730,2.5);
#2730 = AXIS2_PLACEMENT_3D('',#2731,#2732,#2733);
#2731 = CARTESIAN_POINT('',(45.,2.5,14.5));
#2732 = DIRECTION('',(-1.,-6.123233995737E-17,0.));
#2733 = DIRECTION('',(6.123233995737E-17,-1.,-0.));
#2734 = PCURVE('',#733,#2735);
#2735 = DEFINITIONAL_REPRESENTATION('',(#2736),#2739);
#2736 = B_SPLINE_CURVE_WITH_KNOTS('',1,(#2737,#2738),.UNSPECIFIED.,.F.,
  .F.,(2,2),(0.,1.570796326795),.PIECEWISE_BEZIER_KNOTS.);
#2737 = CARTESIAN_POINT('',(0.,0.));
#2738 = CARTESIAN_POINT('',(1.570796326795,0.));
#2739 = ( GEOMETRIC_REPRESENTATION_CONTEXT(2) 
PARAMETRIC_REPRESENTATION_CONTEXT() REPRESENTATION_CONTEXT('2D SPACE',''
  ) );
#2740 = PCURVE('',#1888,#2741);
#2741 = DEFINITIONAL_REPRESENTATION('',(#2742),#2745);
#2742 = B_SPLINE_CURVE_WITH_KNOTS('',1,(#2743,#2744),.UNSPECIFIED.,.F.,
  .F.,(2,2),(0.,1.570796326795),.PIECEWISE_BEZIER_KNOTS.);
#2743 = CARTESIAN_POINT('',(-1.570796326795,0.));
#2744 = CARTESIAN_POINT('',(-1.570796326795,1.570796326795));
#2745 = ( GEOMETRIC_REPRESENTATION_CONTEXT(2) 
PARAMETRIC_REPRESENTATION_CONTEXT() REPRESENTATION_CONTEXT('2D SPACE',''
  ) );
#2746 = ORIENTED_EDGE('',*,*,#1844,.T.);
#2747 = ORIENTED_EDGE('',*,*,#717,.F.);
#2748 = ORIENTED_EDGE('',*,*,#776,.F.);
#2749 = ADVANCED_FACE('',(#2750),#896,.F.);
#2750 = FACE_BOUND('',#2751,.F.);
#2751 = EDGE_LOOP('',(#2752,#2753,#2754,#2778));
#2752 = ORIENTED_EDGE('',*,*,#2593,.F.);
#2753 = ORIENTED_EDGE('',*,*,#881,.T.);
#2754 = ORIENTED_EDGE('',*,*,#2755,.T.);
#2755 = EDGE_CURVE('',#856,#2756,#2758,.T.);
#2756 = VERTEX_POINT('',#2757);
#2757 = CARTESIAN_POINT('',(30.4,1.9,11.87));
#2758 = SURFACE_CURVE('',#2759,(#2764,#2771),.PCURVE_S1.);
#2759 = CIRCLE('',#2760,2.);
#2760 = AXIS2_PLACEMENT_3D('',#2761,#2762,#2763);
#2761 = CARTESIAN_POINT('',(30.4,-1.E-01,11.87));
#2762 = DIRECTION('',(0.,0.,1.));
#2763 = DIRECTION('',(0.,-1.,0.));
#2764 = PCURVE('',#896,#2765);
#2765 = DEFINITIONAL_REPRESENTATION('',(#2766),#2770);
#2766 = CIRCLE('',#2767,2.);
#2767 = AXIS2_PLACEMENT_2D('',#2768,#2769);
#2768 = CARTESIAN_POINT('',(10.8,2.9));
#2769 = DIRECTION('',(0.,-1.));
#2770 = ( GEOMETRIC_REPRESENTATION_CONTEXT(2) 
PARAMETRIC_REPRESENTATION_CONTEXT() REPRESENTATION_CONTEXT('2D SPACE',''
  ) );
#2771 = PCURVE('',#870,#2772);
#2772 = DEFINITIONAL_REPRESENTATION('',(#2773),#2777);
#2773 = LINE('',#2774,#2775);
#2774 = CARTESIAN_POINT('',(-1.570796326795,7.));
#2775 = VECTOR('',#2776,1.);
#2776 = DIRECTION('',(1.,0.));
#2777 = ( GEOMETRIC_REPRESENTATION_CONTEXT(2) 
PARAMETRIC_REPRESENTATION_CONTEXT() REPRESENTATION_CONTEXT('2D SPACE',''
  ) );
#2778 = ORIENTED_EDGE('',*,*,#2779,.F.);
#2779 = EDGE_CURVE('',#2594,#2756,#2780,.T.);
#2780 = SURFACE_CURVE('',#2781,(#2785,#2792),.PCURVE_S1.);
#2781 = LINE('',#2782,#2783);
#2782 = CARTESIAN_POINT('',(19.6,1.9,11.87));
#2783 = VECTOR('',#2784,1.);
#2784 = DIRECTION('',(1.,0.,0.));
#2785 = PCURVE('',#896,#2786);
#2786 = DEFINITIONAL_REPRESENTATION('',(#2787),#2791);
#2787 = LINE('',#2788,#2789);
#2788 = CARTESIAN_POINT('',(0.,4.9));
#2789 = VECTOR('',#2790,1.);
#2790 = DIRECTION('',(1.,0.));
#2791 = ( GEOMETRIC_REPRESENTATION_CONTEXT(2) 
PARAMETRIC_REPRESENTATION_CONTEXT() REPRESENTATION_CONTEXT('2D SPACE',''
  ) );
#2792 = PCURVE('',#2712,#2793);
#2793 = DEFINITIONAL_REPRESENTATION('',(#2794),#2798);
#2794 = LINE('',#2795,#2796);
#2795 = CARTESIAN_POINT('',(7.,0.));
#2796 = VECTOR('',#2797,1.);
#2797 = DIRECTION('',(0.,1.));
#2798 = ( GEOMETRIC_REPRESENTATION_CONTEXT(2) 
PARAMETRIC_REPRESENTATION_CONTEXT() REPRESENTATION_CONTEXT('2D SPACE',''
  ) );
#2799 = ADVANCED_FACE('',(#2800),#870,.F.);
#2800 = FACE_BOUND('',#2801,.F.);
#2801 = EDGE_LOOP('',(#2802,#2803,#2804,#2828,#2854,#2878,#2904,#2928));
#2802 = ORIENTED_EDGE('',*,*,#2755,.F.);
#2803 = ORIENTED_EDGE('',*,*,#855,.F.);
#2804 = ORIENTED_EDGE('',*,*,#2805,.T.);
#2805 = EDGE_CURVE('',#828,#2806,#2808,.T.);
#2806 = VERTEX_POINT('',#2807);
#2807 = CARTESIAN_POINT('',(32.132050807569,0.9,11.));
#2808 = SURFACE_CURVE('',#2809,(#2814,#2821),.PCURVE_S1.);
#2809 = CIRCLE('',#2810,2.);
#2810 = AXIS2_PLACEMENT_3D('',#2811,#2812,#2813);
#2811 = CARTESIAN_POINT('',(30.4,-1.E-01,11.));
#2812 = DIRECTION('',(0.,0.,1.));
#2813 = DIRECTION('',(1.,0.,-0.));
#2814 = PCURVE('',#870,#2815);
#2815 = DEFINITIONAL_REPRESENTATION('',(#2816),#2820);
#2816 = LINE('',#2817,#2818);
#2817 = CARTESIAN_POINT('',(0.,6.13));
#2818 = VECTOR('',#2819,1.);
#2819 = DIRECTION('',(1.,0.));
#2820 = ( GEOMETRIC_REPRESENTATION_CONTEXT(2) 
PARAMETRIC_REPRESENTATION_CONTEXT() REPRESENTATION_CONTEXT('2D SPACE',''
  ) );
#2821 = PCURVE('',#843,#2822);
#2822 = DEFINITIONAL_REPRESENTATION('',(#2823),#2827);
#2823 = CIRCLE('',#2824,2.);
#2824 = AXIS2_PLACEMENT_2D('',#2825,#2826);
#2825 = CARTESIAN_POINT('',(30.4,-1.E-01));
#2826 = DIRECTION('',(1.,0.));
#2827 = ( GEOMETRIC_REPRESENTATION_CONTEXT(2) 
PARAMETRIC_REPRESENTATION_CONTEXT() REPRESENTATION_CONTEXT('2D SPACE',''
  ) );
#2828 = ORIENTED_EDGE('',*,*,#2829,.F.);
#2829 = EDGE_CURVE('',#2830,#2806,#2832,.T.);
#2830 = VERTEX_POINT('',#2831);
#2831 = CARTESIAN_POINT('',(32.132050807569,0.9,10.6));
#2832 = SURFACE_CURVE('',#2833,(#2837,#2843),.PCURVE_S1.);
#2833 = LINE('',#2834,#2835);
#2834 = CARTESIAN_POINT('',(32.132050807569,0.9,4.87));
#2835 = VECTOR('',#2836,1.);
#2836 = DIRECTION('',(0.,0.,1.));
#2837 = PCURVE('',#870,#2838);
#2838 = DEFINITIONAL_REPRESENTATION('',(#2839),#2842);
#2839 = B_SPLINE_CURVE_WITH_KNOTS('',1,(#2840,#2841),.UNSPECIFIED.,.F.,
  .F.,(2,2),(5.69,6.17),.PIECEWISE_BEZIER_KNOTS.);
#2840 = CARTESIAN_POINT('',(0.523598775598,5.69));
#2841 = CARTESIAN_POINT('',(0.523598775598,6.17));
#2842 = ( GEOMETRIC_REPRESENTATION_CONTEXT(2) 
PARAMETRIC_REPRESENTATION_CONTEXT() REPRESENTATION_CONTEXT('2D SPACE',''
  ) );
#2843 = PCURVE('',#2844,#2849);
#2844 = PLANE('',#2845);
#2845 = AXIS2_PLACEMENT_3D('',#2846,#2847,#2848);
#2846 = CARTESIAN_POINT('',(0.9,0.9,10.6));
#2847 = DIRECTION('',(0.,1.,0.));
#2848 = DIRECTION('',(0.,0.,1.));
#2849 = DEFINITIONAL_REPRESENTATION('',(#2850),#2853);
#2850 = B_SPLINE_CURVE_WITH_KNOTS('',1,(#2851,#2852),.UNSPECIFIED.,.F.,
  .F.,(2,2),(5.69,6.17),.PIECEWISE_BEZIER_KNOTS.);
#2851 = CARTESIAN_POINT('',(-4.E-02,31.232050807569));
#2852 = CARTESIAN_POINT('',(0.44,31.232050807569));
#2853 = ( GEOMETRIC_REPRESENTATION_CONTEXT(2) 
PARAMETRIC_REPRESENTATION_CONTEXT() REPRESENTATION_CONTEXT('2D SPACE',''
  ) );
#2854 = ORIENTED_EDGE('',*,*,#2855,.T.);
#2855 = EDGE_CURVE('',#2830,#2856,#2858,.T.);
#2856 = VERTEX_POINT('',#2857);
#2857 = CARTESIAN_POINT('',(31.271779788708,1.7,10.6));
#2858 = SURFACE_CURVE('',#2859,(#2864,#2871),.PCURVE_S1.);
#2859 = CIRCLE('',#2860,2.);
#2860 = AXIS2_PLACEMENT_3D('',#2861,#2862,#2863);
#2861 = CARTESIAN_POINT('',(30.4,-1.E-01,10.6));
#2862 = DIRECTION('',(0.,0.,1.));
#2863 = DIRECTION('',(1.,0.,-0.));
#2864 = PCURVE('',#870,#2865);
#2865 = DEFINITIONAL_REPRESENTATION('',(#2866),#2870);
#2866 = LINE('',#2867,#2868);
#2867 = CARTESIAN_POINT('',(0.,5.73));
#2868 = VECTOR('',#2869,1.);
#2869 = DIRECTION('',(1.,0.));
#2870 = ( GEOMETRIC_REPRESENTATION_CONTEXT(2) 
PARAMETRIC_REPRESENTATION_CONTEXT() REPRESENTATION_CONTEXT('2D SPACE',''
  ) );
#2871 = PCURVE('',#2284,#2872);
#2872 = DEFINITIONAL_REPRESENTATION('',(#2873),#2877);
#2873 = CIRCLE('',#2874,2.);
#2874 = AXIS2_PLACEMENT_2D('',#2875,#2876);
#2875 = CARTESIAN_POINT('',(29.5,-1.));
#2876 = DIRECTION('',(1.,0.));
#2877 = ( GEOMETRIC_REPRESENTATION_CONTEXT(2) 
PARAMETRIC_REPRESENTATION_CONTEXT() REPRESENTATION_CONTEXT('2D SPACE',''
  ) );
#2878 = ORIENTED_EDGE('',*,*,#2879,.T.);
#2879 = EDGE_CURVE('',#2856,#2880,#2882,.T.);
#2880 = VERTEX_POINT('',#2881);
#2881 = CARTESIAN_POINT('',(31.271779788708,1.7,11.));
#2882 = SURFACE_CURVE('',#2883,(#2887,#2893),.PCURVE_S1.);
#2883 = LINE('',#2884,#2885);
#2884 = CARTESIAN_POINT('',(31.271779788708,1.7,4.87));
#2885 = VECTOR('',#2886,1.);
#2886 = DIRECTION('',(0.,0.,1.));
#2887 = PCURVE('',#870,#2888);
#2888 = DEFINITIONAL_REPRESENTATION('',(#2889),#2892);
#2889 = B_SPLINE_CURVE_WITH_KNOTS('',1,(#2890,#2891),.UNSPECIFIED.,.F.,
  .F.,(2,2),(5.69,6.17),.PIECEWISE_BEZIER_KNOTS.);
#2890 = CARTESIAN_POINT('',(1.119769514999,5.69));
#2891 = CARTESIAN_POINT('',(1.119769514999,6.17));
#2892 = ( GEOMETRIC_REPRESENTATION_CONTEXT(2) 
PARAMETRIC_REPRESENTATION_CONTEXT() REPRESENTATION_CONTEXT('2D SPACE',''
  ) );
#2893 = PCURVE('',#2894,#2899);
#2894 = PLANE('',#2895);
#2895 = AXIS2_PLACEMENT_3D('',#2896,#2897,#2898);
#2896 = CARTESIAN_POINT('',(1.7,1.7,10.));
#2897 = DIRECTION('',(0.,1.,0.));
#2898 = DIRECTION('',(0.,0.,1.));
#2899 = DEFINITIONAL_REPRESENTATION('',(#2900),#2903);
#2900 = B_SPLINE_CURVE_WITH_KNOTS('',1,(#2901,#2902),.UNSPECIFIED.,.F.,
  .F.,(2,2),(5.69,6.17),.PIECEWISE_BEZIER_KNOTS.);
#2901 = CARTESIAN_POINT('',(0.56,29.571779788708));
#2902 = CARTESIAN_POINT('',(1.04,29.571779788708));
#2903 = ( GEOMETRIC_REPRESENTATION_CONTEXT(2) 
PARAMETRIC_REPRESENTATION_CONTEXT() REPRESENTATION_CONTEXT('2D SPACE',''
  ) );
#2904 = ORIENTED_EDGE('',*,*,#2905,.T.);
#2905 = EDGE_CURVE('',#2880,#2906,#2908,.T.);
#2906 = VERTEX_POINT('',#2907);
#2907 = CARTESIAN_POINT('',(30.4,1.9,11.));
#2908 = SURFACE_CURVE('',#2909,(#2914,#2921),.PCURVE_S1.);
#2909 = CIRCLE('',#2910,2.);
#2910 = AXIS2_PLACEMENT_3D('',#2911,#2912,#2913);
#2911 = CARTESIAN_POINT('',(30.4,-1.E-01,11.));
#2912 = DIRECTION('',(0.,0.,1.));
#2913 = DIRECTION('',(1.,0.,-0.));
#2914 = PCURVE('',#870,#2915);
#2915 = DEFINITIONAL_REPRESENTATION('',(#2916),#2920);
#2916 = LINE('',#2917,#2918);
#2917 = CARTESIAN_POINT('',(0.,6.13));
#2918 = VECTOR('',#2919,1.);
#2919 = DIRECTION('',(1.,0.));
#2920 = ( GEOMETRIC_REPRESENTATION_CONTEXT(2) 
PARAMETRIC_REPRESENTATION_CONTEXT() REPRESENTATION_CONTEXT('2D SPACE',''
  ) );
#2921 = PCURVE('',#2203,#2922);
#2922 = DEFINITIONAL_REPRESENTATION('',(#2923),#2927);
#2923 = CIRCLE('',#2924,2.);
#2924 = AXIS2_PLACEMENT_2D('',#2925,#2926);
#2925 = CARTESIAN_POINT('',(30.4,-1.E-01));
#2926 = DIRECTION('',(1.,0.));
#2927 = ( GEOMETRIC_REPRESENTATION_CONTEXT(2) 
PARAMETRIC_REPRESENTATION_CONTEXT() REPRESENTATION_CONTEXT('2D SPACE',''
  ) );
#2928 = ORIENTED_EDGE('',*,*,#2929,.T.);
#2929 = EDGE_CURVE('',#2906,#2756,#2930,.T.);
#2930 = SURFACE_CURVE('',#2931,(#2935,#2942),.PCURVE_S1.);
#2931 = LINE('',#2932,#2933);
#2932 = CARTESIAN_POINT('',(30.4,1.9,4.87));
#2933 = VECTOR('',#2934,1.);
#2934 = DIRECTION('',(0.,0.,1.));
#2935 = PCURVE('',#870,#2936);
#2936 = DEFINITIONAL_REPRESENTATION('',(#2937),#2941);
#2937 = LINE('',#2938,#2939);
#2938 = CARTESIAN_POINT('',(1.570796326795,0.));
#2939 = VECTOR('',#2940,1.);
#2940 = DIRECTION('',(0.,1.));
#2941 = ( GEOMETRIC_REPRESENTATION_CONTEXT(2) 
PARAMETRIC_REPRESENTATION_CONTEXT() REPRESENTATION_CONTEXT('2D SPACE',''
  ) );
#2942 = PCURVE('',#2712,#2943);
#2943 = DEFINITIONAL_REPRESENTATION('',(#2944),#2948);
#2944 = LINE('',#2945,#2946);
#2945 = CARTESIAN_POINT('',(0.,10.8));
#2946 = VECTOR('',#2947,1.);
#2947 = DIRECTION('',(1.,0.));
#2948 = ( GEOMETRIC_REPRESENTATION_CONTEXT(2) 
PARAMETRIC_REPRESENTATION_CONTEXT() REPRESENTATION_CONTEXT('2D SPACE',''
  ) );
#2949 = ADVANCED_FACE('',(#2950),#843,.F.);
#2950 = FACE_BOUND('',#2951,.F.);
#2951 = EDGE_LOOP('',(#2952,#2953,#2954,#2982,#3010,#3039,#3067,#3091,
    #3092,#3116,#3144,#3177));
#2952 = ORIENTED_EDGE('',*,*,#2805,.F.);
#2953 = ORIENTED_EDGE('',*,*,#827,.T.);
#2954 = ORIENTED_EDGE('',*,*,#2955,.F.);
#2955 = EDGE_CURVE('',#2956,#800,#2958,.T.);
#2956 = VERTEX_POINT('',#2957);
#2957 = CARTESIAN_POINT('',(52.,7.,11.));
#2958 = SURFACE_CURVE('',#2959,(#2964,#2975),.PCURVE_S1.);
#2959 = CIRCLE('',#2960,7.);
#2960 = AXIS2_PLACEMENT_3D('',#2961,#2962,#2963);
#2961 = CARTESIAN_POINT('',(45.,7.,11.));
#2962 = DIRECTION('',(-0.,-0.,-1.));
#2963 = DIRECTION('',(0.,-1.,0.));
#2964 = PCURVE('',#843,#2965);
#2965 = DEFINITIONAL_REPRESENTATION('',(#2966),#2974);
#2966 = ( BOUNDED_CURVE() B_SPLINE_CURVE(2,(#2967,#2968,#2969,#2970,
#2971,#2972,#2973),.UNSPECIFIED.,.T.,.F.) B_SPLINE_CURVE_WITH_KNOTS((1,2
    ,2,2,2,1),(-2.094395102393,0.,2.094395102393,4.188790204786,
6.28318530718,8.377580409573),.UNSPECIFIED.) CURVE() 
GEOMETRIC_REPRESENTATION_ITEM() RATIONAL_B_SPLINE_CURVE((1.,0.5,1.,0.5,
1.,0.5,1.)) REPRESENTATION_ITEM('') );
#2967 = CARTESIAN_POINT('',(45.,-8.881784197001E-16));
#2968 = CARTESIAN_POINT('',(32.875644347018,-8.881784197001E-16));
#2969 = CARTESIAN_POINT('',(38.937822173509,10.5));
#2970 = CARTESIAN_POINT('',(45.,21.));
#2971 = CARTESIAN_POINT('',(51.062177826491,10.5));
#2972 = CARTESIAN_POINT('',(57.124355652982,9.769962616701E-15));
#2973 = CARTESIAN_POINT('',(45.,-8.881784197001E-16));
#2974 = ( GEOMETRIC_REPRESENTATION_CONTEXT(2) 
PARAMETRIC_REPRESENTATION_CONTEXT() REPRESENTATION_CONTEXT('2D SPACE',''
  ) );
#2975 = PCURVE('',#815,#2976);
#2976 = DEFINITIONAL_REPRESENTATION('',(#2977),#2981);
#2977 = LINE('',#2978,#2979);
#2978 = CARTESIAN_POINT('',(4.712388980385,-0.));
#2979 = VECTOR('',#2980,1.);
#2980 = DIRECTION('',(-1.,0.));
#2981 = ( GEOMETRIC_REPRESENTATION_CONTEXT(2) 
PARAMETRIC_REPRESENTATION_CONTEXT() REPRESENTATION_CONTEXT('2D SPACE',''
  ) );
#2982 = ORIENTED_EDGE('',*,*,#2983,.T.);
#2983 = EDGE_CURVE('',#2956,#2984,#2986,.T.);
#2984 = VERTEX_POINT('',#2985);
#2985 = CARTESIAN_POINT('',(52.,85.4,11.));
#2986 = SURFACE_CURVE('',#2987,(#2991,#2998),.PCURVE_S1.);
#2987 = LINE('',#2988,#2989);
#2988 = CARTESIAN_POINT('',(52.,0.,11.));
#2989 = VECTOR('',#2990,1.);
#2990 = DIRECTION('',(0.,1.,0.));
#2991 = PCURVE('',#843,#2992);
#2992 = DEFINITIONAL_REPRESENTATION('',(#2993),#2997);
#2993 = LINE('',#2994,#2995);
#2994 = CARTESIAN_POINT('',(52.,0.));
#2995 = VECTOR('',#2996,1.);
#2996 = DIRECTION('',(0.,1.));
#2997 = ( GEOMETRIC_REPRESENTATION_CONTEXT(2) 
PARAMETRIC_REPRESENTATION_CONTEXT() REPRESENTATION_CONTEXT('2D SPACE',''
  ) );
#2998 = PCURVE('',#2999,#3004);
#2999 = PLANE('',#3000);
#3000 = AXIS2_PLACEMENT_3D('',#3001,#3002,#3003);
#3001 = CARTESIAN_POINT('',(52.,0.,11.));
#3002 = DIRECTION('',(1.,0.,0.));
#3003 = DIRECTION('',(0.,0.,1.));
#3004 = DEFINITIONAL_REPRESENTATION('',(#3005),#3009);
#3005 = LINE('',#3006,#3007);
#3006 = CARTESIAN_POINT('',(0.,0.));
#3007 = VECTOR('',#3008,1.);
#3008 = DIRECTION('',(0.,-1.));
#3009 = ( GEOMETRIC_REPRESENTATION_CONTEXT(2) 
PARAMETRIC_REPRESENTATION_CONTEXT() REPRESENTATION_CONTEXT('2D SPACE',''
  ) );
#3010 = ORIENTED_EDGE('',*,*,#3011,.T.);
#3011 = EDGE_CURVE('',#2984,#3012,#3014,.T.);
#3012 = VERTEX_POINT('',#3013);
#3013 = CARTESIAN_POINT('',(45.,92.4,11.));
#3014 = SURFACE_CURVE('',#3015,(#3020,#3027),.PCURVE_S1.);
#3015 = CIRCLE('',#3016,7.);
#3016 = AXIS2_PLACEMENT_3D('',#3017,#3018,#3019);
#3017 = CARTESIAN_POINT('',(45.,85.4,11.));
#3018 = DIRECTION('',(0.,0.,1.));
#3019 = DIRECTION('',(0.,-1.,0.));
#3020 = PCURVE('',#843,#3021);
#3021 = DEFINITIONAL_REPRESENTATION('',(#3022),#3026);
#3022 = CIRCLE('',#3023,7.);
#3023 = AXIS2_PLACEMENT_2D('',#3024,#3025);
#3024 = CARTESIAN_POINT('',(45.,85.4));
#3025 = DIRECTION('',(0.,-1.));
#3026 = ( GEOMETRIC_REPRESENTATION_CONTEXT(2) 
PARAMETRIC_REPRESENTATION_CONTEXT() REPRESENTATION_CONTEXT('2D SPACE',''
  ) );
#3027 = PCURVE('',#3028,#3033);
#3028 = CYLINDRICAL_SURFACE('',#3029,7.);
#3029 = AXIS2_PLACEMENT_3D('',#3030,#3031,#3032);
#3030 = CARTESIAN_POINT('',(45.,85.4,11.));
#3031 = DIRECTION('',(0.,0.,1.));
#3032 = DIRECTION('',(1.,0.,-0.));
#3033 = DEFINITIONAL_REPRESENTATION('',(#3034),#3038);
#3034 = LINE('',#3035,#3036);
#3035 = CARTESIAN_POINT('',(-1.570796326795,0.));
#3036 = VECTOR('',#3037,1.);
#3037 = DIRECTION('',(1.,0.));
#3038 = ( GEOMETRIC_REPRESENTATION_CONTEXT(2) 
PARAMETRIC_REPRESENTATION_CONTEXT() REPRESENTATION_CONTEXT('2D SPACE',''
  ) );
#3039 = ORIENTED_EDGE('',*,*,#3040,.F.);
#3040 = EDGE_CURVE('',#3041,#3012,#3043,.T.);
#3041 = VERTEX_POINT('',#3042);
#3042 = CARTESIAN_POINT('',(34.,92.4,11.));
#3043 = SURFACE_CURVE('',#3044,(#3048,#3055),.PCURVE_S1.);
#3044 = LINE('',#3045,#3046);
#3045 = CARTESIAN_POINT('',(0.,92.4,11.));
#3046 = VECTOR('',#3047,1.);
#3047 = DIRECTION('',(1.,0.,0.));
#3048 = PCURVE('',#843,#3049);
#3049 = DEFINITIONAL_REPRESENTATION('',(#3050),#3054);
#3050 = LINE('',#3051,#3052);
#3051 = CARTESIAN_POINT('',(0.,92.4));
#3052 = VECTOR('',#3053,1.);
#3053 = DIRECTION('',(1.,0.));
#3054 = ( GEOMETRIC_REPRESENTATION_CONTEXT(2) 
PARAMETRIC_REPRESENTATION_CONTEXT() REPRESENTATION_CONTEXT('2D SPACE',''
  ) );
#3055 = PCURVE('',#3056,#3061);
#3056 = PLANE('',#3057);
#3057 = AXIS2_PLACEMENT_3D('',#3058,#3059,#3060);
#3058 = CARTESIAN_POINT('',(0.,92.4,11.));
#3059 = DIRECTION('',(0.,1.,0.));
#3060 = DIRECTION('',(0.,0.,1.));
#3061 = DEFINITIONAL_REPRESENTATION('',(#3062),#3066);
#3062 = LINE('',#3063,#3064);
#3063 = CARTESIAN_POINT('',(0.,0.));
#3064 = VECTOR('',#3065,1.);
#3065 = DIRECTION('',(0.,1.));
#3066 = ( GEOMETRIC_REPRESENTATION_CONTEXT(2) 
PARAMETRIC_REPRESENTATION_CONTEXT() REPRESENTATION_CONTEXT('2D SPACE',''
  ) );
#3067 = ORIENTED_EDGE('',*,*,#3068,.F.);
#3068 = EDGE_CURVE('',#2319,#3041,#3069,.T.);
#3069 = SURFACE_CURVE('',#3070,(#3074,#3080),.PCURVE_S1.);
#3070 = LINE('',#3071,#3072);
#3071 = CARTESIAN_POINT('',(34.,43.45,11.));
#3072 = VECTOR('',#3073,1.);
#3073 = DIRECTION('',(0.,1.,0.));
#3074 = PCURVE('',#843,#3075);
#3075 = DEFINITIONAL_REPRESENTATION('',(#3076),#3079);
#3076 = B_SPLINE_CURVE_WITH_KNOTS('',1,(#3077,#3078),.UNSPECIFIED.,.F.,
  .F.,(2,2),(43.45,48.95),.PIECEWISE_BEZIER_KNOTS.);
#3077 = CARTESIAN_POINT('',(34.,86.9));
#3078 = CARTESIAN_POINT('',(34.,92.4));
#3079 = ( GEOMETRIC_REPRESENTATION_CONTEXT(2) 
PARAMETRIC_REPRESENTATION_CONTEXT() REPRESENTATION_CONTEXT('2D SPACE',''
  ) );
#3080 = PCURVE('',#3081,#3086);
#3081 = PLANE('',#3082);
#3082 = AXIS2_PLACEMENT_3D('',#3083,#3084,#3085);
#3083 = CARTESIAN_POINT('',(34.,86.9,10.5));
#3084 = DIRECTION('',(1.,0.,0.));
#3085 = DIRECTION('',(0.,0.,1.));
#3086 = DEFINITIONAL_REPRESENTATION('',(#3087),#3090);
#3087 = B_SPLINE_CURVE_WITH_KNOTS('',1,(#3088,#3089),.UNSPECIFIED.,.F.,
  .F.,(2,2),(43.45,48.95),.PIECEWISE_BEZIER_KNOTS.);
#3088 = CARTESIAN_POINT('',(0.5,0.));
#3089 = CARTESIAN_POINT('',(0.5,-5.5));
#3090 = ( GEOMETRIC_REPRESENTATION_CONTEXT(2) 
PARAMETRIC_REPRESENTATION_CONTEXT() REPRESENTATION_CONTEXT('2D SPACE',''
  ) );
#3091 = ORIENTED_EDGE('',*,*,#2341,.T.);
#3092 = ORIENTED_EDGE('',*,*,#3093,.F.);
#3093 = EDGE_CURVE('',#3094,#2342,#3096,.T.);
#3094 = VERTEX_POINT('',#3095);
#3095 = CARTESIAN_POINT('',(51.1,85.4,11.));
#3096 = SURFACE_CURVE('',#3097,(#3102,#3109),.PCURVE_S1.);
#3097 = CIRCLE('',#3098,6.1);
#3098 = AXIS2_PLACEMENT_3D('',#3099,#3100,#3101);
#3099 = CARTESIAN_POINT('',(45.,85.4,11.));
#3100 = DIRECTION('',(0.,0.,1.));
#3101 = DIRECTION('',(0.,-1.,0.));
#3102 = PCURVE('',#843,#3103);
#3103 = DEFINITIONAL_REPRESENTATION('',(#3104),#3108);
#3104 = CIRCLE('',#3105,6.1);
#3105 = AXIS2_PLACEMENT_2D('',#3106,#3107);
#3106 = CARTESIAN_POINT('',(45.,85.4));
#3107 = DIRECTION('',(0.,-1.));
#3108 = ( GEOMETRIC_REPRESENTATION_CONTEXT(2) 
PARAMETRIC_REPRESENTATION_CONTEXT() REPRESENTATION_CONTEXT('2D SPACE',''
  ) );
#3109 = PCURVE('',#2378,#3110);
#3110 = DEFINITIONAL_REPRESENTATION('',(#3111),#3115);
#3111 = LINE('',#3112,#3113);
#3112 = CARTESIAN_POINT('',(-1.570796326795,0.4));
#3113 = VECTOR('',#3114,1.);
#3114 = DIRECTION('',(1.,0.));
#3115 = ( GEOMETRIC_REPRESENTATION_CONTEXT(2) 
PARAMETRIC_REPRESENTATION_CONTEXT() REPRESENTATION_CONTEXT('2D SPACE',''
  ) );
#3116 = ORIENTED_EDGE('',*,*,#3117,.F.);
#3117 = EDGE_CURVE('',#3118,#3094,#3120,.T.);
#3118 = VERTEX_POINT('',#3119);
#3119 = CARTESIAN_POINT('',(51.1,7.,11.));
#3120 = SURFACE_CURVE('',#3121,(#3125,#3132),.PCURVE_S1.);
#3121 = LINE('',#3122,#3123);
#3122 = CARTESIAN_POINT('',(51.1,0.9,11.));
#3123 = VECTOR('',#3124,1.);
#3124 = DIRECTION('',(0.,1.,0.));
#3125 = PCURVE('',#843,#3126);
#3126 = DEFINITIONAL_REPRESENTATION('',(#3127),#3131);
#3127 = LINE('',#3128,#3129);
#3128 = CARTESIAN_POINT('',(51.1,0.9));
#3129 = VECTOR('',#3130,1.);
#3130 = DIRECTION('',(0.,1.));
#3131 = ( GEOMETRIC_REPRESENTATION_CONTEXT(2) 
PARAMETRIC_REPRESENTATION_CONTEXT() REPRESENTATION_CONTEXT('2D SPACE',''
  ) );
#3132 = PCURVE('',#3133,#3138);
#3133 = PLANE('',#3134);
#3134 = AXIS2_PLACEMENT_3D('',#3135,#3136,#3137);
#3135 = CARTESIAN_POINT('',(51.1,0.9,10.6));
#3136 = DIRECTION('',(1.,0.,0.));
#3137 = DIRECTION('',(0.,0.,1.));
#3138 = DEFINITIONAL_REPRESENTATION('',(#3139),#3143);
#3139 = LINE('',#3140,#3141);
#3140 = CARTESIAN_POINT('',(0.4,0.));
#3141 = VECTOR('',#3142,1.);
#3142 = DIRECTION('',(0.,-1.));
#3143 = ( GEOMETRIC_REPRESENTATION_CONTEXT(2) 
PARAMETRIC_REPRESENTATION_CONTEXT() REPRESENTATION_CONTEXT('2D SPACE',''
  ) );
#3144 = ORIENTED_EDGE('',*,*,#3145,.T.);
#3145 = EDGE_CURVE('',#3118,#3146,#3148,.T.);
#3146 = VERTEX_POINT('',#3147);
#3147 = CARTESIAN_POINT('',(45.,0.9,11.));
#3148 = SURFACE_CURVE('',#3149,(#3154,#3165),.PCURVE_S1.);
#3149 = CIRCLE('',#3150,6.1);
#3150 = AXIS2_PLACEMENT_3D('',#3151,#3152,#3153);
#3151 = CARTESIAN_POINT('',(45.,7.,11.));
#3152 = DIRECTION('',(-0.,-0.,-1.));
#3153 = DIRECTION('',(0.,-1.,0.));
#3154 = PCURVE('',#843,#3155);
#3155 = DEFINITIONAL_REPRESENTATION('',(#3156),#3164);
#3156 = ( BOUNDED_CURVE() B_SPLINE_CURVE(2,(#3157,#3158,#3159,#3160,
#3161,#3162,#3163),.UNSPECIFIED.,.T.,.F.) B_SPLINE_CURVE_WITH_KNOTS((1,2
    ,2,2,2,1),(-2.094395102393,0.,2.094395102393,4.188790204786,
6.28318530718,8.377580409573),.UNSPECIFIED.) CURVE() 
GEOMETRIC_REPRESENTATION_ITEM() RATIONAL_B_SPLINE_CURVE((1.,0.5,1.,0.5,
1.,0.5,1.)) REPRESENTATION_ITEM('') );
#3157 = CARTESIAN_POINT('',(45.,0.9));
#3158 = CARTESIAN_POINT('',(34.43449007383,0.9));
#3159 = CARTESIAN_POINT('',(39.717245036915,10.05));
#3160 = CARTESIAN_POINT('',(45.,19.2));
#3161 = CARTESIAN_POINT('',(50.282754963085,10.05));
#3162 = CARTESIAN_POINT('',(55.56550992617,0.9));
#3163 = CARTESIAN_POINT('',(45.,0.9));
#3164 = ( GEOMETRIC_REPRESENTATION_CONTEXT(2) 
PARAMETRIC_REPRESENTATION_CONTEXT() REPRESENTATION_CONTEXT('2D SPACE',''
  ) );
#3165 = PCURVE('',#3166,#3171);
#3166 = CYLINDRICAL_SURFACE('',#3167,6.1);
#3167 = AXIS2_PLACEMENT_3D('',#3168,#3169,#3170);
#3168 = CARTESIAN_POINT('',(45.,7.,10.6));
#3169 = DIRECTION('',(0.,0.,1.));
#3170 = DIRECTION('',(1.,0.,-0.));
#3171 = DEFINITIONAL_REPRESENTATION('',(#3172),#3176);
#3172 = LINE('',#3173,#3174);
#3173 = CARTESIAN_POINT('',(4.712388980385,0.4));
#3174 = VECTOR('',#3175,1.);
#3175 = DIRECTION('',(-1.,0.));
#3176 = ( GEOMETRIC_REPRESENTATION_CONTEXT(2) 
PARAMETRIC_REPRESENTATION_CONTEXT() REPRESENTATION_CONTEXT('2D SPACE',''
  ) );
#3177 = ORIENTED_EDGE('',*,*,#3178,.F.);
#3178 = EDGE_CURVE('',#2806,#3146,#3179,.T.);
#3179 = SURFACE_CURVE('',#3180,(#3184,#3191),.PCURVE_S1.);
#3180 = LINE('',#3181,#3182);
#3181 = CARTESIAN_POINT('',(0.9,0.9,11.));
#3182 = VECTOR('',#3183,1.);
#3183 = DIRECTION('',(1.,0.,0.));
#3184 = PCURVE('',#843,#3185);
#3185 = DEFINITIONAL_REPRESENTATION('',(#3186),#3190);
#3186 = LINE('',#3187,#3188);
#3187 = CARTESIAN_POINT('',(0.9,0.9));
#3188 = VECTOR('',#3189,1.);
#3189 = DIRECTION('',(1.,0.));
#3190 = ( GEOMETRIC_REPRESENTATION_CONTEXT(2) 
PARAMETRIC_REPRESENTATION_CONTEXT() REPRESENTATION_CONTEXT('2D SPACE',''
  ) );
#3191 = PCURVE('',#2844,#3192);
#3192 = DEFINITIONAL_REPRESENTATION('',(#3193),#3197);
#3193 = LINE('',#3194,#3195);
#3194 = CARTESIAN_POINT('',(0.4,0.));
#3195 = VECTOR('',#3196,1.);
#3196 = DIRECTION('',(0.,1.));
#3197 = ( GEOMETRIC_REPRESENTATION_CONTEXT(2) 
PARAMETRIC_REPRESENTATION_CONTEXT() REPRESENTATION_CONTEXT('2D SPACE',''
  ) );
#3198 = ADVANCED_FACE('',(#3199),#815,.T.);
#3199 = FACE_BOUND('',#3200,.F.);
#3200 = EDGE_LOOP('',(#3201,#3224,#3225,#3226));
#3201 = ORIENTED_EDGE('',*,*,#3202,.F.);
#3202 = EDGE_CURVE('',#2956,#3203,#3205,.T.);
#3203 = VERTEX_POINT('',#3204);
#3204 = CARTESIAN_POINT('',(52.,7.,14.5));
#3205 = SURFACE_CURVE('',#3206,(#3210,#3217),.PCURVE_S1.);
#3206 = LINE('',#3207,#3208);
#3207 = CARTESIAN_POINT('',(52.,7.,11.));
#3208 = VECTOR('',#3209,1.);
#3209 = DIRECTION('',(0.,0.,1.));
#3210 = PCURVE('',#815,#3211);
#3211 = DEFINITIONAL_REPRESENTATION('',(#3212),#3216);
#3212 = LINE('',#3213,#3214);
#3213 = CARTESIAN_POINT('',(-0.,0.));
#3214 = VECTOR('',#3215,1.);
#3215 = DIRECTION('',(-0.,1.));
#3216 = ( GEOMETRIC_REPRESENTATION_CONTEXT(2) 
PARAMETRIC_REPRESENTATION_CONTEXT() REPRESENTATION_CONTEXT('2D SPACE',''
  ) );
#3217 = PCURVE('',#2999,#3218);
#3218 = DEFINITIONAL_REPRESENTATION('',(#3219),#3223);
#3219 = LINE('',#3220,#3221);
#3220 = CARTESIAN_POINT('',(0.,-7.));
#3221 = VECTOR('',#3222,1.);
#3222 = DIRECTION('',(1.,0.));
#3223 = ( GEOMETRIC_REPRESENTATION_CONTEXT(2) 
PARAMETRIC_REPRESENTATION_CONTEXT() REPRESENTATION_CONTEXT('2D SPACE',''
  ) );
#3224 = ORIENTED_EDGE('',*,*,#2955,.T.);
#3225 = ORIENTED_EDGE('',*,*,#799,.T.);
#3226 = ORIENTED_EDGE('',*,*,#3227,.F.);
#3227 = EDGE_CURVE('',#3203,#777,#3228,.T.);
#3228 = SURFACE_CURVE('',#3229,(#3234,#3241),.PCURVE_S1.);
#3229 = CIRCLE('',#3230,7.);
#3230 = AXIS2_PLACEMENT_3D('',#3231,#3232,#3233);
#3231 = CARTESIAN_POINT('',(45.,7.,14.5));
#3232 = DIRECTION('',(0.,-0.,-1.));
#3233 = DIRECTION('',(1.,0.,-0.));
#3234 = PCURVE('',#815,#3235);
#3235 = DEFINITIONAL_REPRESENTATION('',(#3236),#3240);
#3236 = LINE('',#3237,#3238);
#3237 = CARTESIAN_POINT('',(-0.,3.5));
#3238 = VECTOR('',#3239,1.);
#3239 = DIRECTION('',(-1.,0.));
#3240 = ( GEOMETRIC_REPRESENTATION_CONTEXT(2) 
PARAMETRIC_REPRESENTATION_CONTEXT() REPRESENTATION_CONTEXT('2D SPACE',''
  ) );
#3241 = PCURVE('',#1888,#3242);
#3242 = DEFINITIONAL_REPRESENTATION('',(#3243),#3247);
#3243 = LINE('',#3244,#3245);
#3244 = CARTESIAN_POINT('',(-0.,0.));
#3245 = VECTOR('',#3246,1.);
#3246 = DIRECTION('',(-1.,0.));
#3247 = ( GEOMETRIC_REPRESENTATION_CONTEXT(2) 
PARAMETRIC_REPRESENTATION_CONTEXT() REPRESENTATION_CONTEXT('2D SPACE',''
  ) );
#3248 = ADVANCED_FACE('',(#3249),#1439,.F.);
#3249 = FACE_BOUND('',#3250,.T.);
#3250 = EDGE_LOOP('',(#3251,#3252,#3280,#3306));
#3251 = ORIENTED_EDGE('',*,*,#1739,.F.);
#3252 = ORIENTED_EDGE('',*,*,#3253,.T.);
#3253 = EDGE_CURVE('',#1712,#3254,#3256,.T.);
#3254 = VERTEX_POINT('',#3255);
#3255 = CARTESIAN_POINT('',(7.,90.5,16.));
#3256 = SURFACE_CURVE('',#3257,(#3262,#3269),.PCURVE_S1.);
#3257 = CIRCLE('',#3258,5.1);
#3258 = AXIS2_PLACEMENT_3D('',#3259,#3260,#3261);
#3259 = CARTESIAN_POINT('',(7.,85.4,16.));
#3260 = DIRECTION('',(-0.,-0.,-1.));
#3261 = DIRECTION('',(0.,-1.,0.));
#3262 = PCURVE('',#1439,#3263);
#3263 = DEFINITIONAL_REPRESENTATION('',(#3264),#3268);
#3264 = LINE('',#3265,#3266);
#3265 = CARTESIAN_POINT('',(1.570796326795,-0.));
#3266 = VECTOR('',#3267,1.);
#3267 = DIRECTION('',(-1.,0.));
#3268 = ( GEOMETRIC_REPRESENTATION_CONTEXT(2) 
PARAMETRIC_REPRESENTATION_CONTEXT() REPRESENTATION_CONTEXT('2D SPACE',''
  ) );
#3269 = PCURVE('',#1727,#3270);
#3270 = DEFINITIONAL_REPRESENTATION('',(#3271),#3279);
#3271 = ( BOUNDED_CURVE() B_SPLINE_CURVE(2,(#3272,#3273,#3274,#3275,
#3276,#3277,#3278),.UNSPECIFIED.,.T.,.F.) B_SPLINE_CURVE_WITH_KNOTS((1,2
    ,2,2,2,1),(-2.094395102393,0.,2.094395102393,4.188790204786,
6.28318530718,8.377580409573),.UNSPECIFIED.) CURVE() 
GEOMETRIC_REPRESENTATION_ITEM() RATIONAL_B_SPLINE_CURVE((1.,0.5,1.,0.5,
1.,0.5,1.)) REPRESENTATION_ITEM('') );
#3272 = CARTESIAN_POINT('',(5.1,65.9));
#3273 = CARTESIAN_POINT('',(-3.733459118601,65.9));
#3274 = CARTESIAN_POINT('',(0.683270440699,73.55));
#3275 = CARTESIAN_POINT('',(5.1,81.2));
#3276 = CARTESIAN_POINT('',(9.516729559301,73.55));
#3277 = CARTESIAN_POINT('',(13.933459118601,65.9));
#3278 = CARTESIAN_POINT('',(5.1,65.9));
#3279 = ( GEOMETRIC_REPRESENTATION_CONTEXT(2) 
PARAMETRIC_REPRESENTATION_CONTEXT() REPRESENTATION_CONTEXT('2D SPACE',''
  ) );
#3280 = ORIENTED_EDGE('',*,*,#3281,.T.);
#3281 = EDGE_CURVE('',#3254,#933,#3282,.T.);
#3282 = SURFACE_CURVE('',#3283,(#3287,#3294),.PCURVE_S1.);
#3283 = LINE('',#3284,#3285);
#3284 = CARTESIAN_POINT('',(7.,90.5,16.));
#3285 = VECTOR('',#3286,1.);
#3286 = DIRECTION('',(0.,0.,1.));
#3287 = PCURVE('',#1439,#3288);
#3288 = DEFINITIONAL_REPRESENTATION('',(#3289),#3293);
#3289 = LINE('',#3290,#3291);
#3290 = CARTESIAN_POINT('',(-1.570796326795,0.));
#3291 = VECTOR('',#3292,1.);
#3292 = DIRECTION('',(-0.,1.));
#3293 = ( GEOMETRIC_REPRESENTATION_CONTEXT(2) 
PARAMETRIC_REPRESENTATION_CONTEXT() REPRESENTATION_CONTEXT('2D SPACE',''
  ) );
#3294 = PCURVE('',#3295,#3300);
#3295 = PLANE('',#3296);
#3296 = AXIS2_PLACEMENT_3D('',#3297,#3298,#3299);
#3297 = CARTESIAN_POINT('',(1.9,90.5,16.));
#3298 = DIRECTION('',(0.,1.,0.));
#3299 = DIRECTION('',(0.,0.,1.));
#3300 = DEFINITIONAL_REPRESENTATION('',(#3301),#3305);
#3301 = LINE('',#3302,#3303);
#3302 = CARTESIAN_POINT('',(0.,5.1));
#3303 = VECTOR('',#3304,1.);
#3304 = DIRECTION('',(1.,0.));
#3305 = ( GEOMETRIC_REPRESENTATION_CONTEXT(2) 
PARAMETRIC_REPRESENTATION_CONTEXT() REPRESENTATION_CONTEXT('2D SPACE',''
  ) );
#3306 = ORIENTED_EDGE('',*,*,#959,.F.);
#3307 = ADVANCED_FACE('',(#3308),#948,.T.);
#3308 = FACE_BOUND('',#3309,.T.);
#3309 = EDGE_LOOP('',(#3310,#3311,#3312,#3333,#3360,#3383,#3407,#3426));
#3310 = ORIENTED_EDGE('',*,*,#2086,.F.);
#3311 = ORIENTED_EDGE('',*,*,#932,.T.);
#3312 = ORIENTED_EDGE('',*,*,#3313,.T.);
#3313 = EDGE_CURVE('',#933,#3314,#3316,.T.);
#3314 = VERTEX_POINT('',#3315);
#3315 = CARTESIAN_POINT('',(45.,90.5,16.926932219902));
#3316 = SURFACE_CURVE('',#3317,(#3321,#3327),.PCURVE_S1.);
#3317 = LINE('',#3318,#3319);
#3318 = CARTESIAN_POINT('',(7.,90.5,16.926932219902));
#3319 = VECTOR('',#3320,1.);
#3320 = DIRECTION('',(1.,0.,0.));
#3321 = PCURVE('',#948,#3322);
#3322 = DEFINITIONAL_REPRESENTATION('',(#3323),#3326);
#3323 = B_SPLINE_CURVE_WITH_KNOTS('',1,(#3324,#3325),.UNSPECIFIED.,.F.,
  .F.,(2,2),(-5.999999999062E-07,38.0000006),.PIECEWISE_BEZIER_KNOTS.);
#3324 = CARTESIAN_POINT('',(1.328430475756,-5.999999999062E-07));
#3325 = CARTESIAN_POINT('',(1.328430475756,38.0000006));
#3326 = ( GEOMETRIC_REPRESENTATION_CONTEXT(2) 
PARAMETRIC_REPRESENTATION_CONTEXT() REPRESENTATION_CONTEXT('2D SPACE',''
  ) );
#3327 = PCURVE('',#3295,#3328);
#3328 = DEFINITIONAL_REPRESENTATION('',(#3329),#3332);
#3329 = B_SPLINE_CURVE_WITH_KNOTS('',1,(#3330,#3331),.UNSPECIFIED.,.F.,
  .F.,(2,2),(-5.999999999062E-07,38.0000006),.PIECEWISE_BEZIER_KNOTS.);
#3330 = CARTESIAN_POINT('',(0.926932219902,5.0999994));
#3331 = CARTESIAN_POINT('',(0.926932219902,43.1000006));
#3332 = ( GEOMETRIC_REPRESENTATION_CONTEXT(2) 
PARAMETRIC_REPRESENTATION_CONTEXT() REPRESENTATION_CONTEXT('2D SPACE',''
  ) );
#3333 = ORIENTED_EDGE('',*,*,#3334,.F.);
#3334 = EDGE_CURVE('',#3335,#3314,#3337,.T.);
#3335 = VERTEX_POINT('',#3336);
#3336 = CARTESIAN_POINT('',(45.,92.4,14.5));
#3337 = SURFACE_CURVE('',#3338,(#3343,#3349),.PCURVE_S1.);
#3338 = CIRCLE('',#3339,2.5);
#3339 = AXIS2_PLACEMENT_3D('',#3340,#3341,#3342);
#3340 = CARTESIAN_POINT('',(45.,89.9,14.5));
#3341 = DIRECTION('',(1.,0.,0.));
#3342 = DIRECTION('',(-0.,1.,0.));
#3343 = PCURVE('',#948,#3344);
#3344 = DEFINITIONAL_REPRESENTATION('',(#3345),#3348);
#3345 = B_SPLINE_CURVE_WITH_KNOTS('',1,(#3346,#3347),.UNSPECIFIED.,.F.,
  .F.,(2,2),(0.,1.570796326795),.PIECEWISE_BEZIER_KNOTS.);
#3346 = CARTESIAN_POINT('',(0.,38.));
#3347 = CARTESIAN_POINT('',(1.570796326795,38.));
#3348 = ( GEOMETRIC_REPRESENTATION_CONTEXT(2) 
PARAMETRIC_REPRESENTATION_CONTEXT() REPRESENTATION_CONTEXT('2D SPACE',''
  ) );
#3349 = PCURVE('',#3350,#3355);
#3350 = TOROIDAL_SURFACE('',#3351,4.5,2.5);
#3351 = AXIS2_PLACEMENT_3D('',#3352,#3353,#3354);
#3352 = CARTESIAN_POINT('',(45.,85.4,14.5));
#3353 = DIRECTION('',(0.,0.,1.));
#3354 = DIRECTION('',(0.,1.,-0.));
#3355 = DEFINITIONAL_REPRESENTATION('',(#3356),#3359);
#3356 = B_SPLINE_CURVE_WITH_KNOTS('',1,(#3357,#3358),.UNSPECIFIED.,.F.,
  .F.,(2,2),(0.,1.570796326795),.PIECEWISE_BEZIER_KNOTS.);
#3357 = CARTESIAN_POINT('',(0.,0.));
#3358 = CARTESIAN_POINT('',(0.,1.570796326795));
#3359 = ( GEOMETRIC_REPRESENTATION_CONTEXT(2) 
PARAMETRIC_REPRESENTATION_CONTEXT() REPRESENTATION_CONTEXT('2D SPACE',''
  ) );
#3360 = ORIENTED_EDGE('',*,*,#3361,.F.);
#3361 = EDGE_CURVE('',#3362,#3335,#3364,.T.);
#3362 = VERTEX_POINT('',#3363);
#3363 = CARTESIAN_POINT('',(34.,92.4,14.5));
#3364 = SURFACE_CURVE('',#3365,(#3369,#3376),.PCURVE_S1.);
#3365 = LINE('',#3366,#3367);
#3366 = CARTESIAN_POINT('',(7.,92.4,14.5));
#3367 = VECTOR('',#3368,1.);
#3368 = DIRECTION('',(1.,0.,0.));
#3369 = PCURVE('',#948,#3370);
#3370 = DEFINITIONAL_REPRESENTATION('',(#3371),#3375);
#3371 = LINE('',#3372,#3373);
#3372 = CARTESIAN_POINT('',(0.,0.));
#3373 = VECTOR('',#3374,1.);
#3374 = DIRECTION('',(0.,1.));
#3375 = ( GEOMETRIC_REPRESENTATION_CONTEXT(2) 
PARAMETRIC_REPRESENTATION_CONTEXT() REPRESENTATION_CONTEXT('2D SPACE',''
  ) );
#3376 = PCURVE('',#3056,#3377);
#3377 = DEFINITIONAL_REPRESENTATION('',(#3378),#3382);
#3378 = LINE('',#3379,#3380);
#3379 = CARTESIAN_POINT('',(3.5,7.));
#3380 = VECTOR('',#3381,1.);
#3381 = DIRECTION('',(0.,1.));
#3382 = ( GEOMETRIC_REPRESENTATION_CONTEXT(2) 
PARAMETRIC_REPRESENTATION_CONTEXT() REPRESENTATION_CONTEXT('2D SPACE',''
  ) );
#3383 = ORIENTED_EDGE('',*,*,#3384,.T.);
#3384 = EDGE_CURVE('',#3362,#3385,#3387,.T.);
#3385 = VERTEX_POINT('',#3386);
#3386 = CARTESIAN_POINT('',(34.,92.268543856466,15.3));
#3387 = SURFACE_CURVE('',#3388,(#3393,#3400),.PCURVE_S1.);
#3388 = CIRCLE('',#3389,2.5);
#3389 = AXIS2_PLACEMENT_3D('',#3390,#3391,#3392);
#3390 = CARTESIAN_POINT('',(34.,89.9,14.5));
#3391 = DIRECTION('',(1.,0.,0.));
#3392 = DIRECTION('',(-0.,1.,0.));
#3393 = PCURVE('',#948,#3394);
#3394 = DEFINITIONAL_REPRESENTATION('',(#3395),#3399);
#3395 = LINE('',#3396,#3397);
#3396 = CARTESIAN_POINT('',(0.,27.));
#3397 = VECTOR('',#3398,1.);
#3398 = DIRECTION('',(1.,0.));
#3399 = ( GEOMETRIC_REPRESENTATION_CONTEXT(2) 
PARAMETRIC_REPRESENTATION_CONTEXT() REPRESENTATION_CONTEXT('2D SPACE',''
  ) );
#3400 = PCURVE('',#3081,#3401);
#3401 = DEFINITIONAL_REPRESENTATION('',(#3402),#3406);
#3402 = CIRCLE('',#3403,2.5);
#3403 = AXIS2_PLACEMENT_2D('',#3404,#3405);
#3404 = CARTESIAN_POINT('',(4.,-3.));
#3405 = DIRECTION('',(0.,-1.));
#3406 = ( GEOMETRIC_REPRESENTATION_CONTEXT(2) 
PARAMETRIC_REPRESENTATION_CONTEXT() REPRESENTATION_CONTEXT('2D SPACE',''
  ) );
#3407 = ORIENTED_EDGE('',*,*,#3408,.F.);
#3408 = EDGE_CURVE('',#2135,#3385,#3409,.T.);
#3409 = SURFACE_CURVE('',#3410,(#3414,#3420),.PCURVE_S1.);
#3410 = LINE('',#3411,#3412);
#3411 = CARTESIAN_POINT('',(7.,92.268543856465,15.3));
#3412 = VECTOR('',#3413,1.);
#3413 = DIRECTION('',(1.,0.,0.));
#3414 = PCURVE('',#948,#3415);
#3415 = DEFINITIONAL_REPRESENTATION('',(#3416),#3419);
#3416 = B_SPLINE_CURVE_WITH_KNOTS('',1,(#3417,#3418),.UNSPECIFIED.,.F.,
  .F.,(2,2),(9.4,28.6),.PIECEWISE_BEZIER_KNOTS.);
#3417 = CARTESIAN_POINT('',(0.325729487295,9.4));
#3418 = CARTESIAN_POINT('',(0.325729487295,28.6));
#3419 = ( GEOMETRIC_REPRESENTATION_CONTEXT(2) 
PARAMETRIC_REPRESENTATION_CONTEXT() REPRESENTATION_CONTEXT('2D SPACE',''
  ) );
#3420 = PCURVE('',#2150,#3421);
#3421 = DEFINITIONAL_REPRESENTATION('',(#3422),#3425);
#3422 = B_SPLINE_CURVE_WITH_KNOTS('',1,(#3423,#3424),.UNSPECIFIED.,.F.,
  .F.,(2,2),(9.4,28.6),.PIECEWISE_BEZIER_KNOTS.);
#3423 = CARTESIAN_POINT('',(-1.6,5.368543856465));
#3424 = CARTESIAN_POINT('',(17.6,5.368543856465));
#3425 = ( GEOMETRIC_REPRESENTATION_CONTEXT(2) 
PARAMETRIC_REPRESENTATION_CONTEXT() REPRESENTATION_CONTEXT('2D SPACE',''
  ) );
#3426 = ORIENTED_EDGE('',*,*,#2241,.F.);
#3427 = ADVANCED_FACE('',(#3428,#3562),#1727,.T.);
#3428 = FACE_BOUND('',#3429,.T.);
#3429 = EDGE_LOOP('',(#3430,#3431,#3432,#3455,#3483,#3511,#3540,#3561));
#3430 = ORIENTED_EDGE('',*,*,#1711,.F.);
#3431 = ORIENTED_EDGE('',*,*,#1764,.T.);
#3432 = ORIENTED_EDGE('',*,*,#3433,.T.);
#3433 = EDGE_CURVE('',#1765,#3434,#3436,.T.);
#3434 = VERTEX_POINT('',#3435);
#3435 = CARTESIAN_POINT('',(45.,14.4,16.));
#3436 = SURFACE_CURVE('',#3437,(#3441,#3448),.PCURVE_S1.);
#3437 = LINE('',#3438,#3439);
#3438 = CARTESIAN_POINT('',(1.9,14.4,16.));
#3439 = VECTOR('',#3440,1.);
#3440 = DIRECTION('',(1.,0.,0.));
#3441 = PCURVE('',#1727,#3442);
#3442 = DEFINITIONAL_REPRESENTATION('',(#3443),#3447);
#3443 = LINE('',#3444,#3445);
#3444 = CARTESIAN_POINT('',(0.,0.));
#3445 = VECTOR('',#3446,1.);
#3446 = DIRECTION('',(1.,0.));
#3447 = ( GEOMETRIC_REPRESENTATION_CONTEXT(2) 
PARAMETRIC_REPRESENTATION_CONTEXT() REPRESENTATION_CONTEXT('2D SPACE',''
  ) );
#3448 = PCURVE('',#1804,#3449);
#3449 = DEFINITIONAL_REPRESENTATION('',(#3450),#3454);
#3450 = LINE('',#3451,#3452);
#3451 = CARTESIAN_POINT('',(0.,0.));
#3452 = VECTOR('',#3453,1.);
#3453 = DIRECTION('',(0.,1.));
#3454 = ( GEOMETRIC_REPRESENTATION_CONTEXT(2) 
PARAMETRIC_REPRESENTATION_CONTEXT() REPRESENTATION_CONTEXT('2D SPACE',''
  ) );
#3455 = ORIENTED_EDGE('',*,*,#3456,.F.);
#3456 = EDGE_CURVE('',#3457,#3434,#3459,.T.);
#3457 = VERTEX_POINT('',#3458);
#3458 = CARTESIAN_POINT('',(50.1,19.5,16.));
#3459 = SURFACE_CURVE('',#3460,(#3465,#3476),.PCURVE_S1.);
#3460 = CIRCLE('',#3461,5.1);
#3461 = AXIS2_PLACEMENT_3D('',#3462,#3463,#3464);
#3462 = CARTESIAN_POINT('',(45.,19.5,16.));
#3463 = DIRECTION('',(-0.,-0.,-1.));
#3464 = DIRECTION('',(0.,-1.,0.));
#3465 = PCURVE('',#1727,#3466);
#3466 = DEFINITIONAL_REPRESENTATION('',(#3467),#3475);
#3467 = ( BOUNDED_CURVE() B_SPLINE_CURVE(2,(#3468,#3469,#3470,#3471,
#3472,#3473,#3474),.UNSPECIFIED.,.T.,.F.) B_SPLINE_CURVE_WITH_KNOTS((1,2
    ,2,2,2,1),(-2.094395102393,0.,2.094395102393,4.188790204786,
6.28318530718,8.377580409573),.UNSPECIFIED.) CURVE() 
GEOMETRIC_REPRESENTATION_ITEM() RATIONAL_B_SPLINE_CURVE((1.,0.5,1.,0.5,
1.,0.5,1.)) REPRESENTATION_ITEM('') );
#3468 = CARTESIAN_POINT('',(43.1,0.));
#3469 = CARTESIAN_POINT('',(34.266540881399,0.));
#3470 = CARTESIAN_POINT('',(38.683270440699,7.65));
#3471 = CARTESIAN_POINT('',(43.1,15.3));
#3472 = CARTESIAN_POINT('',(47.516729559301,7.65));
#3473 = CARTESIAN_POINT('',(51.933459118601,7.993605777301E-15));
#3474 = CARTESIAN_POINT('',(43.1,0.));
#3475 = ( GEOMETRIC_REPRESENTATION_CONTEXT(2) 
PARAMETRIC_REPRESENTATION_CONTEXT() REPRESENTATION_CONTEXT('2D SPACE',''
  ) );
#3476 = PCURVE('',#1945,#3477);
#3477 = DEFINITIONAL_REPRESENTATION('',(#3478),#3482);
#3478 = LINE('',#3479,#3480);
#3479 = CARTESIAN_POINT('',(4.712388980385,-0.));
#3480 = VECTOR('',#3481,1.);
#3481 = DIRECTION('',(-1.,0.));
#3482 = ( GEOMETRIC_REPRESENTATION_CONTEXT(2) 
PARAMETRIC_REPRESENTATION_CONTEXT() REPRESENTATION_CONTEXT('2D SPACE',''
  ) );
#3483 = ORIENTED_EDGE('',*,*,#3484,.T.);
#3484 = EDGE_CURVE('',#3457,#3485,#3487,.T.);
#3485 = VERTEX_POINT('',#3486);
#3486 = CARTESIAN_POINT('',(50.1,85.4,16.));
#3487 = SURFACE_CURVE('',#3488,(#3492,#3499),.PCURVE_S1.);
#3488 = LINE('',#3489,#3490);
#3489 = CARTESIAN_POINT('',(50.1,14.4,16.));
#3490 = VECTOR('',#3491,1.);
#3491 = DIRECTION('',(0.,1.,0.));
#3492 = PCURVE('',#1727,#3493);
#3493 = DEFINITIONAL_REPRESENTATION('',(#3494),#3498);
#3494 = LINE('',#3495,#3496);
#3495 = CARTESIAN_POINT('',(48.2,0.));
#3496 = VECTOR('',#3497,1.);
#3497 = DIRECTION('',(0.,1.));
#3498 = ( GEOMETRIC_REPRESENTATION_CONTEXT(2) 
PARAMETRIC_REPRESENTATION_CONTEXT() REPRESENTATION_CONTEXT('2D SPACE',''
  ) );
#3499 = PCURVE('',#3500,#3505);
#3500 = PLANE('',#3501);
#3501 = AXIS2_PLACEMENT_3D('',#3502,#3503,#3504);
#3502 = CARTESIAN_POINT('',(50.1,14.4,16.));
#3503 = DIRECTION('',(1.,0.,0.));
#3504 = DIRECTION('',(0.,0.,1.));
#3505 = DEFINITIONAL_REPRESENTATION('',(#3506),#3510);
#3506 = LINE('',#3507,#3508);
#3507 = CARTESIAN_POINT('',(0.,0.));
#3508 = VECTOR('',#3509,1.);
#3509 = DIRECTION('',(0.,-1.));
#3510 = ( GEOMETRIC_REPRESENTATION_CONTEXT(2) 
PARAMETRIC_REPRESENTATION_CONTEXT() REPRESENTATION_CONTEXT('2D SPACE',''
  ) );
#3511 = ORIENTED_EDGE('',*,*,#3512,.T.);
#3512 = EDGE_CURVE('',#3485,#3513,#3515,.T.);
#3513 = VERTEX_POINT('',#3514);
#3514 = CARTESIAN_POINT('',(45.,90.5,16.));
#3515 = SURFACE_CURVE('',#3516,(#3521,#3528),.PCURVE_S1.);
#3516 = CIRCLE('',#3517,5.1);
#3517 = AXIS2_PLACEMENT_3D('',#3518,#3519,#3520);
#3518 = CARTESIAN_POINT('',(45.,85.4,16.));
#3519 = DIRECTION('',(0.,0.,1.));
#3520 = DIRECTION('',(0.,-1.,0.));
#3521 = PCURVE('',#1727,#3522);
#3522 = DEFINITIONAL_REPRESENTATION('',(#3523),#3527);
#3523 = CIRCLE('',#3524,5.1);
#3524 = AXIS2_PLACEMENT_2D('',#3525,#3526);
#3525 = CARTESIAN_POINT('',(43.1,71.));
#3526 = DIRECTION('',(0.,-1.));
#3527 = ( GEOMETRIC_REPRESENTATION_CONTEXT(2) 
PARAMETRIC_REPRESENTATION_CONTEXT() REPRESENTATION_CONTEXT('2D SPACE',''
  ) );
#3528 = PCURVE('',#3529,#3534);
#3529 = CYLINDRICAL_SURFACE('',#3530,5.1);
#3530 = AXIS2_PLACEMENT_3D('',#3531,#3532,#3533);
#3531 = CARTESIAN_POINT('',(45.,85.4,16.));
#3532 = DIRECTION('',(0.,0.,1.));
#3533 = DIRECTION('',(1.,0.,-0.));
#3534 = DEFINITIONAL_REPRESENTATION('',(#3535),#3539);
#3535 = LINE('',#3536,#3537);
#3536 = CARTESIAN_POINT('',(-1.570796326795,0.));
#3537 = VECTOR('',#3538,1.);
#3538 = DIRECTION('',(1.,0.));
#3539 = ( GEOMETRIC_REPRESENTATION_CONTEXT(2) 
PARAMETRIC_REPRESENTATION_CONTEXT() REPRESENTATION_CONTEXT('2D SPACE',''
  ) );
#3540 = ORIENTED_EDGE('',*,*,#3541,.F.);
#3541 = EDGE_CURVE('',#3254,#3513,#3542,.T.);
#3542 = SURFACE_CURVE('',#3543,(#3547,#3554),.PCURVE_S1.);
#3543 = LINE('',#3544,#3545);
#3544 = CARTESIAN_POINT('',(1.9,90.5,16.));
#3545 = VECTOR('',#3546,1.);
#3546 = DIRECTION('',(1.,0.,0.));
#3547 = PCURVE('',#1727,#3548);
#3548 = DEFINITIONAL_REPRESENTATION('',(#3549),#3553);
#3549 = LINE('',#3550,#3551);
#3550 = CARTESIAN_POINT('',(0.,76.1));
#3551 = VECTOR('',#3552,1.);
#3552 = DIRECTION('',(1.,0.));
#3553 = ( GEOMETRIC_REPRESENTATION_CONTEXT(2) 
PARAMETRIC_REPRESENTATION_CONTEXT() REPRESENTATION_CONTEXT('2D SPACE',''
  ) );
#3554 = PCURVE('',#3295,#3555);
#3555 = DEFINITIONAL_REPRESENTATION('',(#3556),#3560);
#3556 = LINE('',#3557,#3558);
#3557 = CARTESIAN_POINT('',(0.,0.));
#3558 = VECTOR('',#3559,1.);
#3559 = DIRECTION('',(0.,1.));
#3560 = ( GEOMETRIC_REPRESENTATION_CONTEXT(2) 
PARAMETRIC_REPRESENTATION_CONTEXT() REPRESENTATION_CONTEXT('2D SPACE',''
  ) );
#3561 = ORIENTED_EDGE('',*,*,#3253,.F.);
#3562 = FACE_BOUND('',#3563,.T.);
#3563 = EDGE_LOOP('',(#3564,#3595,#3621,#3650,#3671,#3700,#3726,#3755));
#3564 = ORIENTED_EDGE('',*,*,#3565,.F.);
#3565 = EDGE_CURVE('',#3566,#3568,#3570,.T.);
#3566 = VERTEX_POINT('',#3567);
#3567 = CARTESIAN_POINT('',(3.5,19.5,16.));
#3568 = VERTEX_POINT('',#3569);
#3569 = CARTESIAN_POINT('',(7.,16.,16.));
#3570 = SURFACE_CURVE('',#3571,(#3576,#3583),.PCURVE_S1.);
#3571 = CIRCLE('',#3572,3.5);
#3572 = AXIS2_PLACEMENT_3D('',#3573,#3574,#3575);
#3573 = CARTESIAN_POINT('',(7.,19.5,16.));
#3574 = DIRECTION('',(0.,0.,1.));
#3575 = DIRECTION('',(-1.,-0.,0.));
#3576 = PCURVE('',#1727,#3577);
#3577 = DEFINITIONAL_REPRESENTATION('',(#3578),#3582);
#3578 = CIRCLE('',#3579,3.5);
#3579 = AXIS2_PLACEMENT_2D('',#3580,#3581);
#3580 = CARTESIAN_POINT('',(5.1,5.1));
#3581 = DIRECTION('',(-1.,0.));
#3582 = ( GEOMETRIC_REPRESENTATION_CONTEXT(2) 
PARAMETRIC_REPRESENTATION_CONTEXT() REPRESENTATION_CONTEXT('2D SPACE',''
  ) );
#3583 = PCURVE('',#3584,#3589);
#3584 = CYLINDRICAL_SURFACE('',#3585,3.5);
#3585 = AXIS2_PLACEMENT_3D('',#3586,#3587,#3588);
#3586 = CARTESIAN_POINT('',(7.,19.5,10.5));
#3587 = DIRECTION('',(0.,0.,1.));
#3588 = DIRECTION('',(-1.,-0.,0.));
#3589 = DEFINITIONAL_REPRESENTATION('',(#3590),#3594);
#3590 = LINE('',#3591,#3592);
#3591 = CARTESIAN_POINT('',(0.,5.5));
#3592 = VECTOR('',#3593,1.);
#3593 = DIRECTION('',(1.,0.));
#3594 = ( GEOMETRIC_REPRESENTATION_CONTEXT(2) 
PARAMETRIC_REPRESENTATION_CONTEXT() REPRESENTATION_CONTEXT('2D SPACE',''
  ) );
#3595 = ORIENTED_EDGE('',*,*,#3596,.T.);
#3596 = EDGE_CURVE('',#3566,#3597,#3599,.T.);
#3597 = VERTEX_POINT('',#3598);
#3598 = CARTESIAN_POINT('',(3.5,85.4,16.));
#3599 = SURFACE_CURVE('',#3600,(#3604,#3610),.PCURVE_S1.);
#3600 = LINE('',#3601,#3602);
#3601 = CARTESIAN_POINT('',(3.5,15.2,16.));
#3602 = VECTOR('',#3603,1.);
#3603 = DIRECTION('',(0.,1.,0.));
#3604 = PCURVE('',#1727,#3605);
#3605 = DEFINITIONAL_REPRESENTATION('',(#3606),#3609);
#3606 = B_SPLINE_CURVE_WITH_KNOTS('',1,(#3607,#3608),.UNSPECIFIED.,.F.,
  .F.,(2,2),(4.3,70.2),.PIECEWISE_BEZIER_KNOTS.);
#3607 = CARTESIAN_POINT('',(1.6,5.1));
#3608 = CARTESIAN_POINT('',(1.6,71.));
#3609 = ( GEOMETRIC_REPRESENTATION_CONTEXT(2) 
PARAMETRIC_REPRESENTATION_CONTEXT() REPRESENTATION_CONTEXT('2D SPACE',''
  ) );
#3610 = PCURVE('',#3611,#3616);
#3611 = PLANE('',#3612);
#3612 = AXIS2_PLACEMENT_3D('',#3613,#3614,#3615);
#3613 = CARTESIAN_POINT('',(3.5,16.,10.5));
#3614 = DIRECTION('',(1.,0.,0.));
#3615 = DIRECTION('',(0.,0.,1.));
#3616 = DEFINITIONAL_REPRESENTATION('',(#3617),#3620);
#3617 = B_SPLINE_CURVE_WITH_KNOTS('',1,(#3618,#3619),.UNSPECIFIED.,.F.,
  .F.,(2,2),(4.3,70.2),.PIECEWISE_BEZIER_KNOTS.);
#3618 = CARTESIAN_POINT('',(5.5,-3.5));
#3619 = CARTESIAN_POINT('',(5.5,-69.4));
#3620 = ( GEOMETRIC_REPRESENTATION_CONTEXT(2) 
PARAMETRIC_REPRESENTATION_CONTEXT() REPRESENTATION_CONTEXT('2D SPACE',''
  ) );
#3621 = ORIENTED_EDGE('',*,*,#3622,.F.);
#3622 = EDGE_CURVE('',#3623,#3597,#3625,.T.);
#3623 = VERTEX_POINT('',#3624);
#3624 = CARTESIAN_POINT('',(7.,88.9,16.));
#3625 = SURFACE_CURVE('',#3626,(#3631,#3638),.PCURVE_S1.);
#3626 = CIRCLE('',#3627,3.5);
#3627 = AXIS2_PLACEMENT_3D('',#3628,#3629,#3630);
#3628 = CARTESIAN_POINT('',(7.,85.4,16.));
#3629 = DIRECTION('',(0.,0.,1.));
#3630 = DIRECTION('',(-1.,-0.,0.));
#3631 = PCURVE('',#1727,#3632);
#3632 = DEFINITIONAL_REPRESENTATION('',(#3633),#3637);
#3633 = CIRCLE('',#3634,3.5);
#3634 = AXIS2_PLACEMENT_2D('',#3635,#3636);
#3635 = CARTESIAN_POINT('',(5.1,71.));
#3636 = DIRECTION('',(-1.,0.));
#3637 = ( GEOMETRIC_REPRESENTATION_CONTEXT(2) 
PARAMETRIC_REPRESENTATION_CONTEXT() REPRESENTATION_CONTEXT('2D SPACE',''
  ) );
#3638 = PCURVE('',#3639,#3644);
#3639 = CYLINDRICAL_SURFACE('',#3640,3.5);
#3640 = AXIS2_PLACEMENT_3D('',#3641,#3642,#3643);
#3641 = CARTESIAN_POINT('',(7.,85.4,10.5));
#3642 = DIRECTION('',(0.,0.,1.));
#3643 = DIRECTION('',(-1.,-0.,0.));
#3644 = DEFINITIONAL_REPRESENTATION('',(#3645),#3649);
#3645 = LINE('',#3646,#3647);
#3646 = CARTESIAN_POINT('',(-6.28318530718,5.5));
#3647 = VECTOR('',#3648,1.);
#3648 = DIRECTION('',(1.,-0.));
#3649 = ( GEOMETRIC_REPRESENTATION_CONTEXT(2) 
PARAMETRIC_REPRESENTATION_CONTEXT() REPRESENTATION_CONTEXT('2D SPACE',''
  ) );
#3650 = ORIENTED_EDGE('',*,*,#3651,.F.);
#3651 = EDGE_CURVE('',#3652,#3623,#3654,.T.);
#3652 = VERTEX_POINT('',#3653);
#3653 = CARTESIAN_POINT('',(45.,88.9,16.));
#3654 = SURFACE_CURVE('',#3655,(#3659,#3665),.PCURVE_S1.);
#3655 = LINE('',#3656,#3657);
#3656 = CARTESIAN_POINT('',(2.7,88.9,16.));
#3657 = VECTOR('',#3658,1.);
#3658 = DIRECTION('',(-1.,0.,0.));
#3659 = PCURVE('',#1727,#3660);
#3660 = DEFINITIONAL_REPRESENTATION('',(#3661),#3664);
#3661 = B_SPLINE_CURVE_WITH_KNOTS('',1,(#3662,#3663),.UNSPECIFIED.,.F.,
  .F.,(2,2),(-42.3,-4.3),.PIECEWISE_BEZIER_KNOTS.);
#3662 = CARTESIAN_POINT('',(43.1,74.5));
#3663 = CARTESIAN_POINT('',(5.1,74.5));
#3664 = ( GEOMETRIC_REPRESENTATION_CONTEXT(2) 
PARAMETRIC_REPRESENTATION_CONTEXT() REPRESENTATION_CONTEXT('2D SPACE',''
  ) );
#3665 = PCURVE('',#2177,#3666);
#3666 = DEFINITIONAL_REPRESENTATION('',(#3667),#3670);
#3667 = B_SPLINE_CURVE_WITH_KNOTS('',1,(#3668,#3669),.UNSPECIFIED.,.F.,
  .F.,(2,2),(-42.3,-4.3),.PIECEWISE_BEZIER_KNOTS.);
#3668 = CARTESIAN_POINT('',(5.5,41.5));
#3669 = CARTESIAN_POINT('',(5.5,3.5));
#3670 = ( GEOMETRIC_REPRESENTATION_CONTEXT(2) 
PARAMETRIC_REPRESENTATION_CONTEXT() REPRESENTATION_CONTEXT('2D SPACE',''
  ) );
#3671 = ORIENTED_EDGE('',*,*,#3672,.F.);
#3672 = EDGE_CURVE('',#3673,#3652,#3675,.T.);
#3673 = VERTEX_POINT('',#3674);
#3674 = CARTESIAN_POINT('',(48.5,85.4,16.));
#3675 = SURFACE_CURVE('',#3676,(#3681,#3688),.PCURVE_S1.);
#3676 = CIRCLE('',#3677,3.5);
#3677 = AXIS2_PLACEMENT_3D('',#3678,#3679,#3680);
#3678 = CARTESIAN_POINT('',(45.,85.4,16.));
#3679 = DIRECTION('',(0.,0.,1.));
#3680 = DIRECTION('',(1.,0.,-0.));
#3681 = PCURVE('',#1727,#3682);
#3682 = DEFINITIONAL_REPRESENTATION('',(#3683),#3687);
#3683 = CIRCLE('',#3684,3.5);
#3684 = AXIS2_PLACEMENT_2D('',#3685,#3686);
#3685 = CARTESIAN_POINT('',(43.1,71.));
#3686 = DIRECTION('',(1.,0.));
#3687 = ( GEOMETRIC_REPRESENTATION_CONTEXT(2) 
PARAMETRIC_REPRESENTATION_CONTEXT() REPRESENTATION_CONTEXT('2D SPACE',''
  ) );
#3688 = PCURVE('',#3689,#3694);
#3689 = CYLINDRICAL_SURFACE('',#3690,3.5);
#3690 = AXIS2_PLACEMENT_3D('',#3691,#3692,#3693);
#3691 = CARTESIAN_POINT('',(45.,85.4,10.5));
#3692 = DIRECTION('',(0.,0.,1.));
#3693 = DIRECTION('',(1.,0.,-0.));
#3694 = DEFINITIONAL_REPRESENTATION('',(#3695),#3699);
#3695 = LINE('',#3696,#3697);
#3696 = CARTESIAN_POINT('',(0.,5.5));
#3697 = VECTOR('',#3698,1.);
#3698 = DIRECTION('',(1.,0.));
#3699 = ( GEOMETRIC_REPRESENTATION_CONTEXT(2) 
PARAMETRIC_REPRESENTATION_CONTEXT() REPRESENTATION_CONTEXT('2D SPACE',''
  ) );
#3700 = ORIENTED_EDGE('',*,*,#3701,.F.);
#3701 = EDGE_CURVE('',#3702,#3673,#3704,.T.);
#3702 = VERTEX_POINT('',#3703);
#3703 = CARTESIAN_POINT('',(48.5,19.5,16.));
#3704 = SURFACE_CURVE('',#3705,(#3709,#3715),.PCURVE_S1.);
#3705 = LINE('',#3706,#3707);
#3706 = CARTESIAN_POINT('',(48.5,15.2,16.));
#3707 = VECTOR('',#3708,1.);
#3708 = DIRECTION('',(0.,1.,0.));
#3709 = PCURVE('',#1727,#3710);
#3710 = DEFINITIONAL_REPRESENTATION('',(#3711),#3714);
#3711 = B_SPLINE_CURVE_WITH_KNOTS('',1,(#3712,#3713),.UNSPECIFIED.,.F.,
  .F.,(2,2),(4.3,70.2),.PIECEWISE_BEZIER_KNOTS.);
#3712 = CARTESIAN_POINT('',(46.6,5.1));
#3713 = CARTESIAN_POINT('',(46.6,71.));
#3714 = ( GEOMETRIC_REPRESENTATION_CONTEXT(2) 
PARAMETRIC_REPRESENTATION_CONTEXT() REPRESENTATION_CONTEXT('2D SPACE',''
  ) );
#3715 = PCURVE('',#3716,#3721);
#3716 = PLANE('',#3717);
#3717 = AXIS2_PLACEMENT_3D('',#3718,#3719,#3720);
#3718 = CARTESIAN_POINT('',(48.5,16.,10.5));
#3719 = DIRECTION('',(1.,0.,0.));
#3720 = DIRECTION('',(0.,0.,1.));
#3721 = DEFINITIONAL_REPRESENTATION('',(#3722),#3725);
#3722 = B_SPLINE_CURVE_WITH_KNOTS('',1,(#3723,#3724),.UNSPECIFIED.,.F.,
  .F.,(2,2),(4.3,70.2),.PIECEWISE_BEZIER_KNOTS.);
#3723 = CARTESIAN_POINT('',(5.5,-3.5));
#3724 = CARTESIAN_POINT('',(5.5,-69.4));
#3725 = ( GEOMETRIC_REPRESENTATION_CONTEXT(2) 
PARAMETRIC_REPRESENTATION_CONTEXT() REPRESENTATION_CONTEXT('2D SPACE',''
  ) );
#3726 = ORIENTED_EDGE('',*,*,#3727,.F.);
#3727 = EDGE_CURVE('',#3728,#3702,#3730,.T.);
#3728 = VERTEX_POINT('',#3729);
#3729 = CARTESIAN_POINT('',(45.,16.,16.));
#3730 = SURFACE_CURVE('',#3731,(#3736,#3743),.PCURVE_S1.);
#3731 = CIRCLE('',#3732,3.5);
#3732 = AXIS2_PLACEMENT_3D('',#3733,#3734,#3735);
#3733 = CARTESIAN_POINT('',(45.,19.5,16.));
#3734 = DIRECTION('',(0.,0.,1.));
#3735 = DIRECTION('',(1.,0.,-0.));
#3736 = PCURVE('',#1727,#3737);
#3737 = DEFINITIONAL_REPRESENTATION('',(#3738),#3742);
#3738 = CIRCLE('',#3739,3.5);
#3739 = AXIS2_PLACEMENT_2D('',#3740,#3741);
#3740 = CARTESIAN_POINT('',(43.1,5.1));
#3741 = DIRECTION('',(1.,0.));
#3742 = ( GEOMETRIC_REPRESENTATION_CONTEXT(2) 
PARAMETRIC_REPRESENTATION_CONTEXT() REPRESENTATION_CONTEXT('2D SPACE',''
  ) );
#3743 = PCURVE('',#3744,#3749);
#3744 = CYLINDRICAL_SURFACE('',#3745,3.5);
#3745 = AXIS2_PLACEMENT_3D('',#3746,#3747,#3748);
#3746 = CARTESIAN_POINT('',(45.,19.5,10.5));
#3747 = DIRECTION('',(0.,0.,1.));
#3748 = DIRECTION('',(1.,0.,-0.));
#3749 = DEFINITIONAL_REPRESENTATION('',(#3750),#3754);
#3750 = LINE('',#3751,#3752);
#3751 = CARTESIAN_POINT('',(-6.28318530718,5.5));
#3752 = VECTOR('',#3753,1.);
#3753 = DIRECTION('',(1.,-0.));
#3754 = ( GEOMETRIC_REPRESENTATION_CONTEXT(2) 
PARAMETRIC_REPRESENTATION_CONTEXT() REPRESENTATION_CONTEXT('2D SPACE',''
  ) );
#3755 = ORIENTED_EDGE('',*,*,#3756,.T.);
#3756 = EDGE_CURVE('',#3728,#3568,#3757,.T.);
#3757 = SURFACE_CURVE('',#3758,(#3762,#3768),.PCURVE_S1.);
#3758 = LINE('',#3759,#3760);
#3759 = CARTESIAN_POINT('',(2.7,16.,16.));
#3760 = VECTOR('',#3761,1.);
#3761 = DIRECTION('',(-1.,0.,0.));
#3762 = PCURVE('',#1727,#3763);
#3763 = DEFINITIONAL_REPRESENTATION('',(#3764),#3767);
#3764 = B_SPLINE_CURVE_WITH_KNOTS('',1,(#3765,#3766),.UNSPECIFIED.,.F.,
  .F.,(2,2),(-42.3,-4.3),.PIECEWISE_BEZIER_KNOTS.);
#3765 = CARTESIAN_POINT('',(43.1,1.6));
#3766 = CARTESIAN_POINT('',(5.1,1.6));
#3767 = ( GEOMETRIC_REPRESENTATION_CONTEXT(2) 
PARAMETRIC_REPRESENTATION_CONTEXT() REPRESENTATION_CONTEXT('2D SPACE',''
  ) );
#3768 = PCURVE('',#3769,#3774);
#3769 = PLANE('',#3770);
#3770 = AXIS2_PLACEMENT_3D('',#3771,#3772,#3773);
#3771 = CARTESIAN_POINT('',(3.5,16.,10.5));
#3772 = DIRECTION('',(0.,1.,0.));
#3773 = DIRECTION('',(0.,0.,1.));
#3774 = DEFINITIONAL_REPRESENTATION('',(#3775),#3778);
#3775 = B_SPLINE_CURVE_WITH_KNOTS('',1,(#3776,#3777),.UNSPECIFIED.,.F.,
  .F.,(2,2),(-42.3,-4.3),.PIECEWISE_BEZIER_KNOTS.);
#3776 = CARTESIAN_POINT('',(5.5,41.5));
#3777 = CARTESIAN_POINT('',(5.5,3.5));
#3778 = ( GEOMETRIC_REPRESENTATION_CONTEXT(2) 
PARAMETRIC_REPRESENTATION_CONTEXT() REPRESENTATION_CONTEXT('2D SPACE',''
  ) );
#3779 = ADVANCED_FACE('',(#3780),#1804,.T.);
#3780 = FACE_BOUND('',#3781,.T.);
#3781 = EDGE_LOOP('',(#3782,#3783,#3784,#3785));
#3782 = ORIENTED_EDGE('',*,*,#3433,.F.);
#3783 = ORIENTED_EDGE('',*,*,#1788,.T.);
#3784 = ORIENTED_EDGE('',*,*,#1957,.F.);
#3785 = ORIENTED_EDGE('',*,*,#3786,.F.);
#3786 = EDGE_CURVE('',#3434,#1929,#3787,.T.);
#3787 = SURFACE_CURVE('',#3788,(#3792,#3799),.PCURVE_S1.);
#3788 = LINE('',#3789,#3790);
#3789 = CARTESIAN_POINT('',(45.,14.4,16.));
#3790 = VECTOR('',#3791,1.);
#3791 = DIRECTION('',(0.,0.,1.));
#3792 = PCURVE('',#1804,#3793);
#3793 = DEFINITIONAL_REPRESENTATION('',(#3794),#3798);
#3794 = LINE('',#3795,#3796);
#3795 = CARTESIAN_POINT('',(0.,43.1));
#3796 = VECTOR('',#3797,1.);
#3797 = DIRECTION('',(1.,0.));
#3798 = ( GEOMETRIC_REPRESENTATION_CONTEXT(2) 
PARAMETRIC_REPRESENTATION_CONTEXT() REPRESENTATION_CONTEXT('2D SPACE',''
  ) );
#3799 = PCURVE('',#1945,#3800);
#3800 = DEFINITIONAL_REPRESENTATION('',(#3801),#3805);
#3801 = LINE('',#3802,#3803);
#3802 = CARTESIAN_POINT('',(-1.570796326795,0.));
#3803 = VECTOR('',#3804,1.);
#3804 = DIRECTION('',(-0.,1.));
#3805 = ( GEOMETRIC_REPRESENTATION_CONTEXT(2) 
PARAMETRIC_REPRESENTATION_CONTEXT() REPRESENTATION_CONTEXT('2D SPACE',''
  ) );
#3806 = ADVANCED_FACE('',(#3807),#1888,.T.);
#3807 = FACE_BOUND('',#3808,.F.);
#3808 = EDGE_LOOP('',(#3809,#3829,#3830,#3831));
#3809 = ORIENTED_EDGE('',*,*,#3810,.F.);
#3810 = EDGE_CURVE('',#3203,#1868,#3811,.T.);
#3811 = SURFACE_CURVE('',#3812,(#3817,#3823),.PCURVE_S1.);
#3812 = CIRCLE('',#3813,2.5);
#3813 = AXIS2_PLACEMENT_3D('',#3814,#3815,#3816);
#3814 = CARTESIAN_POINT('',(49.5,7.,14.5));
#3815 = DIRECTION('',(0.,-1.,-0.));
#3816 = DIRECTION('',(1.,0.,-0.));
#3817 = PCURVE('',#1888,#3818);
#3818 = DEFINITIONAL_REPRESENTATION('',(#3819),#3822);
#3819 = B_SPLINE_CURVE_WITH_KNOTS('',1,(#3820,#3821),.UNSPECIFIED.,.F.,
  .F.,(2,2),(0.,1.570796326795),.PIECEWISE_BEZIER_KNOTS.);
#3820 = CARTESIAN_POINT('',(0.,0.));
#3821 = CARTESIAN_POINT('',(0.,1.570796326795));
#3822 = ( GEOMETRIC_REPRESENTATION_CONTEXT(2) 
PARAMETRIC_REPRESENTATION_CONTEXT() REPRESENTATION_CONTEXT('2D SPACE',''
  ) );
#3823 = PCURVE('',#1916,#3824);
#3824 = DEFINITIONAL_REPRESENTATION('',(#3825),#3828);
#3825 = B_SPLINE_CURVE_WITH_KNOTS('',1,(#3826,#3827),.UNSPECIFIED.,.F.,
  .F.,(2,2),(0.,1.570796326795),.PIECEWISE_BEZIER_KNOTS.);
#3826 = CARTESIAN_POINT('',(0.,78.4));
#3827 = CARTESIAN_POINT('',(1.570796326795,78.4));
#3828 = ( GEOMETRIC_REPRESENTATION_CONTEXT(2) 
PARAMETRIC_REPRESENTATION_CONTEXT() REPRESENTATION_CONTEXT('2D SPACE',''
  ) );
#3829 = ORIENTED_EDGE('',*,*,#3227,.T.);
#3830 = ORIENTED_EDGE('',*,*,#2727,.T.);
#3831 = ORIENTED_EDGE('',*,*,#1867,.F.);
#3832 = ADVANCED_FACE('',(#3833),#1945,.F.);
#3833 = FACE_BOUND('',#3834,.T.);
#3834 = EDGE_LOOP('',(#3835,#3858,#3859,#3860,#3861));
#3835 = ORIENTED_EDGE('',*,*,#3836,.F.);
#3836 = EDGE_CURVE('',#3457,#3837,#3839,.T.);
#3837 = VERTEX_POINT('',#3838);
#3838 = CARTESIAN_POINT('',(50.1,19.5,16.926932219902));
#3839 = SURFACE_CURVE('',#3840,(#3844,#3851),.PCURVE_S1.);
#3840 = LINE('',#3841,#3842);
#3841 = CARTESIAN_POINT('',(50.1,19.5,16.));
#3842 = VECTOR('',#3843,1.);
#3843 = DIRECTION('',(0.,0.,1.));
#3844 = PCURVE('',#1945,#3845);
#3845 = DEFINITIONAL_REPRESENTATION('',(#3846),#3850);
#3846 = LINE('',#3847,#3848);
#3847 = CARTESIAN_POINT('',(-0.,0.));
#3848 = VECTOR('',#3849,1.);
#3849 = DIRECTION('',(-0.,1.));
#3850 = ( GEOMETRIC_REPRESENTATION_CONTEXT(2) 
PARAMETRIC_REPRESENTATION_CONTEXT() REPRESENTATION_CONTEXT('2D SPACE',''
  ) );
#3851 = PCURVE('',#3500,#3852);
#3852 = DEFINITIONAL_REPRESENTATION('',(#3853),#3857);
#3853 = LINE('',#3854,#3855);
#3854 = CARTESIAN_POINT('',(0.,-5.1));
#3855 = VECTOR('',#3856,1.);
#3856 = DIRECTION('',(1.,0.));
#3857 = ( GEOMETRIC_REPRESENTATION_CONTEXT(2) 
PARAMETRIC_REPRESENTATION_CONTEXT() REPRESENTATION_CONTEXT('2D SPACE',''
  ) );
#3858 = ORIENTED_EDGE('',*,*,#3456,.T.);
#3859 = ORIENTED_EDGE('',*,*,#3786,.T.);
#3860 = ORIENTED_EDGE('',*,*,#1928,.T.);
#3861 = ORIENTED_EDGE('',*,*,#3862,.F.);
#3862 = EDGE_CURVE('',#3837,#1901,#3863,.T.);
#3863 = SURFACE_CURVE('',#3864,(#3877,#3893),.PCURVE_S1.);
#3864 = B_SPLINE_CURVE_WITH_KNOTS('',6,(#3865,#3866,#3867,#3868,#3869,
    #3870,#3871,#3872,#3873,#3874,#3875,#3876),.UNSPECIFIED.,.F.,.F.,(7,
    5,7),(0.,0.438339196463,1.),.UNSPECIFIED.);
#3865 = CARTESIAN_POINT('',(50.1,19.5,16.926932219902));
#3866 = CARTESIAN_POINT('',(50.1,19.320222318096,16.926932219902));
#3867 = CARTESIAN_POINT('',(50.092395388055,19.140475907097,
    16.928812082115));
#3868 = CARTESIAN_POINT('',(50.077190649992,18.960987398414,
    16.932571676077));
#3869 = CARTESIAN_POINT('',(50.054370575543,18.782000459336,
    16.938022986551));
#3870 = CARTESIAN_POINT('',(50.023906022789,18.603776274091,
    16.944797479448));
#3871 = CARTESIAN_POINT('',(49.936881315676,18.199563621859,
    16.962035244991));
#3872 = CARTESIAN_POINT('',(49.875394092279,17.974259577041,
    16.972999348368));
#3873 = CARTESIAN_POINT('',(49.801177676425,17.751066453061,
    16.984118004326));
#3874 = CARTESIAN_POINT('',(49.7140240502,17.530473935509,
    16.993797156642));
#3875 = CARTESIAN_POINT('',(49.613681138383,17.313152134469,17.));
#3876 = CARTESIAN_POINT('',(49.5,17.1,17.));
#3877 = PCURVE('',#1945,#3878);
#3878 = DEFINITIONAL_REPRESENTATION('',(#3879),#3892);
#3879 = B_SPLINE_CURVE_WITH_KNOTS('',6,(#3880,#3881,#3882,#3883,#3884,
    #3885,#3886,#3887,#3888,#3889,#3890,#3891),.UNSPECIFIED.,.F.,.F.,(7,
    5,7),(0.,0.438339196463,1.),.UNSPECIFIED.);
#3880 = CARTESIAN_POINT('',(0.,0.926932219902));
#3881 = CARTESIAN_POINT('',(-3.52505258636E-02,0.926932219902));
#3882 = CARTESIAN_POINT('',(-7.049492820109E-02,0.928812082115));
#3883 = CARTESIAN_POINT('',(-0.105767572531,0.932571676077));
#3884 = CARTESIAN_POINT('',(-0.141099481549,0.938022986551));
#3885 = CARTESIAN_POINT('',(-0.17651984076,0.944797479448));
#3886 = CARTESIAN_POINT('',(-0.25759327349,0.962035244991));
#3887 = CARTESIAN_POINT('',(-0.303318460855,0.972999348368));
#3888 = CARTESIAN_POINT('',(-0.349334387132,0.984118004326));
#3889 = CARTESIAN_POINT('',(-0.395732411016,0.993797156642));
#3890 = CARTESIAN_POINT('',(-0.442590185261,1.));
#3891 = CARTESIAN_POINT('',(-0.489957326254,1.));
#3892 = ( GEOMETRIC_REPRESENTATION_CONTEXT(2) 
PARAMETRIC_REPRESENTATION_CONTEXT() REPRESENTATION_CONTEXT('2D SPACE',''
  ) );
#3893 = PCURVE('',#1916,#3894);
#3894 = DEFINITIONAL_REPRESENTATION('',(#3895),#3908);
#3895 = B_SPLINE_CURVE_WITH_KNOTS('',6,(#3896,#3897,#3898,#3899,#3900,
    #3901,#3902,#3903,#3904,#3905,#3906,#3907),.UNSPECIFIED.,.F.,.F.,(7,
    5,7),(0.,0.438339196463,1.),.UNSPECIFIED.);
#3896 = CARTESIAN_POINT('',(1.328430475756,65.9));
#3897 = CARTESIAN_POINT('',(1.328430475756,66.079777681904));
#3898 = CARTESIAN_POINT('',(1.331563636033,66.259524092903));
#3899 = CARTESIAN_POINT('',(1.337829393446,66.439012601586));
#3900 = CARTESIAN_POINT('',(1.347213242922,66.617999540664));
#3901 = CARTESIAN_POINT('',(1.359693585857,66.796223725909));
#3902 = CARTESIAN_POINT('',(1.395179786463,67.200436378141));
#3903 = CARTESIAN_POINT('',(1.42015823037,67.425740422959));
#3904 = CARTESIAN_POINT('',(1.450156725555,67.648933546939));
#3905 = CARTESIAN_POINT('',(1.485186539234,67.869526064491));
#3906 = CARTESIAN_POINT('',(1.525323871442,68.086847865531));
#3907 = CARTESIAN_POINT('',(1.570796326795,68.3));
#3908 = ( GEOMETRIC_REPRESENTATION_CONTEXT(2) 
PARAMETRIC_REPRESENTATION_CONTEXT() REPRESENTATION_CONTEXT('2D SPACE',''
  ) );
#3909 = ADVANCED_FACE('',(#3910),#1916,.T.);
#3910 = FACE_BOUND('',#3911,.T.);
#3911 = EDGE_LOOP('',(#3912,#3935,#3957,#3976,#3977,#3978));
#3912 = ORIENTED_EDGE('',*,*,#3913,.F.);
#3913 = EDGE_CURVE('',#3914,#3203,#3916,.T.);
#3914 = VERTEX_POINT('',#3915);
#3915 = CARTESIAN_POINT('',(52.,85.4,14.5));
#3916 = SURFACE_CURVE('',#3917,(#3921,#3928),.PCURVE_S1.);
#3917 = LINE('',#3918,#3919);
#3918 = CARTESIAN_POINT('',(52.,85.4,14.5));
#3919 = VECTOR('',#3920,1.);
#3920 = DIRECTION('',(-0.,-1.,-0.));
#3921 = PCURVE('',#1916,#3922);
#3922 = DEFINITIONAL_REPRESENTATION('',(#3923),#3927);
#3923 = LINE('',#3924,#3925);
#3924 = CARTESIAN_POINT('',(0.,0.));
#3925 = VECTOR('',#3926,1.);
#3926 = DIRECTION('',(0.,1.));
#3927 = ( GEOMETRIC_REPRESENTATION_CONTEXT(2) 
PARAMETRIC_REPRESENTATION_CONTEXT() REPRESENTATION_CONTEXT('2D SPACE',''
  ) );
#3928 = PCURVE('',#2999,#3929);
#3929 = DEFINITIONAL_REPRESENTATION('',(#3930),#3934);
#3930 = LINE('',#3931,#3932);
#3931 = CARTESIAN_POINT('',(3.5,-85.4));
#3932 = VECTOR('',#3933,1.);
#3933 = DIRECTION('',(-0.,1.));
#3934 = ( GEOMETRIC_REPRESENTATION_CONTEXT(2) 
PARAMETRIC_REPRESENTATION_CONTEXT() REPRESENTATION_CONTEXT('2D SPACE',''
  ) );
#3935 = ORIENTED_EDGE('',*,*,#3936,.T.);
#3936 = EDGE_CURVE('',#3914,#3937,#3939,.T.);
#3937 = VERTEX_POINT('',#3938);
#3938 = CARTESIAN_POINT('',(50.1,85.4,16.926932219902));
#3939 = SURFACE_CURVE('',#3940,(#3945,#3951),.PCURVE_S1.);
#3940 = CIRCLE('',#3941,2.5);
#3941 = AXIS2_PLACEMENT_3D('',#3942,#3943,#3944);
#3942 = CARTESIAN_POINT('',(49.5,85.4,14.5));
#3943 = DIRECTION('',(6.123233995737E-17,-1.,0.));
#3944 = DIRECTION('',(1.,6.123233995737E-17,0.));
#3945 = PCURVE('',#1916,#3946);
#3946 = DEFINITIONAL_REPRESENTATION('',(#3947),#3950);
#3947 = B_SPLINE_CURVE_WITH_KNOTS('',1,(#3948,#3949),.UNSPECIFIED.,.F.,
  .F.,(2,2),(0.,1.570796326795),.PIECEWISE_BEZIER_KNOTS.);
#3948 = CARTESIAN_POINT('',(0.,0.));
#3949 = CARTESIAN_POINT('',(1.570796326795,0.));
#3950 = ( GEOMETRIC_REPRESENTATION_CONTEXT(2) 
PARAMETRIC_REPRESENTATION_CONTEXT() REPRESENTATION_CONTEXT('2D SPACE',''
  ) );
#3951 = PCURVE('',#3350,#3952);
#3952 = DEFINITIONAL_REPRESENTATION('',(#3953),#3956);
#3953 = B_SPLINE_CURVE_WITH_KNOTS('',1,(#3954,#3955),.UNSPECIFIED.,.F.,
  .F.,(2,2),(0.,1.570796326795),.PIECEWISE_BEZIER_KNOTS.);
#3954 = CARTESIAN_POINT('',(-1.570796326795,0.));
#3955 = CARTESIAN_POINT('',(-1.570796326795,1.570796326795));
#3956 = ( GEOMETRIC_REPRESENTATION_CONTEXT(2) 
PARAMETRIC_REPRESENTATION_CONTEXT() REPRESENTATION_CONTEXT('2D SPACE',''
  ) );
#3957 = ORIENTED_EDGE('',*,*,#3958,.T.);
#3958 = EDGE_CURVE('',#3937,#3837,#3959,.T.);
#3959 = SURFACE_CURVE('',#3960,(#3964,#3970),.PCURVE_S1.);
#3960 = LINE('',#3961,#3962);
#3961 = CARTESIAN_POINT('',(50.1,85.4,16.926932219902));
#3962 = VECTOR('',#3963,1.);
#3963 = DIRECTION('',(-0.,-1.,-0.));
#3964 = PCURVE('',#1916,#3965);
#3965 = DEFINITIONAL_REPRESENTATION('',(#3966),#3969);
#3966 = B_SPLINE_CURVE_WITH_KNOTS('',1,(#3967,#3968),.UNSPECIFIED.,.F.,
  .F.,(2,2),(-6.000000070117E-07,72.49),.PIECEWISE_BEZIER_KNOTS.);
#3967 = CARTESIAN_POINT('',(1.328430475756,-6.000000070117E-07));
#3968 = CARTESIAN_POINT('',(1.328430475756,72.49));
#3969 = ( GEOMETRIC_REPRESENTATION_CONTEXT(2) 
PARAMETRIC_REPRESENTATION_CONTEXT() REPRESENTATION_CONTEXT('2D SPACE',''
  ) );
#3970 = PCURVE('',#3500,#3971);
#3971 = DEFINITIONAL_REPRESENTATION('',(#3972),#3975);
#3972 = B_SPLINE_CURVE_WITH_KNOTS('',1,(#3973,#3974),.UNSPECIFIED.,.F.,
  .F.,(2,2),(-6.000000070117E-07,72.49),.PIECEWISE_BEZIER_KNOTS.);
#3973 = CARTESIAN_POINT('',(0.926932219902,-71.0000006));
#3974 = CARTESIAN_POINT('',(0.926932219902,1.49));
#3975 = ( GEOMETRIC_REPRESENTATION_CONTEXT(2) 
PARAMETRIC_REPRESENTATION_CONTEXT() REPRESENTATION_CONTEXT('2D SPACE',''
  ) );
#3976 = ORIENTED_EDGE('',*,*,#3862,.T.);
#3977 = ORIENTED_EDGE('',*,*,#1900,.T.);
#3978 = ORIENTED_EDGE('',*,*,#3810,.F.);
#3979 = ADVANCED_FACE('',(#3980),#2000,.F.);
#3980 = FACE_BOUND('',#3981,.T.);
#3981 = EDGE_LOOP('',(#3982,#4015,#4036,#4037));
#3982 = ORIENTED_EDGE('',*,*,#3983,.T.);
#3983 = EDGE_CURVE('',#3984,#3984,#3986,.T.);
#3984 = VERTEX_POINT('',#3985);
#3985 = CARTESIAN_POINT('',(18.51,8.7,15.5));
#3986 = SURFACE_CURVE('',#3987,(#3992,#3999),.PCURVE_S1.);
#3987 = CIRCLE('',#3988,4.75);
#3988 = AXIS2_PLACEMENT_3D('',#3989,#3990,#3991);
#3989 = CARTESIAN_POINT('',(13.76,8.7,15.5));
#3990 = DIRECTION('',(0.,0.,-1.));
#3991 = DIRECTION('',(1.,0.,0.));
#3992 = PCURVE('',#2000,#3993);
#3993 = DEFINITIONAL_REPRESENTATION('',(#3994),#3998);
#3994 = LINE('',#3995,#3996);
#3995 = CARTESIAN_POINT('',(-6.28318530718,-1.));
#3996 = VECTOR('',#3997,1.);
#3997 = DIRECTION('',(1.,-0.));
#3998 = ( GEOMETRIC_REPRESENTATION_CONTEXT(2) 
PARAMETRIC_REPRESENTATION_CONTEXT() REPRESENTATION_CONTEXT('2D SPACE',''
  ) );
#3999 = PCURVE('',#4000,#4005);
#4000 = PLANE('',#4001);
#4001 = AXIS2_PLACEMENT_3D('',#4002,#4003,#4004);
#4002 = CARTESIAN_POINT('',(0.,0.,15.5));
#4003 = DIRECTION('',(0.,0.,1.));
#4004 = DIRECTION('',(1.,0.,0.));
#4005 = DEFINITIONAL_REPRESENTATION('',(#4006),#4014);
#4006 = ( BOUNDED_CURVE() B_SPLINE_CURVE(2,(#4007,#4008,#4009,#4010,
#4011,#4012,#4013),.UNSPECIFIED.,.T.,.F.) B_SPLINE_CURVE_WITH_KNOTS((1,2
    ,2,2,2,1),(-2.094395102393,0.,2.094395102393,4.188790204786,
6.28318530718,8.377580409573),.UNSPECIFIED.) CURVE() 
GEOMETRIC_REPRESENTATION_ITEM() RATIONAL_B_SPLINE_CURVE((1.,0.5,1.,0.5,
1.,0.5,1.)) REPRESENTATION_ITEM('') );
#4007 = CARTESIAN_POINT('',(18.51,8.7));
#4008 = CARTESIAN_POINT('',(18.51,0.472758664048));
#4009 = CARTESIAN_POINT('',(11.385,4.586379332024));
#4010 = CARTESIAN_POINT('',(4.26,8.7));
#4011 = CARTESIAN_POINT('',(11.385,12.813620667976));
#4012 = CARTESIAN_POINT('',(18.51,16.927241335952));
#4013 = CARTESIAN_POINT('',(18.51,8.7));
#4014 = ( GEOMETRIC_REPRESENTATION_CONTEXT(2) 
PARAMETRIC_REPRESENTATION_CONTEXT() REPRESENTATION_CONTEXT('2D SPACE',''
  ) );
#4015 = ORIENTED_EDGE('',*,*,#4016,.T.);
#4016 = EDGE_CURVE('',#3984,#1980,#4017,.T.);
#4017 = SEAM_CURVE('',#4018,(#4022,#4029),.PCURVE_S1.);
#4018 = LINE('',#4019,#4020);
#4019 = CARTESIAN_POINT('',(18.51,8.7,14.5));
#4020 = VECTOR('',#4021,1.);
#4021 = DIRECTION('',(0.,0.,1.));
#4022 = PCURVE('',#2000,#4023);
#4023 = DEFINITIONAL_REPRESENTATION('',(#4024),#4028);
#4024 = LINE('',#4025,#4026);
#4025 = CARTESIAN_POINT('',(-6.28318530718,0.));
#4026 = VECTOR('',#4027,1.);
#4027 = DIRECTION('',(-0.,-1.));
#4028 = ( GEOMETRIC_REPRESENTATION_CONTEXT(2) 
PARAMETRIC_REPRESENTATION_CONTEXT() REPRESENTATION_CONTEXT('2D SPACE',''
  ) );
#4029 = PCURVE('',#2000,#4030);
#4030 = DEFINITIONAL_REPRESENTATION('',(#4031),#4035);
#4031 = LINE('',#4032,#4033);
#4032 = CARTESIAN_POINT('',(-0.,0.));
#4033 = VECTOR('',#4034,1.);
#4034 = DIRECTION('',(-0.,-1.));
#4035 = ( GEOMETRIC_REPRESENTATION_CONTEXT(2) 
PARAMETRIC_REPRESENTATION_CONTEXT() REPRESENTATION_CONTEXT('2D SPACE',''
  ) );
#4036 = ORIENTED_EDGE('',*,*,#1979,.F.);
#4037 = ORIENTED_EDGE('',*,*,#4016,.F.);
#4038 = ADVANCED_FACE('',(#4039),#2035,.F.);
#4039 = FACE_BOUND('',#4040,.T.);
#4040 = EDGE_LOOP('',(#4041,#4069,#4090,#4091));
#4041 = ORIENTED_EDGE('',*,*,#4042,.T.);
#4042 = EDGE_CURVE('',#4043,#4043,#4045,.T.);
#4043 = VERTEX_POINT('',#4044);
#4044 = CARTESIAN_POINT('',(30.75,8.7,15.5));
#4045 = SURFACE_CURVE('',#4046,(#4051,#4058),.PCURVE_S1.);
#4046 = CIRCLE('',#4047,4.75);
#4047 = AXIS2_PLACEMENT_3D('',#4048,#4049,#4050);
#4048 = CARTESIAN_POINT('',(26.,8.7,15.5));
#4049 = DIRECTION('',(0.,0.,-1.));
#4050 = DIRECTION('',(1.,0.,0.));
#4051 = PCURVE('',#2035,#4052);
#4052 = DEFINITIONAL_REPRESENTATION('',(#4053),#4057);
#4053 = LINE('',#4054,#4055);
#4054 = CARTESIAN_POINT('',(-6.28318530718,-1.));
#4055 = VECTOR('',#4056,1.);
#4056 = DIRECTION('',(1.,-0.));
#4057 = ( GEOMETRIC_REPRESENTATION_CONTEXT(2) 
PARAMETRIC_REPRESENTATION_CONTEXT() REPRESENTATION_CONTEXT('2D SPACE',''
  ) );
#4058 = PCURVE('',#4000,#4059);
#4059 = DEFINITIONAL_REPRESENTATION('',(#4060),#4068);
#4060 = ( BOUNDED_CURVE() B_SPLINE_CURVE(2,(#4061,#4062,#4063,#4064,
#4065,#4066,#4067),.UNSPECIFIED.,.T.,.F.) B_SPLINE_CURVE_WITH_KNOTS((1,2
    ,2,2,2,1),(-2.094395102393,0.,2.094395102393,4.188790204786,
6.28318530718,8.377580409573),.UNSPECIFIED.) CURVE() 
GEOMETRIC_REPRESENTATION_ITEM() RATIONAL_B_SPLINE_CURVE((1.,0.5,1.,0.5,
1.,0.5,1.)) REPRESENTATION_ITEM('') );
#4061 = CARTESIAN_POINT('',(30.75,8.7));
#4062 = CARTESIAN_POINT('',(30.75,0.472758664048));
#4063 = CARTESIAN_POINT('',(23.625,4.586379332024));
#4064 = CARTESIAN_POINT('',(16.5,8.7));
#4065 = CARTESIAN_POINT('',(23.625,12.813620667976));
#4066 = CARTESIAN_POINT('',(30.75,16.927241335952));
#4067 = CARTESIAN_POINT('',(30.75,8.7));
#4068 = ( GEOMETRIC_REPRESENTATION_CONTEXT(2) 
PARAMETRIC_REPRESENTATION_CONTEXT() REPRESENTATION_CONTEXT('2D SPACE',''
  ) );
#4069 = ORIENTED_EDGE('',*,*,#4070,.T.);
#4070 = EDGE_CURVE('',#4043,#2015,#4071,.T.);
#4071 = SEAM_CURVE('',#4072,(#4076,#4083),.PCURVE_S1.);
#4072 = LINE('',#4073,#4074);
#4073 = CARTESIAN_POINT('',(30.75,8.7,14.5));
#4074 = VECTOR('',#4075,1.);
#4075 = DIRECTION('',(0.,0.,1.));
#4076 = PCURVE('',#2035,#4077);
#4077 = DEFINITIONAL_REPRESENTATION('',(#4078),#4082);
#4078 = LINE('',#4079,#4080);
#4079 = CARTESIAN_POINT('',(-6.28318530718,0.));
#4080 = VECTOR('',#4081,1.);
#4081 = DIRECTION('',(-0.,-1.));
#4082 = ( GEOMETRIC_REPRESENTATION_CONTEXT(2) 
PARAMETRIC_REPRESENTATION_CONTEXT() REPRESENTATION_CONTEXT('2D SPACE',''
  ) );
#4083 = PCURVE('',#2035,#4084);
#4084 = DEFINITIONAL_REPRESENTATION('',(#4085),#4089);
#4085 = LINE('',#4086,#4087);
#4086 = CARTESIAN_POINT('',(-0.,0.));
#4087 = VECTOR('',#4088,1.);
#4088 = DIRECTION('',(-0.,-1.));
#4089 = ( GEOMETRIC_REPRESENTATION_CONTEXT(2) 
PARAMETRIC_REPRESENTATION_CONTEXT() REPRESENTATION_CONTEXT('2D SPACE',''
  ) );
#4090 = ORIENTED_EDGE('',*,*,#2014,.F.);
#4091 = ORIENTED_EDGE('',*,*,#4070,.F.);
#4092 = ADVANCED_FACE('',(#4093),#2070,.F.);
#4093 = FACE_BOUND('',#4094,.T.);
#4094 = EDGE_LOOP('',(#4095,#4123,#4144,#4145));
#4095 = ORIENTED_EDGE('',*,*,#4096,.T.);
#4096 = EDGE_CURVE('',#4097,#4097,#4099,.T.);
#4097 = VERTEX_POINT('',#4098);
#4098 = CARTESIAN_POINT('',(42.99,8.7,15.5));
#4099 = SURFACE_CURVE('',#4100,(#4105,#4112),.PCURVE_S1.);
#4100 = CIRCLE('',#4101,4.75);
#4101 = AXIS2_PLACEMENT_3D('',#4102,#4103,#4104);
#4102 = CARTESIAN_POINT('',(38.24,8.7,15.5));
#4103 = DIRECTION('',(0.,0.,-1.));
#4104 = DIRECTION('',(1.,0.,0.));
#4105 = PCURVE('',#2070,#4106);
#4106 = DEFINITIONAL_REPRESENTATION('',(#4107),#4111);
#4107 = LINE('',#4108,#4109);
#4108 = CARTESIAN_POINT('',(-6.28318530718,-1.));
#4109 = VECTOR('',#4110,1.);
#4110 = DIRECTION('',(1.,-0.));
#4111 = ( GEOMETRIC_REPRESENTATION_CONTEXT(2) 
PARAMETRIC_REPRESENTATION_CONTEXT() REPRESENTATION_CONTEXT('2D SPACE',''
  ) );
#4112 = PCURVE('',#4000,#4113);
#4113 = DEFINITIONAL_REPRESENTATION('',(#4114),#4122);
#4114 = ( BOUNDED_CURVE() B_SPLINE_CURVE(2,(#4115,#4116,#4117,#4118,
#4119,#4120,#4121),.UNSPECIFIED.,.T.,.F.) B_SPLINE_CURVE_WITH_KNOTS((1,2
    ,2,2,2,1),(-2.094395102393,0.,2.094395102393,4.188790204786,
6.28318530718,8.377580409573),.UNSPECIFIED.) CURVE() 
GEOMETRIC_REPRESENTATION_ITEM() RATIONAL_B_SPLINE_CURVE((1.,0.5,1.,0.5,
1.,0.5,1.)) REPRESENTATION_ITEM('') );
#4115 = CARTESIAN_POINT('',(42.99,8.7));
#4116 = CARTESIAN_POINT('',(42.99,0.472758664048));
#4117 = CARTESIAN_POINT('',(35.865,4.586379332024));
#4118 = CARTESIAN_POINT('',(28.74,8.7));
#4119 = CARTESIAN_POINT('',(35.865,12.813620667976));
#4120 = CARTESIAN_POINT('',(42.99,16.927241335952));
#4121 = CARTESIAN_POINT('',(42.99,8.7));
#4122 = ( GEOMETRIC_REPRESENTATION_CONTEXT(2) 
PARAMETRIC_REPRESENTATION_CONTEXT() REPRESENTATION_CONTEXT('2D SPACE',''
  ) );
#4123 = ORIENTED_EDGE('',*,*,#4124,.T.);
#4124 = EDGE_CURVE('',#4097,#2050,#4125,.T.);
#4125 = SEAM_CURVE('',#4126,(#4130,#4137),.PCURVE_S1.);
#4126 = LINE('',#4127,#4128);
#4127 = CARTESIAN_POINT('',(42.99,8.7,14.5));
#4128 = VECTOR('',#4129,1.);
#4129 = DIRECTION('',(0.,0.,1.));
#4130 = PCURVE('',#2070,#4131);
#4131 = DEFINITIONAL_REPRESENTATION('',(#4132),#4136);
#4132 = LINE('',#4133,#4134);
#4133 = CARTESIAN_POINT('',(-6.28318530718,0.));
#4134 = VECTOR('',#4135,1.);
#4135 = DIRECTION('',(-0.,-1.));
#4136 = ( GEOMETRIC_REPRESENTATION_CONTEXT(2) 
PARAMETRIC_REPRESENTATION_CONTEXT() REPRESENTATION_CONTEXT('2D SPACE',''
  ) );
#4137 = PCURVE('',#2070,#4138);
#4138 = DEFINITIONAL_REPRESENTATION('',(#4139),#4143);
#4139 = LINE('',#4140,#4141);
#4140 = CARTESIAN_POINT('',(-0.,0.));
#4141 = VECTOR('',#4142,1.);
#4142 = DIRECTION('',(-0.,-1.));
#4143 = ( GEOMETRIC_REPRESENTATION_CONTEXT(2) 
PARAMETRIC_REPRESENTATION_CONTEXT() REPRESENTATION_CONTEXT('2D SPACE',''
  ) );
#4144 = ORIENTED_EDGE('',*,*,#2049,.F.);
#4145 = ORIENTED_EDGE('',*,*,#4124,.F.);
#4146 = ADVANCED_FACE('',(#4147),#2150,.F.);
#4147 = FACE_BOUND('',#4148,.F.);
#4148 = EDGE_LOOP('',(#4149,#4150,#4171,#4192));
#4149 = ORIENTED_EDGE('',*,*,#2132,.F.);
#4150 = ORIENTED_EDGE('',*,*,#4151,.T.);
#4151 = EDGE_CURVE('',#2133,#4152,#4154,.T.);
#4152 = VERTEX_POINT('',#4153);
#4153 = CARTESIAN_POINT('',(34.,88.9,15.3));
#4154 = SURFACE_CURVE('',#4155,(#4159,#4165),.PCURVE_S1.);
#4155 = LINE('',#4156,#4157);
#4156 = CARTESIAN_POINT('',(10.75,88.9,15.3));
#4157 = VECTOR('',#4158,1.);
#4158 = DIRECTION('',(1.,0.,0.));
#4159 = PCURVE('',#2150,#4160);
#4160 = DEFINITIONAL_REPRESENTATION('',(#4161),#4164);
#4161 = B_SPLINE_CURVE_WITH_KNOTS('',1,(#4162,#4163),.UNSPECIFIED.,.F.,
  .F.,(2,2),(7.25,23.25),.PIECEWISE_BEZIER_KNOTS.);
#4162 = CARTESIAN_POINT('',(0.,2.));
#4163 = CARTESIAN_POINT('',(16.,2.));
#4164 = ( GEOMETRIC_REPRESENTATION_CONTEXT(2) 
PARAMETRIC_REPRESENTATION_CONTEXT() REPRESENTATION_CONTEXT('2D SPACE',''
  ) );
#4165 = PCURVE('',#2177,#4166);
#4166 = DEFINITIONAL_REPRESENTATION('',(#4167),#4170);
#4167 = B_SPLINE_CURVE_WITH_KNOTS('',1,(#4168,#4169),.UNSPECIFIED.,.F.,
  .F.,(2,2),(7.25,23.25),.PIECEWISE_BEZIER_KNOTS.);
#4168 = CARTESIAN_POINT('',(4.8,14.5));
#4169 = CARTESIAN_POINT('',(4.8,30.5));
#4170 = ( GEOMETRIC_REPRESENTATION_CONTEXT(2) 
PARAMETRIC_REPRESENTATION_CONTEXT() REPRESENTATION_CONTEXT('2D SPACE',''
  ) );
#4171 = ORIENTED_EDGE('',*,*,#4172,.T.);
#4172 = EDGE_CURVE('',#4152,#3385,#4173,.T.);
#4173 = SURFACE_CURVE('',#4174,(#4178,#4185),.PCURVE_S1.);
#4174 = LINE('',#4175,#4176);
#4175 = CARTESIAN_POINT('',(34.,86.9,15.3));
#4176 = VECTOR('',#4177,1.);
#4177 = DIRECTION('',(0.,1.,0.));
#4178 = PCURVE('',#2150,#4179);
#4179 = DEFINITIONAL_REPRESENTATION('',(#4180),#4184);
#4180 = LINE('',#4181,#4182);
#4181 = CARTESIAN_POINT('',(16.,0.));
#4182 = VECTOR('',#4183,1.);
#4183 = DIRECTION('',(0.,1.));
#4184 = ( GEOMETRIC_REPRESENTATION_CONTEXT(2) 
PARAMETRIC_REPRESENTATION_CONTEXT() REPRESENTATION_CONTEXT('2D SPACE',''
  ) );
#4185 = PCURVE('',#3081,#4186);
#4186 = DEFINITIONAL_REPRESENTATION('',(#4187),#4191);
#4187 = LINE('',#4188,#4189);
#4188 = CARTESIAN_POINT('',(4.8,0.));
#4189 = VECTOR('',#4190,1.);
#4190 = DIRECTION('',(0.,-1.));
#4191 = ( GEOMETRIC_REPRESENTATION_CONTEXT(2) 
PARAMETRIC_REPRESENTATION_CONTEXT() REPRESENTATION_CONTEXT('2D SPACE',''
  ) );
#4192 = ORIENTED_EDGE('',*,*,#3408,.F.);
#4193 = ADVANCED_FACE('',(#4194),#2203,.F.);
#4194 = FACE_BOUND('',#4195,.F.);
#4195 = EDGE_LOOP('',(#4196,#4217,#4218,#4245,#4274,#4301,#4330,#4350,
    #4351,#4370,#4371,#4393,#4422,#4449,#4478,#4500,#4521,#4542,#4566,
    #4587,#4611,#4637,#4663,#4692,#4718,#4747,#4773,#4799,#4823,#4844));
#4196 = ORIENTED_EDGE('',*,*,#4197,.F.);
#4197 = EDGE_CURVE('',#2163,#4198,#4200,.T.);
#4198 = VERTEX_POINT('',#4199);
#4199 = CARTESIAN_POINT('',(7.,88.9,11.));
#4200 = SURFACE_CURVE('',#4201,(#4205,#4211),.PCURVE_S1.);
#4201 = LINE('',#4202,#4203);
#4202 = CARTESIAN_POINT('',(1.75,88.9,11.));
#4203 = VECTOR('',#4204,1.);
#4204 = DIRECTION('',(-1.,0.,0.));
#4205 = PCURVE('',#2203,#4206);
#4206 = DEFINITIONAL_REPRESENTATION('',(#4207),#4210);
#4207 = B_SPLINE_CURVE_WITH_KNOTS('',1,(#4208,#4209),.UNSPECIFIED.,.F.,
  .F.,(2,2),(-43.25,-5.25),.PIECEWISE_BEZIER_KNOTS.);
#4208 = CARTESIAN_POINT('',(45.,88.9));
#4209 = CARTESIAN_POINT('',(7.,88.9));
#4210 = ( GEOMETRIC_REPRESENTATION_CONTEXT(2) 
PARAMETRIC_REPRESENTATION_CONTEXT() REPRESENTATION_CONTEXT('2D SPACE',''
  ) );
#4211 = PCURVE('',#2177,#4212);
#4212 = DEFINITIONAL_REPRESENTATION('',(#4213),#4216);
#4213 = B_SPLINE_CURVE_WITH_KNOTS('',1,(#4214,#4215),.UNSPECIFIED.,.F.,
  .F.,(2,2),(-43.25,-5.25),.PIECEWISE_BEZIER_KNOTS.);
#4214 = CARTESIAN_POINT('',(0.5,41.5));
#4215 = CARTESIAN_POINT('',(0.5,3.5));
#4216 = ( GEOMETRIC_REPRESENTATION_CONTEXT(2) 
PARAMETRIC_REPRESENTATION_CONTEXT() REPRESENTATION_CONTEXT('2D SPACE',''
  ) );
#4217 = ORIENTED_EDGE('',*,*,#2188,.T.);
#4218 = ORIENTED_EDGE('',*,*,#4219,.T.);
#4219 = EDGE_CURVE('',#2189,#4220,#4222,.T.);
#4220 = VERTEX_POINT('',#4221);
#4221 = CARTESIAN_POINT('',(7.,90.7,11.));
#4222 = SURFACE_CURVE('',#4223,(#4227,#4234),.PCURVE_S1.);
#4223 = LINE('',#4224,#4225);
#4224 = CARTESIAN_POINT('',(1.3,90.7,11.));
#4225 = VECTOR('',#4226,1.);
#4226 = DIRECTION('',(-1.,0.,0.));
#4227 = PCURVE('',#2203,#4228);
#4228 = DEFINITIONAL_REPRESENTATION('',(#4229),#4233);
#4229 = LINE('',#4230,#4231);
#4230 = CARTESIAN_POINT('',(1.3,90.7));
#4231 = VECTOR('',#4232,1.);
#4232 = DIRECTION('',(-1.,0.));
#4233 = ( GEOMETRIC_REPRESENTATION_CONTEXT(2) 
PARAMETRIC_REPRESENTATION_CONTEXT() REPRESENTATION_CONTEXT('2D SPACE',''
  ) );
#4234 = PCURVE('',#4235,#4240);
#4235 = PLANE('',#4236);
#4236 = AXIS2_PLACEMENT_3D('',#4237,#4238,#4239);
#4237 = CARTESIAN_POINT('',(1.7,90.7,10.));
#4238 = DIRECTION('',(0.,1.,0.));
#4239 = DIRECTION('',(0.,0.,1.));
#4240 = DEFINITIONAL_REPRESENTATION('',(#4241),#4244);
#4241 = B_SPLINE_CURVE_WITH_KNOTS('',1,(#4242,#4243),.UNSPECIFIED.,.F.,
  .F.,(2,2),(-43.7,-5.7),.PIECEWISE_BEZIER_KNOTS.);
#4242 = CARTESIAN_POINT('',(1.,43.3));
#4243 = CARTESIAN_POINT('',(1.,5.3));
#4244 = ( GEOMETRIC_REPRESENTATION_CONTEXT(2) 
PARAMETRIC_REPRESENTATION_CONTEXT() REPRESENTATION_CONTEXT('2D SPACE',''
  ) );
#4245 = ORIENTED_EDGE('',*,*,#4246,.T.);
#4246 = EDGE_CURVE('',#4220,#4247,#4249,.T.);
#4247 = VERTEX_POINT('',#4248);
#4248 = CARTESIAN_POINT('',(1.7,85.4,11.));
#4249 = SURFACE_CURVE('',#4250,(#4255,#4262),.PCURVE_S1.);
#4250 = CIRCLE('',#4251,5.3);
#4251 = AXIS2_PLACEMENT_3D('',#4252,#4253,#4254);
#4252 = CARTESIAN_POINT('',(7.,85.4,11.));
#4253 = DIRECTION('',(0.,0.,1.));
#4254 = DIRECTION('',(-1.,-0.,0.));
#4255 = PCURVE('',#2203,#4256);
#4256 = DEFINITIONAL_REPRESENTATION('',(#4257),#4261);
#4257 = CIRCLE('',#4258,5.3);
#4258 = AXIS2_PLACEMENT_2D('',#4259,#4260);
#4259 = CARTESIAN_POINT('',(7.,85.4));
#4260 = DIRECTION('',(-1.,0.));
#4261 = ( GEOMETRIC_REPRESENTATION_CONTEXT(2) 
PARAMETRIC_REPRESENTATION_CONTEXT() REPRESENTATION_CONTEXT('2D SPACE',''
  ) );
#4262 = PCURVE('',#4263,#4268);
#4263 = CYLINDRICAL_SURFACE('',#4264,5.3);
#4264 = AXIS2_PLACEMENT_3D('',#4265,#4266,#4267);
#4265 = CARTESIAN_POINT('',(7.,85.4,10.));
#4266 = DIRECTION('',(0.,0.,1.));
#4267 = DIRECTION('',(-1.,-0.,0.));
#4268 = DEFINITIONAL_REPRESENTATION('',(#4269),#4273);
#4269 = LINE('',#4270,#4271);
#4270 = CARTESIAN_POINT('',(-6.28318530718,1.));
#4271 = VECTOR('',#4272,1.);
#4272 = DIRECTION('',(1.,-0.));
#4273 = ( GEOMETRIC_REPRESENTATION_CONTEXT(2) 
PARAMETRIC_REPRESENTATION_CONTEXT() REPRESENTATION_CONTEXT('2D SPACE',''
  ) );
#4274 = ORIENTED_EDGE('',*,*,#4275,.F.);
#4275 = EDGE_CURVE('',#4276,#4247,#4278,.T.);
#4276 = VERTEX_POINT('',#4277);
#4277 = CARTESIAN_POINT('',(1.7,7.,11.));
#4278 = SURFACE_CURVE('',#4279,(#4283,#4290),.PCURVE_S1.);
#4279 = LINE('',#4280,#4281);
#4280 = CARTESIAN_POINT('',(1.7,1.3,11.));
#4281 = VECTOR('',#4282,1.);
#4282 = DIRECTION('',(0.,1.,0.));
#4283 = PCURVE('',#2203,#4284);
#4284 = DEFINITIONAL_REPRESENTATION('',(#4285),#4289);
#4285 = LINE('',#4286,#4287);
#4286 = CARTESIAN_POINT('',(1.7,1.3));
#4287 = VECTOR('',#4288,1.);
#4288 = DIRECTION('',(0.,1.));
#4289 = ( GEOMETRIC_REPRESENTATION_CONTEXT(2) 
PARAMETRIC_REPRESENTATION_CONTEXT() REPRESENTATION_CONTEXT('2D SPACE',''
  ) );
#4290 = PCURVE('',#4291,#4296);
#4291 = PLANE('',#4292);
#4292 = AXIS2_PLACEMENT_3D('',#4293,#4294,#4295);
#4293 = CARTESIAN_POINT('',(1.7,1.7,10.));
#4294 = DIRECTION('',(1.,0.,0.));
#4295 = DIRECTION('',(0.,0.,1.));
#4296 = DEFINITIONAL_REPRESENTATION('',(#4297),#4300);
#4297 = B_SPLINE_CURVE_WITH_KNOTS('',1,(#4298,#4299),.UNSPECIFIED.,.F.,
  .F.,(2,2),(5.7,84.1),.PIECEWISE_BEZIER_KNOTS.);
#4298 = CARTESIAN_POINT('',(1.,-5.3));
#4299 = CARTESIAN_POINT('',(1.,-83.7));
#4300 = ( GEOMETRIC_REPRESENTATION_CONTEXT(2) 
PARAMETRIC_REPRESENTATION_CONTEXT() REPRESENTATION_CONTEXT('2D SPACE',''
  ) );
#4301 = ORIENTED_EDGE('',*,*,#4302,.T.);
#4302 = EDGE_CURVE('',#4276,#4303,#4305,.T.);
#4303 = VERTEX_POINT('',#4304);
#4304 = CARTESIAN_POINT('',(7.,1.7,11.));
#4305 = SURFACE_CURVE('',#4306,(#4311,#4318),.PCURVE_S1.);
#4306 = CIRCLE('',#4307,5.3);
#4307 = AXIS2_PLACEMENT_3D('',#4308,#4309,#4310);
#4308 = CARTESIAN_POINT('',(7.,7.,11.));
#4309 = DIRECTION('',(0.,0.,1.));
#4310 = DIRECTION('',(-1.,-0.,0.));
#4311 = PCURVE('',#2203,#4312);
#4312 = DEFINITIONAL_REPRESENTATION('',(#4313),#4317);
#4313 = CIRCLE('',#4314,5.3);
#4314 = AXIS2_PLACEMENT_2D('',#4315,#4316);
#4315 = CARTESIAN_POINT('',(7.,7.));
#4316 = DIRECTION('',(-1.,0.));
#4317 = ( GEOMETRIC_REPRESENTATION_CONTEXT(2) 
PARAMETRIC_REPRESENTATION_CONTEXT() REPRESENTATION_CONTEXT('2D SPACE',''
  ) );
#4318 = PCURVE('',#4319,#4324);
#4319 = CYLINDRICAL_SURFACE('',#4320,5.3);
#4320 = AXIS2_PLACEMENT_3D('',#4321,#4322,#4323);
#4321 = CARTESIAN_POINT('',(7.,7.,10.));
#4322 = DIRECTION('',(0.,0.,1.));
#4323 = DIRECTION('',(-1.,-0.,0.));
#4324 = DEFINITIONAL_REPRESENTATION('',(#4325),#4329);
#4325 = LINE('',#4326,#4327);
#4326 = CARTESIAN_POINT('',(0.,1.));
#4327 = VECTOR('',#4328,1.);
#4328 = DIRECTION('',(1.,0.));
#4329 = ( GEOMETRIC_REPRESENTATION_CONTEXT(2) 
PARAMETRIC_REPRESENTATION_CONTEXT() REPRESENTATION_CONTEXT('2D SPACE',''
  ) );
#4330 = ORIENTED_EDGE('',*,*,#4331,.F.);
#4331 = EDGE_CURVE('',#2649,#4303,#4332,.T.);
#4332 = SURFACE_CURVE('',#4333,(#4337,#4344),.PCURVE_S1.);
#4333 = LINE('',#4334,#4335);
#4334 = CARTESIAN_POINT('',(1.3,1.7,11.));
#4335 = VECTOR('',#4336,1.);
#4336 = DIRECTION('',(-1.,0.,0.));
#4337 = PCURVE('',#2203,#4338);
#4338 = DEFINITIONAL_REPRESENTATION('',(#4339),#4343);
#4339 = LINE('',#4340,#4341);
#4340 = CARTESIAN_POINT('',(1.3,1.7));
#4341 = VECTOR('',#4342,1.);
#4342 = DIRECTION('',(-1.,0.));
#4343 = ( GEOMETRIC_REPRESENTATION_CONTEXT(2) 
PARAMETRIC_REPRESENTATION_CONTEXT() REPRESENTATION_CONTEXT('2D SPACE',''
  ) );
#4344 = PCURVE('',#2663,#4345);
#4345 = DEFINITIONAL_REPRESENTATION('',(#4346),#4349);
#4346 = B_SPLINE_CURVE_WITH_KNOTS('',1,(#4347,#4348),.UNSPECIFIED.,.F.,
  .F.,(2,2),(-43.7,-5.7),.PIECEWISE_BEZIER_KNOTS.);
#4347 = CARTESIAN_POINT('',(1.,43.3));
#4348 = CARTESIAN_POINT('',(1.,5.3));
#4349 = ( GEOMETRIC_REPRESENTATION_CONTEXT(2) 
PARAMETRIC_REPRESENTATION_CONTEXT() REPRESENTATION_CONTEXT('2D SPACE',''
  ) );
#4350 = ORIENTED_EDGE('',*,*,#2674,.F.);
#4351 = ORIENTED_EDGE('',*,*,#4352,.F.);
#4352 = EDGE_CURVE('',#2906,#2675,#4353,.T.);
#4353 = SURFACE_CURVE('',#4354,(#4358,#4364),.PCURVE_S1.);
#4354 = LINE('',#4355,#4356);
#4355 = CARTESIAN_POINT('',(9.8,1.9,11.));
#4356 = VECTOR('',#4357,1.);
#4357 = DIRECTION('',(-1.,0.,0.));
#4358 = PCURVE('',#2203,#4359);
#4359 = DEFINITIONAL_REPRESENTATION('',(#4360),#4363);
#4360 = B_SPLINE_CURVE_WITH_KNOTS('',1,(#4361,#4362),.UNSPECIFIED.,.F.,
  .F.,(2,2),(-20.6,-11.8),.PIECEWISE_BEZIER_KNOTS.);
#4361 = CARTESIAN_POINT('',(30.4,1.9));
#4362 = CARTESIAN_POINT('',(21.6,1.9));
#4363 = ( GEOMETRIC_REPRESENTATION_CONTEXT(2) 
PARAMETRIC_REPRESENTATION_CONTEXT() REPRESENTATION_CONTEXT('2D SPACE',''
  ) );
#4364 = PCURVE('',#2712,#4365);
#4365 = DEFINITIONAL_REPRESENTATION('',(#4366),#4369);
#4366 = B_SPLINE_CURVE_WITH_KNOTS('',1,(#4367,#4368),.UNSPECIFIED.,.F.,
  .F.,(2,2),(-20.6,-11.8),.PIECEWISE_BEZIER_KNOTS.);
#4367 = CARTESIAN_POINT('',(6.13,10.8));
#4368 = CARTESIAN_POINT('',(6.13,2.));
#4369 = ( GEOMETRIC_REPRESENTATION_CONTEXT(2) 
PARAMETRIC_REPRESENTATION_CONTEXT() REPRESENTATION_CONTEXT('2D SPACE',''
  ) );
#4370 = ORIENTED_EDGE('',*,*,#2905,.F.);
#4371 = ORIENTED_EDGE('',*,*,#4372,.F.);
#4372 = EDGE_CURVE('',#4373,#2880,#4375,.T.);
#4373 = VERTEX_POINT('',#4374);
#4374 = CARTESIAN_POINT('',(45.,1.7,11.));
#4375 = SURFACE_CURVE('',#4376,(#4380,#4387),.PCURVE_S1.);
#4376 = LINE('',#4377,#4378);
#4377 = CARTESIAN_POINT('',(1.3,1.7,11.));
#4378 = VECTOR('',#4379,1.);
#4379 = DIRECTION('',(-1.,0.,0.));
#4380 = PCURVE('',#2203,#4381);
#4381 = DEFINITIONAL_REPRESENTATION('',(#4382),#4386);
#4382 = LINE('',#4383,#4384);
#4383 = CARTESIAN_POINT('',(1.3,1.7));
#4384 = VECTOR('',#4385,1.);
#4385 = DIRECTION('',(-1.,0.));
#4386 = ( GEOMETRIC_REPRESENTATION_CONTEXT(2) 
PARAMETRIC_REPRESENTATION_CONTEXT() REPRESENTATION_CONTEXT('2D SPACE',''
  ) );
#4387 = PCURVE('',#2894,#4388);
#4388 = DEFINITIONAL_REPRESENTATION('',(#4389),#4392);
#4389 = B_SPLINE_CURVE_WITH_KNOTS('',1,(#4390,#4391),.UNSPECIFIED.,.F.,
  .F.,(2,2),(-43.7,-5.7),.PIECEWISE_BEZIER_KNOTS.);
#4390 = CARTESIAN_POINT('',(1.,43.3));
#4391 = CARTESIAN_POINT('',(1.,5.3));
#4392 = ( GEOMETRIC_REPRESENTATION_CONTEXT(2) 
PARAMETRIC_REPRESENTATION_CONTEXT() REPRESENTATION_CONTEXT('2D SPACE',''
  ) );
#4393 = ORIENTED_EDGE('',*,*,#4394,.T.);
#4394 = EDGE_CURVE('',#4373,#4395,#4397,.T.);
#4395 = VERTEX_POINT('',#4396);
#4396 = CARTESIAN_POINT('',(50.3,7.,11.));
#4397 = SURFACE_CURVE('',#4398,(#4403,#4410),.PCURVE_S1.);
#4398 = CIRCLE('',#4399,5.3);
#4399 = AXIS2_PLACEMENT_3D('',#4400,#4401,#4402);
#4400 = CARTESIAN_POINT('',(45.,7.,11.));
#4401 = DIRECTION('',(0.,0.,1.));
#4402 = DIRECTION('',(1.,0.,-0.));
#4403 = PCURVE('',#2203,#4404);
#4404 = DEFINITIONAL_REPRESENTATION('',(#4405),#4409);
#4405 = CIRCLE('',#4406,5.3);
#4406 = AXIS2_PLACEMENT_2D('',#4407,#4408);
#4407 = CARTESIAN_POINT('',(45.,7.));
#4408 = DIRECTION('',(1.,0.));
#4409 = ( GEOMETRIC_REPRESENTATION_CONTEXT(2) 
PARAMETRIC_REPRESENTATION_CONTEXT() REPRESENTATION_CONTEXT('2D SPACE',''
  ) );
#4410 = PCURVE('',#4411,#4416);
#4411 = CYLINDRICAL_SURFACE('',#4412,5.3);
#4412 = AXIS2_PLACEMENT_3D('',#4413,#4414,#4415);
#4413 = CARTESIAN_POINT('',(45.,7.,10.));
#4414 = DIRECTION('',(0.,0.,1.));
#4415 = DIRECTION('',(1.,0.,-0.));
#4416 = DEFINITIONAL_REPRESENTATION('',(#4417),#4421);
#4417 = LINE('',#4418,#4419);
#4418 = CARTESIAN_POINT('',(-6.28318530718,1.));
#4419 = VECTOR('',#4420,1.);
#4420 = DIRECTION('',(1.,-0.));
#4421 = ( GEOMETRIC_REPRESENTATION_CONTEXT(2) 
PARAMETRIC_REPRESENTATION_CONTEXT() REPRESENTATION_CONTEXT('2D SPACE',''
  ) );
#4422 = ORIENTED_EDGE('',*,*,#4423,.T.);
#4423 = EDGE_CURVE('',#4395,#4424,#4426,.T.);
#4424 = VERTEX_POINT('',#4425);
#4425 = CARTESIAN_POINT('',(50.3,85.4,11.));
#4426 = SURFACE_CURVE('',#4427,(#4431,#4438),.PCURVE_S1.);
#4427 = LINE('',#4428,#4429);
#4428 = CARTESIAN_POINT('',(50.3,1.3,11.));
#4429 = VECTOR('',#4430,1.);
#4430 = DIRECTION('',(0.,1.,0.));
#4431 = PCURVE('',#2203,#4432);
#4432 = DEFINITIONAL_REPRESENTATION('',(#4433),#4437);
#4433 = LINE('',#4434,#4435);
#4434 = CARTESIAN_POINT('',(50.3,1.3));
#4435 = VECTOR('',#4436,1.);
#4436 = DIRECTION('',(0.,1.));
#4437 = ( GEOMETRIC_REPRESENTATION_CONTEXT(2) 
PARAMETRIC_REPRESENTATION_CONTEXT() REPRESENTATION_CONTEXT('2D SPACE',''
  ) );
#4438 = PCURVE('',#4439,#4444);
#4439 = PLANE('',#4440);
#4440 = AXIS2_PLACEMENT_3D('',#4441,#4442,#4443);
#4441 = CARTESIAN_POINT('',(50.3,1.7,10.));
#4442 = DIRECTION('',(1.,0.,0.));
#4443 = DIRECTION('',(0.,0.,1.));
#4444 = DEFINITIONAL_REPRESENTATION('',(#4445),#4448);
#4445 = B_SPLINE_CURVE_WITH_KNOTS('',1,(#4446,#4447),.UNSPECIFIED.,.F.,
  .F.,(2,2),(5.7,84.1),.PIECEWISE_BEZIER_KNOTS.);
#4446 = CARTESIAN_POINT('',(1.,-5.3));
#4447 = CARTESIAN_POINT('',(1.,-83.7));
#4448 = ( GEOMETRIC_REPRESENTATION_CONTEXT(2) 
PARAMETRIC_REPRESENTATION_CONTEXT() REPRESENTATION_CONTEXT('2D SPACE',''
  ) );
#4449 = ORIENTED_EDGE('',*,*,#4450,.T.);
#4450 = EDGE_CURVE('',#4424,#4451,#4453,.T.);
#4451 = VERTEX_POINT('',#4452);
#4452 = CARTESIAN_POINT('',(45.,90.7,11.));
#4453 = SURFACE_CURVE('',#4454,(#4459,#4466),.PCURVE_S1.);
#4454 = CIRCLE('',#4455,5.3);
#4455 = AXIS2_PLACEMENT_3D('',#4456,#4457,#4458);
#4456 = CARTESIAN_POINT('',(45.,85.4,11.));
#4457 = DIRECTION('',(0.,0.,1.));
#4458 = DIRECTION('',(1.,0.,-0.));
#4459 = PCURVE('',#2203,#4460);
#4460 = DEFINITIONAL_REPRESENTATION('',(#4461),#4465);
#4461 = CIRCLE('',#4462,5.3);
#4462 = AXIS2_PLACEMENT_2D('',#4463,#4464);
#4463 = CARTESIAN_POINT('',(45.,85.4));
#4464 = DIRECTION('',(1.,0.));
#4465 = ( GEOMETRIC_REPRESENTATION_CONTEXT(2) 
PARAMETRIC_REPRESENTATION_CONTEXT() REPRESENTATION_CONTEXT('2D SPACE',''
  ) );
#4466 = PCURVE('',#4467,#4472);
#4467 = CYLINDRICAL_SURFACE('',#4468,5.3);
#4468 = AXIS2_PLACEMENT_3D('',#4469,#4470,#4471);
#4469 = CARTESIAN_POINT('',(45.,85.4,10.));
#4470 = DIRECTION('',(0.,0.,1.));
#4471 = DIRECTION('',(1.,0.,-0.));
#4472 = DEFINITIONAL_REPRESENTATION('',(#4473),#4477);
#4473 = LINE('',#4474,#4475);
#4474 = CARTESIAN_POINT('',(0.,1.));
#4475 = VECTOR('',#4476,1.);
#4476 = DIRECTION('',(1.,0.));
#4477 = ( GEOMETRIC_REPRESENTATION_CONTEXT(2) 
PARAMETRIC_REPRESENTATION_CONTEXT() REPRESENTATION_CONTEXT('2D SPACE',''
  ) );
#4478 = ORIENTED_EDGE('',*,*,#4479,.T.);
#4479 = EDGE_CURVE('',#4451,#4480,#4482,.T.);
#4480 = VERTEX_POINT('',#4481);
#4481 = CARTESIAN_POINT('',(34.,90.7,11.));
#4482 = SURFACE_CURVE('',#4483,(#4487,#4494),.PCURVE_S1.);
#4483 = LINE('',#4484,#4485);
#4484 = CARTESIAN_POINT('',(1.3,90.7,11.));
#4485 = VECTOR('',#4486,1.);
#4486 = DIRECTION('',(-1.,0.,0.));
#4487 = PCURVE('',#2203,#4488);
#4488 = DEFINITIONAL_REPRESENTATION('',(#4489),#4493);
#4489 = LINE('',#4490,#4491);
#4490 = CARTESIAN_POINT('',(1.3,90.7));
#4491 = VECTOR('',#4492,1.);
#4492 = DIRECTION('',(-1.,0.));
#4493 = ( GEOMETRIC_REPRESENTATION_CONTEXT(2) 
PARAMETRIC_REPRESENTATION_CONTEXT() REPRESENTATION_CONTEXT('2D SPACE',''
  ) );
#4494 = PCURVE('',#4235,#4495);
#4495 = DEFINITIONAL_REPRESENTATION('',(#4496),#4499);
#4496 = B_SPLINE_CURVE_WITH_KNOTS('',1,(#4497,#4498),.UNSPECIFIED.,.F.,
  .F.,(2,2),(-43.7,-5.7),.PIECEWISE_BEZIER_KNOTS.);
#4497 = CARTESIAN_POINT('',(1.,43.3));
#4498 = CARTESIAN_POINT('',(1.,5.3));
#4499 = ( GEOMETRIC_REPRESENTATION_CONTEXT(2) 
PARAMETRIC_REPRESENTATION_CONTEXT() REPRESENTATION_CONTEXT('2D SPACE',''
  ) );
#4500 = ORIENTED_EDGE('',*,*,#4501,.F.);
#4501 = EDGE_CURVE('',#4502,#4480,#4504,.T.);
#4502 = VERTEX_POINT('',#4503);
#4503 = CARTESIAN_POINT('',(34.,88.9,11.));
#4504 = SURFACE_CURVE('',#4505,(#4509,#4515),.PCURVE_S1.);
#4505 = LINE('',#4506,#4507);
#4506 = CARTESIAN_POINT('',(34.,43.45,11.));
#4507 = VECTOR('',#4508,1.);
#4508 = DIRECTION('',(0.,1.,0.));
#4509 = PCURVE('',#2203,#4510);
#4510 = DEFINITIONAL_REPRESENTATION('',(#4511),#4514);
#4511 = B_SPLINE_CURVE_WITH_KNOTS('',1,(#4512,#4513),.UNSPECIFIED.,.F.,
  .F.,(2,2),(43.45,48.95),.PIECEWISE_BEZIER_KNOTS.);
#4512 = CARTESIAN_POINT('',(34.,86.9));
#4513 = CARTESIAN_POINT('',(34.,92.4));
#4514 = ( GEOMETRIC_REPRESENTATION_CONTEXT(2) 
PARAMETRIC_REPRESENTATION_CONTEXT() REPRESENTATION_CONTEXT('2D SPACE',''
  ) );
#4515 = PCURVE('',#3081,#4516);
#4516 = DEFINITIONAL_REPRESENTATION('',(#4517),#4520);
#4517 = B_SPLINE_CURVE_WITH_KNOTS('',1,(#4518,#4519),.UNSPECIFIED.,.F.,
  .F.,(2,2),(43.45,48.95),.PIECEWISE_BEZIER_KNOTS.);
#4518 = CARTESIAN_POINT('',(0.5,0.));
#4519 = CARTESIAN_POINT('',(0.5,-5.5));
#4520 = ( GEOMETRIC_REPRESENTATION_CONTEXT(2) 
PARAMETRIC_REPRESENTATION_CONTEXT() REPRESENTATION_CONTEXT('2D SPACE',''
  ) );
#4521 = ORIENTED_EDGE('',*,*,#4522,.F.);
#4522 = EDGE_CURVE('',#4523,#4502,#4525,.T.);
#4523 = VERTEX_POINT('',#4524);
#4524 = CARTESIAN_POINT('',(45.,88.9,11.));
#4525 = SURFACE_CURVE('',#4526,(#4530,#4536),.PCURVE_S1.);
#4526 = LINE('',#4527,#4528);
#4527 = CARTESIAN_POINT('',(1.75,88.9,11.));
#4528 = VECTOR('',#4529,1.);
#4529 = DIRECTION('',(-1.,0.,0.));
#4530 = PCURVE('',#2203,#4531);
#4531 = DEFINITIONAL_REPRESENTATION('',(#4532),#4535);
#4532 = B_SPLINE_CURVE_WITH_KNOTS('',1,(#4533,#4534),.UNSPECIFIED.,.F.,
  .F.,(2,2),(-43.25,-5.25),.PIECEWISE_BEZIER_KNOTS.);
#4533 = CARTESIAN_POINT('',(45.,88.9));
#4534 = CARTESIAN_POINT('',(7.,88.9));
#4535 = ( GEOMETRIC_REPRESENTATION_CONTEXT(2) 
PARAMETRIC_REPRESENTATION_CONTEXT() REPRESENTATION_CONTEXT('2D SPACE',''
  ) );
#4536 = PCURVE('',#2177,#4537);
#4537 = DEFINITIONAL_REPRESENTATION('',(#4538),#4541);
#4538 = B_SPLINE_CURVE_WITH_KNOTS('',1,(#4539,#4540),.UNSPECIFIED.,.F.,
  .F.,(2,2),(-43.25,-5.25),.PIECEWISE_BEZIER_KNOTS.);
#4539 = CARTESIAN_POINT('',(0.5,41.5));
#4540 = CARTESIAN_POINT('',(0.5,3.5));
#4541 = ( GEOMETRIC_REPRESENTATION_CONTEXT(2) 
PARAMETRIC_REPRESENTATION_CONTEXT() REPRESENTATION_CONTEXT('2D SPACE',''
  ) );
#4542 = ORIENTED_EDGE('',*,*,#4543,.F.);
#4543 = EDGE_CURVE('',#4544,#4523,#4546,.T.);
#4544 = VERTEX_POINT('',#4545);
#4545 = CARTESIAN_POINT('',(48.5,85.4,11.));
#4546 = SURFACE_CURVE('',#4547,(#4552,#4559),.PCURVE_S1.);
#4547 = CIRCLE('',#4548,3.5);
#4548 = AXIS2_PLACEMENT_3D('',#4549,#4550,#4551);
#4549 = CARTESIAN_POINT('',(45.,85.4,11.));
#4550 = DIRECTION('',(0.,0.,1.));
#4551 = DIRECTION('',(1.,0.,-0.));
#4552 = PCURVE('',#2203,#4553);
#4553 = DEFINITIONAL_REPRESENTATION('',(#4554),#4558);
#4554 = CIRCLE('',#4555,3.5);
#4555 = AXIS2_PLACEMENT_2D('',#4556,#4557);
#4556 = CARTESIAN_POINT('',(45.,85.4));
#4557 = DIRECTION('',(1.,0.));
#4558 = ( GEOMETRIC_REPRESENTATION_CONTEXT(2) 
PARAMETRIC_REPRESENTATION_CONTEXT() REPRESENTATION_CONTEXT('2D SPACE',''
  ) );
#4559 = PCURVE('',#3689,#4560);
#4560 = DEFINITIONAL_REPRESENTATION('',(#4561),#4565);
#4561 = LINE('',#4562,#4563);
#4562 = CARTESIAN_POINT('',(0.,0.5));
#4563 = VECTOR('',#4564,1.);
#4564 = DIRECTION('',(1.,0.));
#4565 = ( GEOMETRIC_REPRESENTATION_CONTEXT(2) 
PARAMETRIC_REPRESENTATION_CONTEXT() REPRESENTATION_CONTEXT('2D SPACE',''
  ) );
#4566 = ORIENTED_EDGE('',*,*,#4567,.F.);
#4567 = EDGE_CURVE('',#4568,#4544,#4570,.T.);
#4568 = VERTEX_POINT('',#4569);
#4569 = CARTESIAN_POINT('',(48.5,19.5,11.));
#4570 = SURFACE_CURVE('',#4571,(#4575,#4581),.PCURVE_S1.);
#4571 = LINE('',#4572,#4573);
#4572 = CARTESIAN_POINT('',(48.5,8.,11.));
#4573 = VECTOR('',#4574,1.);
#4574 = DIRECTION('',(0.,1.,0.));
#4575 = PCURVE('',#2203,#4576);
#4576 = DEFINITIONAL_REPRESENTATION('',(#4577),#4580);
#4577 = B_SPLINE_CURVE_WITH_KNOTS('',1,(#4578,#4579),.UNSPECIFIED.,.F.,
  .F.,(2,2),(11.5,77.4),.PIECEWISE_BEZIER_KNOTS.);
#4578 = CARTESIAN_POINT('',(48.5,19.5));
#4579 = CARTESIAN_POINT('',(48.5,85.4));
#4580 = ( GEOMETRIC_REPRESENTATION_CONTEXT(2) 
PARAMETRIC_REPRESENTATION_CONTEXT() REPRESENTATION_CONTEXT('2D SPACE',''
  ) );
#4581 = PCURVE('',#3716,#4582);
#4582 = DEFINITIONAL_REPRESENTATION('',(#4583),#4586);
#4583 = B_SPLINE_CURVE_WITH_KNOTS('',1,(#4584,#4585),.UNSPECIFIED.,.F.,
  .F.,(2,2),(11.5,77.4),.PIECEWISE_BEZIER_KNOTS.);
#4584 = CARTESIAN_POINT('',(0.5,-3.5));
#4585 = CARTESIAN_POINT('',(0.5,-69.4));
#4586 = ( GEOMETRIC_REPRESENTATION_CONTEXT(2) 
PARAMETRIC_REPRESENTATION_CONTEXT() REPRESENTATION_CONTEXT('2D SPACE',''
  ) );
#4587 = ORIENTED_EDGE('',*,*,#4588,.F.);
#4588 = EDGE_CURVE('',#4589,#4568,#4591,.T.);
#4589 = VERTEX_POINT('',#4590);
#4590 = CARTESIAN_POINT('',(45.,16.,11.));
#4591 = SURFACE_CURVE('',#4592,(#4597,#4604),.PCURVE_S1.);
#4592 = CIRCLE('',#4593,3.5);
#4593 = AXIS2_PLACEMENT_3D('',#4594,#4595,#4596);
#4594 = CARTESIAN_POINT('',(45.,19.5,11.));
#4595 = DIRECTION('',(0.,0.,1.));
#4596 = DIRECTION('',(1.,0.,-0.));
#4597 = PCURVE('',#2203,#4598);
#4598 = DEFINITIONAL_REPRESENTATION('',(#4599),#4603);
#4599 = CIRCLE('',#4600,3.5);
#4600 = AXIS2_PLACEMENT_2D('',#4601,#4602);
#4601 = CARTESIAN_POINT('',(45.,19.5));
#4602 = DIRECTION('',(1.,0.));
#4603 = ( GEOMETRIC_REPRESENTATION_CONTEXT(2) 
PARAMETRIC_REPRESENTATION_CONTEXT() REPRESENTATION_CONTEXT('2D SPACE',''
  ) );
#4604 = PCURVE('',#3744,#4605);
#4605 = DEFINITIONAL_REPRESENTATION('',(#4606),#4610);
#4606 = LINE('',#4607,#4608);
#4607 = CARTESIAN_POINT('',(-6.28318530718,0.5));
#4608 = VECTOR('',#4609,1.);
#4609 = DIRECTION('',(1.,-0.));
#4610 = ( GEOMETRIC_REPRESENTATION_CONTEXT(2) 
PARAMETRIC_REPRESENTATION_CONTEXT() REPRESENTATION_CONTEXT('2D SPACE',''
  ) );
#4611 = ORIENTED_EDGE('',*,*,#4612,.F.);
#4612 = EDGE_CURVE('',#4613,#4589,#4615,.T.);
#4613 = VERTEX_POINT('',#4614);
#4614 = CARTESIAN_POINT('',(49.4,16.,11.));
#4615 = SURFACE_CURVE('',#4616,(#4620,#4626),.PCURVE_S1.);
#4616 = LINE('',#4617,#4618);
#4617 = CARTESIAN_POINT('',(0.,16.,11.));
#4618 = VECTOR('',#4619,1.);
#4619 = DIRECTION('',(-1.,0.,0.));
#4620 = PCURVE('',#2203,#4621);
#4621 = DEFINITIONAL_REPRESENTATION('',(#4622),#4625);
#4622 = B_SPLINE_CURVE_WITH_KNOTS('',1,(#4623,#4624),.UNSPECIFIED.,.F.,
  .F.,(2,2),(-49.4,-2.6),.PIECEWISE_BEZIER_KNOTS.);
#4623 = CARTESIAN_POINT('',(49.4,16.));
#4624 = CARTESIAN_POINT('',(2.6,16.));
#4625 = ( GEOMETRIC_REPRESENTATION_CONTEXT(2) 
PARAMETRIC_REPRESENTATION_CONTEXT() REPRESENTATION_CONTEXT('2D SPACE',''
  ) );
#4626 = PCURVE('',#4627,#4632);
#4627 = PLANE('',#4628);
#4628 = AXIS2_PLACEMENT_3D('',#4629,#4630,#4631);
#4629 = CARTESIAN_POINT('',(0.,16.,10.5));
#4630 = DIRECTION('',(0.,1.,0.));
#4631 = DIRECTION('',(0.,0.,1.));
#4632 = DEFINITIONAL_REPRESENTATION('',(#4633),#4636);
#4633 = B_SPLINE_CURVE_WITH_KNOTS('',1,(#4634,#4635),.UNSPECIFIED.,.F.,
  .F.,(2,2),(-49.4,-2.6),.PIECEWISE_BEZIER_KNOTS.);
#4634 = CARTESIAN_POINT('',(0.5,49.4));
#4635 = CARTESIAN_POINT('',(0.5,2.6));
#4636 = ( GEOMETRIC_REPRESENTATION_CONTEXT(2) 
PARAMETRIC_REPRESENTATION_CONTEXT() REPRESENTATION_CONTEXT('2D SPACE',''
  ) );
#4637 = ORIENTED_EDGE('',*,*,#4638,.F.);
#4638 = EDGE_CURVE('',#4639,#4613,#4641,.T.);
#4639 = VERTEX_POINT('',#4640);
#4640 = CARTESIAN_POINT('',(49.4,7.,11.));
#4641 = SURFACE_CURVE('',#4642,(#4646,#4652),.PCURVE_S1.);
#4642 = LINE('',#4643,#4644);
#4643 = CARTESIAN_POINT('',(49.4,1.3,11.));
#4644 = VECTOR('',#4645,1.);
#4645 = DIRECTION('',(0.,1.,0.));
#4646 = PCURVE('',#2203,#4647);
#4647 = DEFINITIONAL_REPRESENTATION('',(#4648),#4651);
#4648 = B_SPLINE_CURVE_WITH_KNOTS('',1,(#4649,#4650),.UNSPECIFIED.,.F.,
  .F.,(2,2),(5.7,14.7),.PIECEWISE_BEZIER_KNOTS.);
#4649 = CARTESIAN_POINT('',(49.4,7.));
#4650 = CARTESIAN_POINT('',(49.4,16.));
#4651 = ( GEOMETRIC_REPRESENTATION_CONTEXT(2) 
PARAMETRIC_REPRESENTATION_CONTEXT() REPRESENTATION_CONTEXT('2D SPACE',''
  ) );
#4652 = PCURVE('',#4653,#4658);
#4653 = PLANE('',#4654);
#4654 = AXIS2_PLACEMENT_3D('',#4655,#4656,#4657);
#4655 = CARTESIAN_POINT('',(49.4,2.6,10.5));
#4656 = DIRECTION('',(1.,0.,0.));
#4657 = DIRECTION('',(0.,0.,1.));
#4658 = DEFINITIONAL_REPRESENTATION('',(#4659),#4662);
#4659 = B_SPLINE_CURVE_WITH_KNOTS('',1,(#4660,#4661),.UNSPECIFIED.,.F.,
  .F.,(2,2),(5.7,14.7),.PIECEWISE_BEZIER_KNOTS.);
#4660 = CARTESIAN_POINT('',(0.5,-4.4));
#4661 = CARTESIAN_POINT('',(0.5,-13.4));
#4662 = ( GEOMETRIC_REPRESENTATION_CONTEXT(2) 
PARAMETRIC_REPRESENTATION_CONTEXT() REPRESENTATION_CONTEXT('2D SPACE',''
  ) );
#4663 = ORIENTED_EDGE('',*,*,#4664,.F.);
#4664 = EDGE_CURVE('',#4665,#4639,#4667,.T.);
#4665 = VERTEX_POINT('',#4666);
#4666 = CARTESIAN_POINT('',(45.,2.6,11.));
#4667 = SURFACE_CURVE('',#4668,(#4673,#4680),.PCURVE_S1.);
#4668 = CIRCLE('',#4669,4.4);
#4669 = AXIS2_PLACEMENT_3D('',#4670,#4671,#4672);
#4670 = CARTESIAN_POINT('',(45.,7.,11.));
#4671 = DIRECTION('',(0.,0.,1.));
#4672 = DIRECTION('',(1.,0.,-0.));
#4673 = PCURVE('',#2203,#4674);
#4674 = DEFINITIONAL_REPRESENTATION('',(#4675),#4679);
#4675 = CIRCLE('',#4676,4.4);
#4676 = AXIS2_PLACEMENT_2D('',#4677,#4678);
#4677 = CARTESIAN_POINT('',(45.,7.));
#4678 = DIRECTION('',(1.,0.));
#4679 = ( GEOMETRIC_REPRESENTATION_CONTEXT(2) 
PARAMETRIC_REPRESENTATION_CONTEXT() REPRESENTATION_CONTEXT('2D SPACE',''
  ) );
#4680 = PCURVE('',#4681,#4686);
#4681 = CYLINDRICAL_SURFACE('',#4682,4.4);
#4682 = AXIS2_PLACEMENT_3D('',#4683,#4684,#4685);
#4683 = CARTESIAN_POINT('',(45.,7.,10.5));
#4684 = DIRECTION('',(0.,0.,1.));
#4685 = DIRECTION('',(1.,0.,-0.));
#4686 = DEFINITIONAL_REPRESENTATION('',(#4687),#4691);
#4687 = LINE('',#4688,#4689);
#4688 = CARTESIAN_POINT('',(-6.28318530718,0.5));
#4689 = VECTOR('',#4690,1.);
#4690 = DIRECTION('',(1.,-0.));
#4691 = ( GEOMETRIC_REPRESENTATION_CONTEXT(2) 
PARAMETRIC_REPRESENTATION_CONTEXT() REPRESENTATION_CONTEXT('2D SPACE',''
  ) );
#4692 = ORIENTED_EDGE('',*,*,#4693,.T.);
#4693 = EDGE_CURVE('',#4665,#4694,#4696,.T.);
#4694 = VERTEX_POINT('',#4695);
#4695 = CARTESIAN_POINT('',(7.,2.6,11.));
#4696 = SURFACE_CURVE('',#4697,(#4701,#4707),.PCURVE_S1.);
#4697 = LINE('',#4698,#4699);
#4698 = CARTESIAN_POINT('',(1.3,2.6,11.));
#4699 = VECTOR('',#4700,1.);
#4700 = DIRECTION('',(-1.,0.,0.));
#4701 = PCURVE('',#2203,#4702);
#4702 = DEFINITIONAL_REPRESENTATION('',(#4703),#4706);
#4703 = B_SPLINE_CURVE_WITH_KNOTS('',1,(#4704,#4705),.UNSPECIFIED.,.F.,
  .F.,(2,2),(-43.7,-5.7),.PIECEWISE_BEZIER_KNOTS.);
#4704 = CARTESIAN_POINT('',(45.,2.6));
#4705 = CARTESIAN_POINT('',(7.,2.6));
#4706 = ( GEOMETRIC_REPRESENTATION_CONTEXT(2) 
PARAMETRIC_REPRESENTATION_CONTEXT() REPRESENTATION_CONTEXT('2D SPACE',''
  ) );
#4707 = PCURVE('',#4708,#4713);
#4708 = PLANE('',#4709);
#4709 = AXIS2_PLACEMENT_3D('',#4710,#4711,#4712);
#4710 = CARTESIAN_POINT('',(2.6,2.6,10.5));
#4711 = DIRECTION('',(0.,1.,0.));
#4712 = DIRECTION('',(0.,0.,1.));
#4713 = DEFINITIONAL_REPRESENTATION('',(#4714),#4717);
#4714 = B_SPLINE_CURVE_WITH_KNOTS('',1,(#4715,#4716),.UNSPECIFIED.,.F.,
  .F.,(2,2),(-43.7,-5.7),.PIECEWISE_BEZIER_KNOTS.);
#4715 = CARTESIAN_POINT('',(0.5,42.4));
#4716 = CARTESIAN_POINT('',(0.5,4.4));
#4717 = ( GEOMETRIC_REPRESENTATION_CONTEXT(2) 
PARAMETRIC_REPRESENTATION_CONTEXT() REPRESENTATION_CONTEXT('2D SPACE',''
  ) );
#4718 = ORIENTED_EDGE('',*,*,#4719,.F.);
#4719 = EDGE_CURVE('',#4720,#4694,#4722,.T.);
#4720 = VERTEX_POINT('',#4721);
#4721 = CARTESIAN_POINT('',(2.6,7.,11.));
#4722 = SURFACE_CURVE('',#4723,(#4728,#4735),.PCURVE_S1.);
#4723 = CIRCLE('',#4724,4.4);
#4724 = AXIS2_PLACEMENT_3D('',#4725,#4726,#4727);
#4725 = CARTESIAN_POINT('',(7.,7.,11.));
#4726 = DIRECTION('',(0.,0.,1.));
#4727 = DIRECTION('',(-1.,-0.,0.));
#4728 = PCURVE('',#2203,#4729);
#4729 = DEFINITIONAL_REPRESENTATION('',(#4730),#4734);
#4730 = CIRCLE('',#4731,4.4);
#4731 = AXIS2_PLACEMENT_2D('',#4732,#4733);
#4732 = CARTESIAN_POINT('',(7.,7.));
#4733 = DIRECTION('',(-1.,0.));
#4734 = ( GEOMETRIC_REPRESENTATION_CONTEXT(2) 
PARAMETRIC_REPRESENTATION_CONTEXT() REPRESENTATION_CONTEXT('2D SPACE',''
  ) );
#4735 = PCURVE('',#4736,#4741);
#4736 = CYLINDRICAL_SURFACE('',#4737,4.4);
#4737 = AXIS2_PLACEMENT_3D('',#4738,#4739,#4740);
#4738 = CARTESIAN_POINT('',(7.,7.,10.5));
#4739 = DIRECTION('',(0.,0.,1.));
#4740 = DIRECTION('',(-1.,-0.,0.));
#4741 = DEFINITIONAL_REPRESENTATION('',(#4742),#4746);
#4742 = LINE('',#4743,#4744);
#4743 = CARTESIAN_POINT('',(0.,0.5));
#4744 = VECTOR('',#4745,1.);
#4745 = DIRECTION('',(1.,0.));
#4746 = ( GEOMETRIC_REPRESENTATION_CONTEXT(2) 
PARAMETRIC_REPRESENTATION_CONTEXT() REPRESENTATION_CONTEXT('2D SPACE',''
  ) );
#4747 = ORIENTED_EDGE('',*,*,#4748,.T.);
#4748 = EDGE_CURVE('',#4720,#4749,#4751,.T.);
#4749 = VERTEX_POINT('',#4750);
#4750 = CARTESIAN_POINT('',(2.6,16.,11.));
#4751 = SURFACE_CURVE('',#4752,(#4756,#4762),.PCURVE_S1.);
#4752 = LINE('',#4753,#4754);
#4753 = CARTESIAN_POINT('',(2.6,1.3,11.));
#4754 = VECTOR('',#4755,1.);
#4755 = DIRECTION('',(0.,1.,0.));
#4756 = PCURVE('',#2203,#4757);
#4757 = DEFINITIONAL_REPRESENTATION('',(#4758),#4761);
#4758 = B_SPLINE_CURVE_WITH_KNOTS('',1,(#4759,#4760),.UNSPECIFIED.,.F.,
  .F.,(2,2),(5.7,14.7),.PIECEWISE_BEZIER_KNOTS.);
#4759 = CARTESIAN_POINT('',(2.6,7.));
#4760 = CARTESIAN_POINT('',(2.6,16.));
#4761 = ( GEOMETRIC_REPRESENTATION_CONTEXT(2) 
PARAMETRIC_REPRESENTATION_CONTEXT() REPRESENTATION_CONTEXT('2D SPACE',''
  ) );
#4762 = PCURVE('',#4763,#4768);
#4763 = PLANE('',#4764);
#4764 = AXIS2_PLACEMENT_3D('',#4765,#4766,#4767);
#4765 = CARTESIAN_POINT('',(2.6,2.6,10.5));
#4766 = DIRECTION('',(1.,0.,0.));
#4767 = DIRECTION('',(0.,0.,1.));
#4768 = DEFINITIONAL_REPRESENTATION('',(#4769),#4772);
#4769 = B_SPLINE_CURVE_WITH_KNOTS('',1,(#4770,#4771),.UNSPECIFIED.,.F.,
  .F.,(2,2),(5.7,14.7),.PIECEWISE_BEZIER_KNOTS.);
#4770 = CARTESIAN_POINT('',(0.5,-4.4));
#4771 = CARTESIAN_POINT('',(0.5,-13.4));
#4772 = ( GEOMETRIC_REPRESENTATION_CONTEXT(2) 
PARAMETRIC_REPRESENTATION_CONTEXT() REPRESENTATION_CONTEXT('2D SPACE',''
  ) );
#4773 = ORIENTED_EDGE('',*,*,#4774,.F.);
#4774 = EDGE_CURVE('',#4775,#4749,#4777,.T.);
#4775 = VERTEX_POINT('',#4776);
#4776 = CARTESIAN_POINT('',(7.,16.,11.));
#4777 = SURFACE_CURVE('',#4778,(#4782,#4788),.PCURVE_S1.);
#4778 = LINE('',#4779,#4780);
#4779 = CARTESIAN_POINT('',(0.,16.,11.));
#4780 = VECTOR('',#4781,1.);
#4781 = DIRECTION('',(-1.,0.,0.));
#4782 = PCURVE('',#2203,#4783);
#4783 = DEFINITIONAL_REPRESENTATION('',(#4784),#4787);
#4784 = B_SPLINE_CURVE_WITH_KNOTS('',1,(#4785,#4786),.UNSPECIFIED.,.F.,
  .F.,(2,2),(-49.4,-2.6),.PIECEWISE_BEZIER_KNOTS.);
#4785 = CARTESIAN_POINT('',(49.4,16.));
#4786 = CARTESIAN_POINT('',(2.6,16.));
#4787 = ( GEOMETRIC_REPRESENTATION_CONTEXT(2) 
PARAMETRIC_REPRESENTATION_CONTEXT() REPRESENTATION_CONTEXT('2D SPACE',''
  ) );
#4788 = PCURVE('',#4789,#4794);
#4789 = PLANE('',#4790);
#4790 = AXIS2_PLACEMENT_3D('',#4791,#4792,#4793);
#4791 = CARTESIAN_POINT('',(0.,16.,10.5));
#4792 = DIRECTION('',(0.,1.,0.));
#4793 = DIRECTION('',(0.,0.,1.));
#4794 = DEFINITIONAL_REPRESENTATION('',(#4795),#4798);
#4795 = B_SPLINE_CURVE_WITH_KNOTS('',1,(#4796,#4797),.UNSPECIFIED.,.F.,
  .F.,(2,2),(-49.4,-2.6),.PIECEWISE_BEZIER_KNOTS.);
#4796 = CARTESIAN_POINT('',(0.5,49.4));
#4797 = CARTESIAN_POINT('',(0.5,2.6));
#4798 = ( GEOMETRIC_REPRESENTATION_CONTEXT(2) 
PARAMETRIC_REPRESENTATION_CONTEXT() REPRESENTATION_CONTEXT('2D SPACE',''
  ) );
#4799 = ORIENTED_EDGE('',*,*,#4800,.F.);
#4800 = EDGE_CURVE('',#4801,#4775,#4803,.T.);
#4801 = VERTEX_POINT('',#4802);
#4802 = CARTESIAN_POINT('',(3.5,19.5,11.));
#4803 = SURFACE_CURVE('',#4804,(#4809,#4816),.PCURVE_S1.);
#4804 = CIRCLE('',#4805,3.5);
#4805 = AXIS2_PLACEMENT_3D('',#4806,#4807,#4808);
#4806 = CARTESIAN_POINT('',(7.,19.5,11.));
#4807 = DIRECTION('',(0.,0.,1.));
#4808 = DIRECTION('',(-1.,-0.,0.));
#4809 = PCURVE('',#2203,#4810);
#4810 = DEFINITIONAL_REPRESENTATION('',(#4811),#4815);
#4811 = CIRCLE('',#4812,3.5);
#4812 = AXIS2_PLACEMENT_2D('',#4813,#4814);
#4813 = CARTESIAN_POINT('',(7.,19.5));
#4814 = DIRECTION('',(-1.,0.));
#4815 = ( GEOMETRIC_REPRESENTATION_CONTEXT(2) 
PARAMETRIC_REPRESENTATION_CONTEXT() REPRESENTATION_CONTEXT('2D SPACE',''
  ) );
#4816 = PCURVE('',#3584,#4817);
#4817 = DEFINITIONAL_REPRESENTATION('',(#4818),#4822);
#4818 = LINE('',#4819,#4820);
#4819 = CARTESIAN_POINT('',(0.,0.5));
#4820 = VECTOR('',#4821,1.);
#4821 = DIRECTION('',(1.,0.));
#4822 = ( GEOMETRIC_REPRESENTATION_CONTEXT(2) 
PARAMETRIC_REPRESENTATION_CONTEXT() REPRESENTATION_CONTEXT('2D SPACE',''
  ) );
#4823 = ORIENTED_EDGE('',*,*,#4824,.T.);
#4824 = EDGE_CURVE('',#4801,#4825,#4827,.T.);
#4825 = VERTEX_POINT('',#4826);
#4826 = CARTESIAN_POINT('',(3.5,85.4,11.));
#4827 = SURFACE_CURVE('',#4828,(#4832,#4838),.PCURVE_S1.);
#4828 = LINE('',#4829,#4830);
#4829 = CARTESIAN_POINT('',(3.5,8.,11.));
#4830 = VECTOR('',#4831,1.);
#4831 = DIRECTION('',(0.,1.,0.));
#4832 = PCURVE('',#2203,#4833);
#4833 = DEFINITIONAL_REPRESENTATION('',(#4834),#4837);
#4834 = B_SPLINE_CURVE_WITH_KNOTS('',1,(#4835,#4836),.UNSPECIFIED.,.F.,
  .F.,(2,2),(11.5,77.4),.PIECEWISE_BEZIER_KNOTS.);
#4835 = CARTESIAN_POINT('',(3.5,19.5));
#4836 = CARTESIAN_POINT('',(3.5,85.4));
#4837 = ( GEOMETRIC_REPRESENTATION_CONTEXT(2) 
PARAMETRIC_REPRESENTATION_CONTEXT() REPRESENTATION_CONTEXT('2D SPACE',''
  ) );
#4838 = PCURVE('',#3611,#4839);
#4839 = DEFINITIONAL_REPRESENTATION('',(#4840),#4843);
#4840 = B_SPLINE_CURVE_WITH_KNOTS('',1,(#4841,#4842),.UNSPECIFIED.,.F.,
  .F.,(2,2),(11.5,77.4),.PIECEWISE_BEZIER_KNOTS.);
#4841 = CARTESIAN_POINT('',(0.5,-3.5));
#4842 = CARTESIAN_POINT('',(0.5,-69.4));
#4843 = ( GEOMETRIC_REPRESENTATION_CONTEXT(2) 
PARAMETRIC_REPRESENTATION_CONTEXT() REPRESENTATION_CONTEXT('2D SPACE',''
  ) );
#4844 = ORIENTED_EDGE('',*,*,#4845,.F.);
#4845 = EDGE_CURVE('',#4198,#4825,#4846,.T.);
#4846 = SURFACE_CURVE('',#4847,(#4852,#4859),.PCURVE_S1.);
#4847 = CIRCLE('',#4848,3.5);
#4848 = AXIS2_PLACEMENT_3D('',#4849,#4850,#4851);
#4849 = CARTESIAN_POINT('',(7.,85.4,11.));
#4850 = DIRECTION('',(0.,0.,1.));
#4851 = DIRECTION('',(-1.,-0.,0.));
#4852 = PCURVE('',#2203,#4853);
#4853 = DEFINITIONAL_REPRESENTATION('',(#4854),#4858);
#4854 = CIRCLE('',#4855,3.5);
#4855 = AXIS2_PLACEMENT_2D('',#4856,#4857);
#4856 = CARTESIAN_POINT('',(7.,85.4));
#4857 = DIRECTION('',(-1.,0.));
#4858 = ( GEOMETRIC_REPRESENTATION_CONTEXT(2) 
PARAMETRIC_REPRESENTATION_CONTEXT() REPRESENTATION_CONTEXT('2D SPACE',''
  ) );
#4859 = PCURVE('',#3639,#4860);
#4860 = DEFINITIONAL_REPRESENTATION('',(#4861),#4865);
#4861 = LINE('',#4862,#4863);
#4862 = CARTESIAN_POINT('',(-6.28318530718,0.5));
#4863 = VECTOR('',#4864,1.);
#4864 = DIRECTION('',(1.,-0.));
#4865 = ( GEOMETRIC_REPRESENTATION_CONTEXT(2) 
PARAMETRIC_REPRESENTATION_CONTEXT() REPRESENTATION_CONTEXT('2D SPACE',''
  ) );
#4866 = ADVANCED_FACE('',(#4867),#2227,.T.);
#4867 = FACE_BOUND('',#4868,.T.);
#4868 = EDGE_LOOP('',(#4869,#4870,#4871,#4890));
#4869 = ORIENTED_EDGE('',*,*,#2318,.F.);
#4870 = ORIENTED_EDGE('',*,*,#2214,.F.);
#4871 = ORIENTED_EDGE('',*,*,#4872,.F.);
#4872 = EDGE_CURVE('',#4480,#2189,#4873,.T.);
#4873 = SURFACE_CURVE('',#4874,(#4878,#4884),.PCURVE_S1.);
#4874 = LINE('',#4875,#4876);
#4875 = CARTESIAN_POINT('',(1.3,90.7,11.));
#4876 = VECTOR('',#4877,1.);
#4877 = DIRECTION('',(-1.,0.,0.));
#4878 = PCURVE('',#2227,#4879);
#4879 = DEFINITIONAL_REPRESENTATION('',(#4880),#4883);
#4880 = B_SPLINE_CURVE_WITH_KNOTS('',1,(#4881,#4882),.UNSPECIFIED.,.F.,
  .F.,(2,2),(-43.7,-5.7),.PIECEWISE_BEZIER_KNOTS.);
#4881 = CARTESIAN_POINT('',(44.1,89.8));
#4882 = CARTESIAN_POINT('',(6.1,89.8));
#4883 = ( GEOMETRIC_REPRESENTATION_CONTEXT(2) 
PARAMETRIC_REPRESENTATION_CONTEXT() REPRESENTATION_CONTEXT('2D SPACE',''
  ) );
#4884 = PCURVE('',#4235,#4885);
#4885 = DEFINITIONAL_REPRESENTATION('',(#4886),#4889);
#4886 = B_SPLINE_CURVE_WITH_KNOTS('',1,(#4887,#4888),.UNSPECIFIED.,.F.,
  .F.,(2,2),(-43.7,-5.7),.PIECEWISE_BEZIER_KNOTS.);
#4887 = CARTESIAN_POINT('',(1.,43.3));
#4888 = CARTESIAN_POINT('',(1.,5.3));
#4889 = ( GEOMETRIC_REPRESENTATION_CONTEXT(2) 
PARAMETRIC_REPRESENTATION_CONTEXT() REPRESENTATION_CONTEXT('2D SPACE',''
  ) );
#4890 = ORIENTED_EDGE('',*,*,#4891,.T.);
#4891 = EDGE_CURVE('',#4480,#2319,#4892,.T.);
#4892 = SURFACE_CURVE('',#4893,(#4897,#4904),.PCURVE_S1.);
#4893 = LINE('',#4894,#4895);
#4894 = CARTESIAN_POINT('',(34.,43.45,11.));
#4895 = VECTOR('',#4896,1.);
#4896 = DIRECTION('',(0.,1.,0.));
#4897 = PCURVE('',#2227,#4898);
#4898 = DEFINITIONAL_REPRESENTATION('',(#4899),#4903);
#4899 = LINE('',#4900,#4901);
#4900 = CARTESIAN_POINT('',(33.1,42.55));
#4901 = VECTOR('',#4902,1.);
#4902 = DIRECTION('',(0.,1.));
#4903 = ( GEOMETRIC_REPRESENTATION_CONTEXT(2) 
PARAMETRIC_REPRESENTATION_CONTEXT() REPRESENTATION_CONTEXT('2D SPACE',''
  ) );
#4904 = PCURVE('',#3081,#4905);
#4905 = DEFINITIONAL_REPRESENTATION('',(#4906),#4909);
#4906 = B_SPLINE_CURVE_WITH_KNOTS('',1,(#4907,#4908),.UNSPECIFIED.,.F.,
  .F.,(2,2),(43.45,48.95),.PIECEWISE_BEZIER_KNOTS.);
#4907 = CARTESIAN_POINT('',(0.5,0.));
#4908 = CARTESIAN_POINT('',(0.5,-5.5));
#4909 = ( GEOMETRIC_REPRESENTATION_CONTEXT(2) 
PARAMETRIC_REPRESENTATION_CONTEXT() REPRESENTATION_CONTEXT('2D SPACE',''
  ) );
#4910 = ADVANCED_FACE('',(#4911),#2177,.F.);
#4911 = FACE_BOUND('',#4912,.F.);
#4912 = EDGE_LOOP('',(#4913,#4934,#4935,#4954,#4955,#4956,#4957,#4978));
#4913 = ORIENTED_EDGE('',*,*,#4914,.F.);
#4914 = EDGE_CURVE('',#4523,#3652,#4915,.T.);
#4915 = SURFACE_CURVE('',#4916,(#4920,#4927),.PCURVE_S1.);
#4916 = LINE('',#4917,#4918);
#4917 = CARTESIAN_POINT('',(45.,88.9,10.5));
#4918 = VECTOR('',#4919,1.);
#4919 = DIRECTION('',(0.,0.,1.));
#4920 = PCURVE('',#2177,#4921);
#4921 = DEFINITIONAL_REPRESENTATION('',(#4922),#4926);
#4922 = LINE('',#4923,#4924);
#4923 = CARTESIAN_POINT('',(0.,41.5));
#4924 = VECTOR('',#4925,1.);
#4925 = DIRECTION('',(1.,0.));
#4926 = ( GEOMETRIC_REPRESENTATION_CONTEXT(2) 
PARAMETRIC_REPRESENTATION_CONTEXT() REPRESENTATION_CONTEXT('2D SPACE',''
  ) );
#4927 = PCURVE('',#3689,#4928);
#4928 = DEFINITIONAL_REPRESENTATION('',(#4929),#4933);
#4929 = LINE('',#4930,#4931);
#4930 = CARTESIAN_POINT('',(1.570796326795,0.));
#4931 = VECTOR('',#4932,1.);
#4932 = DIRECTION('',(0.,1.));
#4933 = ( GEOMETRIC_REPRESENTATION_CONTEXT(2) 
PARAMETRIC_REPRESENTATION_CONTEXT() REPRESENTATION_CONTEXT('2D SPACE',''
  ) );
#4934 = ORIENTED_EDGE('',*,*,#4522,.T.);
#4935 = ORIENTED_EDGE('',*,*,#4936,.F.);
#4936 = EDGE_CURVE('',#4152,#4502,#4937,.T.);
#4937 = SURFACE_CURVE('',#4938,(#4942,#4948),.PCURVE_S1.);
#4938 = LINE('',#4939,#4940);
#4939 = CARTESIAN_POINT('',(34.,88.9,10.5));
#4940 = VECTOR('',#4941,1.);
#4941 = DIRECTION('',(0.,0.,-1.));
#4942 = PCURVE('',#2177,#4943);
#4943 = DEFINITIONAL_REPRESENTATION('',(#4944),#4947);
#4944 = B_SPLINE_CURVE_WITH_KNOTS('',1,(#4945,#4946),.UNSPECIFIED.,.F.,
  .F.,(2,2),(-4.8,-0.5),.PIECEWISE_BEZIER_KNOTS.);
#4945 = CARTESIAN_POINT('',(4.8,30.5));
#4946 = CARTESIAN_POINT('',(0.5,30.5));
#4947 = ( GEOMETRIC_REPRESENTATION_CONTEXT(2) 
PARAMETRIC_REPRESENTATION_CONTEXT() REPRESENTATION_CONTEXT('2D SPACE',''
  ) );
#4948 = PCURVE('',#3081,#4949);
#4949 = DEFINITIONAL_REPRESENTATION('',(#4950),#4953);
#4950 = B_SPLINE_CURVE_WITH_KNOTS('',1,(#4951,#4952),.UNSPECIFIED.,.F.,
  .F.,(2,2),(-4.8,-0.5),.PIECEWISE_BEZIER_KNOTS.);
#4951 = CARTESIAN_POINT('',(4.8,-2.));
#4952 = CARTESIAN_POINT('',(0.5,-2.));
#4953 = ( GEOMETRIC_REPRESENTATION_CONTEXT(2) 
PARAMETRIC_REPRESENTATION_CONTEXT() REPRESENTATION_CONTEXT('2D SPACE',''
  ) );
#4954 = ORIENTED_EDGE('',*,*,#4151,.F.);
#4955 = ORIENTED_EDGE('',*,*,#2162,.T.);
#4956 = ORIENTED_EDGE('',*,*,#4197,.T.);
#4957 = ORIENTED_EDGE('',*,*,#4958,.T.);
#4958 = EDGE_CURVE('',#4198,#3623,#4959,.T.);
#4959 = SURFACE_CURVE('',#4960,(#4964,#4971),.PCURVE_S1.);
#4960 = LINE('',#4961,#4962);
#4961 = CARTESIAN_POINT('',(7.,88.9,10.5));
#4962 = VECTOR('',#4963,1.);
#4963 = DIRECTION('',(0.,0.,1.));
#4964 = PCURVE('',#2177,#4965);
#4965 = DEFINITIONAL_REPRESENTATION('',(#4966),#4970);
#4966 = LINE('',#4967,#4968);
#4967 = CARTESIAN_POINT('',(0.,3.5));
#4968 = VECTOR('',#4969,1.);
#4969 = DIRECTION('',(1.,0.));
#4970 = ( GEOMETRIC_REPRESENTATION_CONTEXT(2) 
PARAMETRIC_REPRESENTATION_CONTEXT() REPRESENTATION_CONTEXT('2D SPACE',''
  ) );
#4971 = PCURVE('',#3639,#4972);
#4972 = DEFINITIONAL_REPRESENTATION('',(#4973),#4977);
#4973 = LINE('',#4974,#4975);
#4974 = CARTESIAN_POINT('',(-1.570796326795,0.));
#4975 = VECTOR('',#4976,1.);
#4976 = DIRECTION('',(-0.,1.));
#4977 = ( GEOMETRIC_REPRESENTATION_CONTEXT(2) 
PARAMETRIC_REPRESENTATION_CONTEXT() REPRESENTATION_CONTEXT('2D SPACE',''
  ) );
#4978 = ORIENTED_EDGE('',*,*,#3651,.F.);
#4979 = ADVANCED_FACE('',(#4980),#2284,.F.);
#4980 = FACE_BOUND('',#4981,.F.);
#4981 = EDGE_LOOP('',(#4982,#4983,#4984,#4985,#4986,#5007,#5031,#5052,
    #5076,#5097,#5121,#5142,#5166,#5185,#5186,#5209,#5237,#5260,#5282,
    #5283));
#4982 = ORIENTED_EDGE('',*,*,#2471,.F.);
#4983 = ORIENTED_EDGE('',*,*,#2496,.T.);
#4984 = ORIENTED_EDGE('',*,*,#2546,.T.);
#4985 = ORIENTED_EDGE('',*,*,#2624,.F.);
#4986 = ORIENTED_EDGE('',*,*,#4987,.T.);
#4987 = EDGE_CURVE('',#2625,#4988,#4990,.T.);
#4988 = VERTEX_POINT('',#4989);
#4989 = CARTESIAN_POINT('',(7.,1.7,10.6));
#4990 = SURFACE_CURVE('',#4991,(#4995,#5001),.PCURVE_S1.);
#4991 = LINE('',#4992,#4993);
#4992 = CARTESIAN_POINT('',(1.3,1.7,10.6));
#4993 = VECTOR('',#4994,1.);
#4994 = DIRECTION('',(-1.,0.,0.));
#4995 = PCURVE('',#2284,#4996);
#4996 = DEFINITIONAL_REPRESENTATION('',(#4997),#5000);
#4997 = B_SPLINE_CURVE_WITH_KNOTS('',1,(#4998,#4999),.UNSPECIFIED.,.F.,
  .F.,(2,2),(-43.7,-5.7),.PIECEWISE_BEZIER_KNOTS.);
#4998 = CARTESIAN_POINT('',(44.1,0.8));
#4999 = CARTESIAN_POINT('',(6.1,0.8));
#5000 = ( GEOMETRIC_REPRESENTATION_CONTEXT(2) 
PARAMETRIC_REPRESENTATION_CONTEXT() REPRESENTATION_CONTEXT('2D SPACE',''
  ) );
#5001 = PCURVE('',#2663,#5002);
#5002 = DEFINITIONAL_REPRESENTATION('',(#5003),#5006);
#5003 = B_SPLINE_CURVE_WITH_KNOTS('',1,(#5004,#5005),.UNSPECIFIED.,.F.,
  .F.,(2,2),(-43.7,-5.7),.PIECEWISE_BEZIER_KNOTS.);
#5004 = CARTESIAN_POINT('',(0.6,43.3));
#5005 = CARTESIAN_POINT('',(0.6,5.3));
#5006 = ( GEOMETRIC_REPRESENTATION_CONTEXT(2) 
PARAMETRIC_REPRESENTATION_CONTEXT() REPRESENTATION_CONTEXT('2D SPACE',''
  ) );
#5007 = ORIENTED_EDGE('',*,*,#5008,.F.);
#5008 = EDGE_CURVE('',#5009,#4988,#5011,.T.);
#5009 = VERTEX_POINT('',#5010);
#5010 = CARTESIAN_POINT('',(1.7,7.,10.6));
#5011 = SURFACE_CURVE('',#5012,(#5017,#5024),.PCURVE_S1.);
#5012 = CIRCLE('',#5013,5.3);
#5013 = AXIS2_PLACEMENT_3D('',#5014,#5015,#5016);
#5014 = CARTESIAN_POINT('',(7.,7.,10.6));
#5015 = DIRECTION('',(0.,0.,1.));
#5016 = DIRECTION('',(-1.,-0.,0.));
#5017 = PCURVE('',#2284,#5018);
#5018 = DEFINITIONAL_REPRESENTATION('',(#5019),#5023);
#5019 = CIRCLE('',#5020,5.3);
#5020 = AXIS2_PLACEMENT_2D('',#5021,#5022);
#5021 = CARTESIAN_POINT('',(6.1,6.1));
#5022 = DIRECTION('',(-1.,0.));
#5023 = ( GEOMETRIC_REPRESENTATION_CONTEXT(2) 
PARAMETRIC_REPRESENTATION_CONTEXT() REPRESENTATION_CONTEXT('2D SPACE',''
  ) );
#5024 = PCURVE('',#4319,#5025);
#5025 = DEFINITIONAL_REPRESENTATION('',(#5026),#5030);
#5026 = LINE('',#5027,#5028);
#5027 = CARTESIAN_POINT('',(0.,0.6));
#5028 = VECTOR('',#5029,1.);
#5029 = DIRECTION('',(1.,0.));
#5030 = ( GEOMETRIC_REPRESENTATION_CONTEXT(2) 
PARAMETRIC_REPRESENTATION_CONTEXT() REPRESENTATION_CONTEXT('2D SPACE',''
  ) );
#5031 = ORIENTED_EDGE('',*,*,#5032,.T.);
#5032 = EDGE_CURVE('',#5009,#5033,#5035,.T.);
#5033 = VERTEX_POINT('',#5034);
#5034 = CARTESIAN_POINT('',(1.7,85.4,10.6));
#5035 = SURFACE_CURVE('',#5036,(#5040,#5046),.PCURVE_S1.);
#5036 = LINE('',#5037,#5038);
#5037 = CARTESIAN_POINT('',(1.7,1.3,10.6));
#5038 = VECTOR('',#5039,1.);
#5039 = DIRECTION('',(0.,1.,0.));
#5040 = PCURVE('',#2284,#5041);
#5041 = DEFINITIONAL_REPRESENTATION('',(#5042),#5045);
#5042 = B_SPLINE_CURVE_WITH_KNOTS('',1,(#5043,#5044),.UNSPECIFIED.,.F.,
  .F.,(2,2),(5.7,84.1),.PIECEWISE_BEZIER_KNOTS.);
#5043 = CARTESIAN_POINT('',(0.8,6.1));
#5044 = CARTESIAN_POINT('',(0.8,84.5));
#5045 = ( GEOMETRIC_REPRESENTATION_CONTEXT(2) 
PARAMETRIC_REPRESENTATION_CONTEXT() REPRESENTATION_CONTEXT('2D SPACE',''
  ) );
#5046 = PCURVE('',#4291,#5047);
#5047 = DEFINITIONAL_REPRESENTATION('',(#5048),#5051);
#5048 = B_SPLINE_CURVE_WITH_KNOTS('',1,(#5049,#5050),.UNSPECIFIED.,.F.,
  .F.,(2,2),(5.7,84.1),.PIECEWISE_BEZIER_KNOTS.);
#5049 = CARTESIAN_POINT('',(0.6,-5.3));
#5050 = CARTESIAN_POINT('',(0.6,-83.7));
#5051 = ( GEOMETRIC_REPRESENTATION_CONTEXT(2) 
PARAMETRIC_REPRESENTATION_CONTEXT() REPRESENTATION_CONTEXT('2D SPACE',''
  ) );
#5052 = ORIENTED_EDGE('',*,*,#5053,.F.);
#5053 = EDGE_CURVE('',#5054,#5033,#5056,.T.);
#5054 = VERTEX_POINT('',#5055);
#5055 = CARTESIAN_POINT('',(7.,90.7,10.6));
#5056 = SURFACE_CURVE('',#5057,(#5062,#5069),.PCURVE_S1.);
#5057 = CIRCLE('',#5058,5.3);
#5058 = AXIS2_PLACEMENT_3D('',#5059,#5060,#5061);
#5059 = CARTESIAN_POINT('',(7.,85.4,10.6));
#5060 = DIRECTION('',(0.,0.,1.));
#5061 = DIRECTION('',(-1.,-0.,0.));
#5062 = PCURVE('',#2284,#5063);
#5063 = DEFINITIONAL_REPRESENTATION('',(#5064),#5068);
#5064 = CIRCLE('',#5065,5.3);
#5065 = AXIS2_PLACEMENT_2D('',#5066,#5067);
#5066 = CARTESIAN_POINT('',(6.1,84.5));
#5067 = DIRECTION('',(-1.,0.));
#5068 = ( GEOMETRIC_REPRESENTATION_CONTEXT(2) 
PARAMETRIC_REPRESENTATION_CONTEXT() REPRESENTATION_CONTEXT('2D SPACE',''
  ) );
#5069 = PCURVE('',#4263,#5070);
#5070 = DEFINITIONAL_REPRESENTATION('',(#5071),#5075);
#5071 = LINE('',#5072,#5073);
#5072 = CARTESIAN_POINT('',(-6.28318530718,0.6));
#5073 = VECTOR('',#5074,1.);
#5074 = DIRECTION('',(1.,-0.));
#5075 = ( GEOMETRIC_REPRESENTATION_CONTEXT(2) 
PARAMETRIC_REPRESENTATION_CONTEXT() REPRESENTATION_CONTEXT('2D SPACE',''
  ) );
#5076 = ORIENTED_EDGE('',*,*,#5077,.F.);
#5077 = EDGE_CURVE('',#5078,#5054,#5080,.T.);
#5078 = VERTEX_POINT('',#5079);
#5079 = CARTESIAN_POINT('',(45.,90.7,10.6));
#5080 = SURFACE_CURVE('',#5081,(#5085,#5091),.PCURVE_S1.);
#5081 = LINE('',#5082,#5083);
#5082 = CARTESIAN_POINT('',(1.3,90.7,10.6));
#5083 = VECTOR('',#5084,1.);
#5084 = DIRECTION('',(-1.,0.,0.));
#5085 = PCURVE('',#2284,#5086);
#5086 = DEFINITIONAL_REPRESENTATION('',(#5087),#5090);
#5087 = B_SPLINE_CURVE_WITH_KNOTS('',1,(#5088,#5089),.UNSPECIFIED.,.F.,
  .F.,(2,2),(-43.7,-5.7),.PIECEWISE_BEZIER_KNOTS.);
#5088 = CARTESIAN_POINT('',(44.1,89.8));
#5089 = CARTESIAN_POINT('',(6.1,89.8));
#5090 = ( GEOMETRIC_REPRESENTATION_CONTEXT(2) 
PARAMETRIC_REPRESENTATION_CONTEXT() REPRESENTATION_CONTEXT('2D SPACE',''
  ) );
#5091 = PCURVE('',#4235,#5092);
#5092 = DEFINITIONAL_REPRESENTATION('',(#5093),#5096);
#5093 = B_SPLINE_CURVE_WITH_KNOTS('',1,(#5094,#5095),.UNSPECIFIED.,.F.,
  .F.,(2,2),(-43.7,-5.7),.PIECEWISE_BEZIER_KNOTS.);
#5094 = CARTESIAN_POINT('',(0.6,43.3));
#5095 = CARTESIAN_POINT('',(0.6,5.3));
#5096 = ( GEOMETRIC_REPRESENTATION_CONTEXT(2) 
PARAMETRIC_REPRESENTATION_CONTEXT() REPRESENTATION_CONTEXT('2D SPACE',''
  ) );
#5097 = ORIENTED_EDGE('',*,*,#5098,.F.);
#5098 = EDGE_CURVE('',#5099,#5078,#5101,.T.);
#5099 = VERTEX_POINT('',#5100);
#5100 = CARTESIAN_POINT('',(50.3,85.4,10.6));
#5101 = SURFACE_CURVE('',#5102,(#5107,#5114),.PCURVE_S1.);
#5102 = CIRCLE('',#5103,5.3);
#5103 = AXIS2_PLACEMENT_3D('',#5104,#5105,#5106);
#5104 = CARTESIAN_POINT('',(45.,85.4,10.6));
#5105 = DIRECTION('',(0.,0.,1.));
#5106 = DIRECTION('',(1.,0.,-0.));
#5107 = PCURVE('',#2284,#5108);
#5108 = DEFINITIONAL_REPRESENTATION('',(#5109),#5113);
#5109 = CIRCLE('',#5110,5.3);
#5110 = AXIS2_PLACEMENT_2D('',#5111,#5112);
#5111 = CARTESIAN_POINT('',(44.1,84.5));
#5112 = DIRECTION('',(1.,0.));
#5113 = ( GEOMETRIC_REPRESENTATION_CONTEXT(2) 
PARAMETRIC_REPRESENTATION_CONTEXT() REPRESENTATION_CONTEXT('2D SPACE',''
  ) );
#5114 = PCURVE('',#4467,#5115);
#5115 = DEFINITIONAL_REPRESENTATION('',(#5116),#5120);
#5116 = LINE('',#5117,#5118);
#5117 = CARTESIAN_POINT('',(0.,0.6));
#5118 = VECTOR('',#5119,1.);
#5119 = DIRECTION('',(1.,0.));
#5120 = ( GEOMETRIC_REPRESENTATION_CONTEXT(2) 
PARAMETRIC_REPRESENTATION_CONTEXT() REPRESENTATION_CONTEXT('2D SPACE',''
  ) );
#5121 = ORIENTED_EDGE('',*,*,#5122,.F.);
#5122 = EDGE_CURVE('',#5123,#5099,#5125,.T.);
#5123 = VERTEX_POINT('',#5124);
#5124 = CARTESIAN_POINT('',(50.3,7.,10.6));
#5125 = SURFACE_CURVE('',#5126,(#5130,#5136),.PCURVE_S1.);
#5126 = LINE('',#5127,#5128);
#5127 = CARTESIAN_POINT('',(50.3,1.3,10.6));
#5128 = VECTOR('',#5129,1.);
#5129 = DIRECTION('',(0.,1.,0.));
#5130 = PCURVE('',#2284,#5131);
#5131 = DEFINITIONAL_REPRESENTATION('',(#5132),#5135);
#5132 = B_SPLINE_CURVE_WITH_KNOTS('',1,(#5133,#5134),.UNSPECIFIED.,.F.,
  .F.,(2,2),(5.7,84.1),.PIECEWISE_BEZIER_KNOTS.);
#5133 = CARTESIAN_POINT('',(49.4,6.1));
#5134 = CARTESIAN_POINT('',(49.4,84.5));
#5135 = ( GEOMETRIC_REPRESENTATION_CONTEXT(2) 
PARAMETRIC_REPRESENTATION_CONTEXT() REPRESENTATION_CONTEXT('2D SPACE',''
  ) );
#5136 = PCURVE('',#4439,#5137);
#5137 = DEFINITIONAL_REPRESENTATION('',(#5138),#5141);
#5138 = B_SPLINE_CURVE_WITH_KNOTS('',1,(#5139,#5140),.UNSPECIFIED.,.F.,
  .F.,(2,2),(5.7,84.1),.PIECEWISE_BEZIER_KNOTS.);
#5139 = CARTESIAN_POINT('',(0.6,-5.3));
#5140 = CARTESIAN_POINT('',(0.6,-83.7));
#5141 = ( GEOMETRIC_REPRESENTATION_CONTEXT(2) 
PARAMETRIC_REPRESENTATION_CONTEXT() REPRESENTATION_CONTEXT('2D SPACE',''
  ) );
#5142 = ORIENTED_EDGE('',*,*,#5143,.F.);
#5143 = EDGE_CURVE('',#5144,#5123,#5146,.T.);
#5144 = VERTEX_POINT('',#5145);
#5145 = CARTESIAN_POINT('',(45.,1.7,10.6));
#5146 = SURFACE_CURVE('',#5147,(#5152,#5159),.PCURVE_S1.);
#5147 = CIRCLE('',#5148,5.3);
#5148 = AXIS2_PLACEMENT_3D('',#5149,#5150,#5151);
#5149 = CARTESIAN_POINT('',(45.,7.,10.6));
#5150 = DIRECTION('',(0.,0.,1.));
#5151 = DIRECTION('',(1.,0.,-0.));
#5152 = PCURVE('',#2284,#5153);
#5153 = DEFINITIONAL_REPRESENTATION('',(#5154),#5158);
#5154 = CIRCLE('',#5155,5.3);
#5155 = AXIS2_PLACEMENT_2D('',#5156,#5157);
#5156 = CARTESIAN_POINT('',(44.1,6.1));
#5157 = DIRECTION('',(1.,0.));
#5158 = ( GEOMETRIC_REPRESENTATION_CONTEXT(2) 
PARAMETRIC_REPRESENTATION_CONTEXT() REPRESENTATION_CONTEXT('2D SPACE',''
  ) );
#5159 = PCURVE('',#4411,#5160);
#5160 = DEFINITIONAL_REPRESENTATION('',(#5161),#5165);
#5161 = LINE('',#5162,#5163);
#5162 = CARTESIAN_POINT('',(-6.28318530718,0.6));
#5163 = VECTOR('',#5164,1.);
#5164 = DIRECTION('',(1.,-0.));
#5165 = ( GEOMETRIC_REPRESENTATION_CONTEXT(2) 
PARAMETRIC_REPRESENTATION_CONTEXT() REPRESENTATION_CONTEXT('2D SPACE',''
  ) );
#5166 = ORIENTED_EDGE('',*,*,#5167,.T.);
#5167 = EDGE_CURVE('',#5144,#2856,#5168,.T.);
#5168 = SURFACE_CURVE('',#5169,(#5173,#5179),.PCURVE_S1.);
#5169 = LINE('',#5170,#5171);
#5170 = CARTESIAN_POINT('',(1.3,1.7,10.6));
#5171 = VECTOR('',#5172,1.);
#5172 = DIRECTION('',(-1.,0.,0.));
#5173 = PCURVE('',#2284,#5174);
#5174 = DEFINITIONAL_REPRESENTATION('',(#5175),#5178);
#5175 = B_SPLINE_CURVE_WITH_KNOTS('',1,(#5176,#5177),.UNSPECIFIED.,.F.,
  .F.,(2,2),(-43.7,-5.7),.PIECEWISE_BEZIER_KNOTS.);
#5176 = CARTESIAN_POINT('',(44.1,0.8));
#5177 = CARTESIAN_POINT('',(6.1,0.8));
#5178 = ( GEOMETRIC_REPRESENTATION_CONTEXT(2) 
PARAMETRIC_REPRESENTATION_CONTEXT() REPRESENTATION_CONTEXT('2D SPACE',''
  ) );
#5179 = PCURVE('',#2894,#5180);
#5180 = DEFINITIONAL_REPRESENTATION('',(#5181),#5184);
#5181 = B_SPLINE_CURVE_WITH_KNOTS('',1,(#5182,#5183),.UNSPECIFIED.,.F.,
  .F.,(2,2),(-43.7,-5.7),.PIECEWISE_BEZIER_KNOTS.);
#5182 = CARTESIAN_POINT('',(0.6,43.3));
#5183 = CARTESIAN_POINT('',(0.6,5.3));
#5184 = ( GEOMETRIC_REPRESENTATION_CONTEXT(2) 
PARAMETRIC_REPRESENTATION_CONTEXT() REPRESENTATION_CONTEXT('2D SPACE',''
  ) );
#5185 = ORIENTED_EDGE('',*,*,#2855,.F.);
#5186 = ORIENTED_EDGE('',*,*,#5187,.T.);
#5187 = EDGE_CURVE('',#2830,#5188,#5190,.T.);
#5188 = VERTEX_POINT('',#5189);
#5189 = CARTESIAN_POINT('',(45.,0.9,10.6));
#5190 = SURFACE_CURVE('',#5191,(#5195,#5202),.PCURVE_S1.);
#5191 = LINE('',#5192,#5193);
#5192 = CARTESIAN_POINT('',(0.9,0.9,10.6));
#5193 = VECTOR('',#5194,1.);
#5194 = DIRECTION('',(1.,0.,0.));
#5195 = PCURVE('',#2284,#5196);
#5196 = DEFINITIONAL_REPRESENTATION('',(#5197),#5201);
#5197 = LINE('',#5198,#5199);
#5198 = CARTESIAN_POINT('',(0.,0.));
#5199 = VECTOR('',#5200,1.);
#5200 = DIRECTION('',(1.,0.));
#5201 = ( GEOMETRIC_REPRESENTATION_CONTEXT(2) 
PARAMETRIC_REPRESENTATION_CONTEXT() REPRESENTATION_CONTEXT('2D SPACE',''
  ) );
#5202 = PCURVE('',#2844,#5203);
#5203 = DEFINITIONAL_REPRESENTATION('',(#5204),#5208);
#5204 = LINE('',#5205,#5206);
#5205 = CARTESIAN_POINT('',(0.,0.));
#5206 = VECTOR('',#5207,1.);
#5207 = DIRECTION('',(0.,1.));
#5208 = ( GEOMETRIC_REPRESENTATION_CONTEXT(2) 
PARAMETRIC_REPRESENTATION_CONTEXT() REPRESENTATION_CONTEXT('2D SPACE',''
  ) );
#5209 = ORIENTED_EDGE('',*,*,#5210,.F.);
#5210 = EDGE_CURVE('',#5211,#5188,#5213,.T.);
#5211 = VERTEX_POINT('',#5212);
#5212 = CARTESIAN_POINT('',(51.1,7.,10.6));
#5213 = SURFACE_CURVE('',#5214,(#5219,#5230),.PCURVE_S1.);
#5214 = CIRCLE('',#5215,6.1);
#5215 = AXIS2_PLACEMENT_3D('',#5216,#5217,#5218);
#5216 = CARTESIAN_POINT('',(45.,7.,10.6));
#5217 = DIRECTION('',(-0.,-0.,-1.));
#5218 = DIRECTION('',(0.,-1.,0.));
#5219 = PCURVE('',#2284,#5220);
#5220 = DEFINITIONAL_REPRESENTATION('',(#5221),#5229);
#5221 = ( BOUNDED_CURVE() B_SPLINE_CURVE(2,(#5222,#5223,#5224,#5225,
#5226,#5227,#5228),.UNSPECIFIED.,.T.,.F.) B_SPLINE_CURVE_WITH_KNOTS((1,2
    ,2,2,2,1),(-2.094395102393,0.,2.094395102393,4.188790204786,
6.28318530718,8.377580409573),.UNSPECIFIED.) CURVE() 
GEOMETRIC_REPRESENTATION_ITEM() RATIONAL_B_SPLINE_CURVE((1.,0.5,1.,0.5,
1.,0.5,1.)) REPRESENTATION_ITEM('') );
#5222 = CARTESIAN_POINT('',(44.1,-1.7763568394E-15));
#5223 = CARTESIAN_POINT('',(33.53449007383,-1.7763568394E-15));
#5224 = CARTESIAN_POINT('',(38.817245036915,9.15));
#5225 = CARTESIAN_POINT('',(44.1,18.3));
#5226 = CARTESIAN_POINT('',(49.382754963085,9.15));
#5227 = CARTESIAN_POINT('',(54.66550992617,7.993605777301E-15));
#5228 = CARTESIAN_POINT('',(44.1,-1.7763568394E-15));
#5229 = ( GEOMETRIC_REPRESENTATION_CONTEXT(2) 
PARAMETRIC_REPRESENTATION_CONTEXT() REPRESENTATION_CONTEXT('2D SPACE',''
  ) );
#5230 = PCURVE('',#3166,#5231);
#5231 = DEFINITIONAL_REPRESENTATION('',(#5232),#5236);
#5232 = LINE('',#5233,#5234);
#5233 = CARTESIAN_POINT('',(4.712388980385,-0.));
#5234 = VECTOR('',#5235,1.);
#5235 = DIRECTION('',(-1.,0.));
#5236 = ( GEOMETRIC_REPRESENTATION_CONTEXT(2) 
PARAMETRIC_REPRESENTATION_CONTEXT() REPRESENTATION_CONTEXT('2D SPACE',''
  ) );
#5237 = ORIENTED_EDGE('',*,*,#5238,.T.);
#5238 = EDGE_CURVE('',#5211,#5239,#5241,.T.);
#5239 = VERTEX_POINT('',#5240);
#5240 = CARTESIAN_POINT('',(51.1,85.4,10.6));
#5241 = SURFACE_CURVE('',#5242,(#5246,#5253),.PCURVE_S1.);
#5242 = LINE('',#5243,#5244);
#5243 = CARTESIAN_POINT('',(51.1,0.9,10.6));
#5244 = VECTOR('',#5245,1.);
#5245 = DIRECTION('',(0.,1.,0.));
#5246 = PCURVE('',#2284,#5247);
#5247 = DEFINITIONAL_REPRESENTATION('',(#5248),#5252);
#5248 = LINE('',#5249,#5250);
#5249 = CARTESIAN_POINT('',(50.2,0.));
#5250 = VECTOR('',#5251,1.);
#5251 = DIRECTION('',(0.,1.));
#5252 = ( GEOMETRIC_REPRESENTATION_CONTEXT(2) 
PARAMETRIC_REPRESENTATION_CONTEXT() REPRESENTATION_CONTEXT('2D SPACE',''
  ) );
#5253 = PCURVE('',#3133,#5254);
#5254 = DEFINITIONAL_REPRESENTATION('',(#5255),#5259);
#5255 = LINE('',#5256,#5257);
#5256 = CARTESIAN_POINT('',(0.,0.));
#5257 = VECTOR('',#5258,1.);
#5258 = DIRECTION('',(0.,-1.));
#5259 = ( GEOMETRIC_REPRESENTATION_CONTEXT(2) 
PARAMETRIC_REPRESENTATION_CONTEXT() REPRESENTATION_CONTEXT('2D SPACE',''
  ) );
#5260 = ORIENTED_EDGE('',*,*,#5261,.T.);
#5261 = EDGE_CURVE('',#5239,#2269,#5262,.T.);
#5262 = SURFACE_CURVE('',#5263,(#5268,#5275),.PCURVE_S1.);
#5263 = CIRCLE('',#5264,6.1);
#5264 = AXIS2_PLACEMENT_3D('',#5265,#5266,#5267);
#5265 = CARTESIAN_POINT('',(45.,85.4,10.6));
#5266 = DIRECTION('',(0.,0.,1.));
#5267 = DIRECTION('',(0.,-1.,0.));
#5268 = PCURVE('',#2284,#5269);
#5269 = DEFINITIONAL_REPRESENTATION('',(#5270),#5274);
#5270 = CIRCLE('',#5271,6.1);
#5271 = AXIS2_PLACEMENT_2D('',#5272,#5273);
#5272 = CARTESIAN_POINT('',(44.1,84.5));
#5273 = DIRECTION('',(0.,-1.));
#5274 = ( GEOMETRIC_REPRESENTATION_CONTEXT(2) 
PARAMETRIC_REPRESENTATION_CONTEXT() REPRESENTATION_CONTEXT('2D SPACE',''
  ) );
#5275 = PCURVE('',#2378,#5276);
#5276 = DEFINITIONAL_REPRESENTATION('',(#5277),#5281);
#5277 = LINE('',#5278,#5279);
#5278 = CARTESIAN_POINT('',(-1.570796326795,0.));
#5279 = VECTOR('',#5280,1.);
#5280 = DIRECTION('',(1.,0.));
#5281 = ( GEOMETRIC_REPRESENTATION_CONTEXT(2) 
PARAMETRIC_REPRESENTATION_CONTEXT() REPRESENTATION_CONTEXT('2D SPACE',''
  ) );
#5282 = ORIENTED_EDGE('',*,*,#2266,.F.);
#5283 = ORIENTED_EDGE('',*,*,#2393,.F.);
#5284 = ADVANCED_FACE('',(#5285),#2378,.T.);
#5285 = FACE_BOUND('',#5286,.T.);
#5286 = EDGE_LOOP('',(#5287,#5288,#5289,#5290));
#5287 = ORIENTED_EDGE('',*,*,#5261,.T.);
#5288 = ORIENTED_EDGE('',*,*,#2364,.T.);
#5289 = ORIENTED_EDGE('',*,*,#3093,.F.);
#5290 = ORIENTED_EDGE('',*,*,#5291,.F.);
#5291 = EDGE_CURVE('',#5239,#3094,#5292,.T.);
#5292 = SURFACE_CURVE('',#5293,(#5297,#5304),.PCURVE_S1.);
#5293 = LINE('',#5294,#5295);
#5294 = CARTESIAN_POINT('',(51.1,85.4,10.6));
#5295 = VECTOR('',#5296,1.);
#5296 = DIRECTION('',(0.,0.,1.));
#5297 = PCURVE('',#2378,#5298);
#5298 = DEFINITIONAL_REPRESENTATION('',(#5299),#5303);
#5299 = LINE('',#5300,#5301);
#5300 = CARTESIAN_POINT('',(0.,0.));
#5301 = VECTOR('',#5302,1.);
#5302 = DIRECTION('',(0.,1.));
#5303 = ( GEOMETRIC_REPRESENTATION_CONTEXT(2) 
PARAMETRIC_REPRESENTATION_CONTEXT() REPRESENTATION_CONTEXT('2D SPACE',''
  ) );
#5304 = PCURVE('',#3133,#5305);
#5305 = DEFINITIONAL_REPRESENTATION('',(#5306),#5310);
#5306 = LINE('',#5307,#5308);
#5307 = CARTESIAN_POINT('',(0.,-84.5));
#5308 = VECTOR('',#5309,1.);
#5309 = DIRECTION('',(1.,0.));
#5310 = ( GEOMETRIC_REPRESENTATION_CONTEXT(2) 
PARAMETRIC_REPRESENTATION_CONTEXT() REPRESENTATION_CONTEXT('2D SPACE',''
  ) );
#5311 = ADVANCED_FACE('',(#5312),#2712,.F.);
#5312 = FACE_BOUND('',#5313,.F.);
#5313 = EDGE_LOOP('',(#5314,#5315,#5316,#5317));
#5314 = ORIENTED_EDGE('',*,*,#2929,.F.);
#5315 = ORIENTED_EDGE('',*,*,#4352,.T.);
#5316 = ORIENTED_EDGE('',*,*,#2698,.T.);
#5317 = ORIENTED_EDGE('',*,*,#2779,.T.);
#5318 = ADVANCED_FACE('',(#5319),#2663,.T.);
#5319 = FACE_BOUND('',#5320,.T.);
#5320 = EDGE_LOOP('',(#5321,#5322,#5323,#5344));
#5321 = ORIENTED_EDGE('',*,*,#2648,.F.);
#5322 = ORIENTED_EDGE('',*,*,#4987,.T.);
#5323 = ORIENTED_EDGE('',*,*,#5324,.T.);
#5324 = EDGE_CURVE('',#4988,#4303,#5325,.T.);
#5325 = SURFACE_CURVE('',#5326,(#5330,#5337),.PCURVE_S1.);
#5326 = LINE('',#5327,#5328);
#5327 = CARTESIAN_POINT('',(7.,1.7,10.));
#5328 = VECTOR('',#5329,1.);
#5329 = DIRECTION('',(0.,0.,1.));
#5330 = PCURVE('',#2663,#5331);
#5331 = DEFINITIONAL_REPRESENTATION('',(#5332),#5336);
#5332 = LINE('',#5333,#5334);
#5333 = CARTESIAN_POINT('',(0.,5.3));
#5334 = VECTOR('',#5335,1.);
#5335 = DIRECTION('',(1.,0.));
#5336 = ( GEOMETRIC_REPRESENTATION_CONTEXT(2) 
PARAMETRIC_REPRESENTATION_CONTEXT() REPRESENTATION_CONTEXT('2D SPACE',''
  ) );
#5337 = PCURVE('',#4319,#5338);
#5338 = DEFINITIONAL_REPRESENTATION('',(#5339),#5343);
#5339 = LINE('',#5340,#5341);
#5340 = CARTESIAN_POINT('',(1.570796326795,0.));
#5341 = VECTOR('',#5342,1.);
#5342 = DIRECTION('',(0.,1.));
#5343 = ( GEOMETRIC_REPRESENTATION_CONTEXT(2) 
PARAMETRIC_REPRESENTATION_CONTEXT() REPRESENTATION_CONTEXT('2D SPACE',''
  ) );
#5344 = ORIENTED_EDGE('',*,*,#4331,.F.);
#5345 = ADVANCED_FACE('',(#5346),#2894,.T.);
#5346 = FACE_BOUND('',#5347,.T.);
#5347 = EDGE_LOOP('',(#5348,#5369,#5370,#5371));
#5348 = ORIENTED_EDGE('',*,*,#5349,.F.);
#5349 = EDGE_CURVE('',#5144,#4373,#5350,.T.);
#5350 = SURFACE_CURVE('',#5351,(#5355,#5362),.PCURVE_S1.);
#5351 = LINE('',#5352,#5353);
#5352 = CARTESIAN_POINT('',(45.,1.7,10.));
#5353 = VECTOR('',#5354,1.);
#5354 = DIRECTION('',(0.,0.,1.));
#5355 = PCURVE('',#2894,#5356);
#5356 = DEFINITIONAL_REPRESENTATION('',(#5357),#5361);
#5357 = LINE('',#5358,#5359);
#5358 = CARTESIAN_POINT('',(0.,43.3));
#5359 = VECTOR('',#5360,1.);
#5360 = DIRECTION('',(1.,0.));
#5361 = ( GEOMETRIC_REPRESENTATION_CONTEXT(2) 
PARAMETRIC_REPRESENTATION_CONTEXT() REPRESENTATION_CONTEXT('2D SPACE',''
  ) );
#5362 = PCURVE('',#4411,#5363);
#5363 = DEFINITIONAL_REPRESENTATION('',(#5364),#5368);
#5364 = LINE('',#5365,#5366);
#5365 = CARTESIAN_POINT('',(-1.570796326795,0.));
#5366 = VECTOR('',#5367,1.);
#5367 = DIRECTION('',(-0.,1.));
#5368 = ( GEOMETRIC_REPRESENTATION_CONTEXT(2) 
PARAMETRIC_REPRESENTATION_CONTEXT() REPRESENTATION_CONTEXT('2D SPACE',''
  ) );
#5369 = ORIENTED_EDGE('',*,*,#5167,.T.);
#5370 = ORIENTED_EDGE('',*,*,#2879,.T.);
#5371 = ORIENTED_EDGE('',*,*,#4372,.F.);
#5372 = ADVANCED_FACE('',(#5373),#2844,.F.);
#5373 = FACE_BOUND('',#5374,.F.);
#5374 = EDGE_LOOP('',(#5375,#5376,#5377,#5378));
#5375 = ORIENTED_EDGE('',*,*,#5187,.F.);
#5376 = ORIENTED_EDGE('',*,*,#2829,.T.);
#5377 = ORIENTED_EDGE('',*,*,#3178,.T.);
#5378 = ORIENTED_EDGE('',*,*,#5379,.F.);
#5379 = EDGE_CURVE('',#5188,#3146,#5380,.T.);
#5380 = SURFACE_CURVE('',#5381,(#5385,#5392),.PCURVE_S1.);
#5381 = LINE('',#5382,#5383);
#5382 = CARTESIAN_POINT('',(45.,0.9,10.6));
#5383 = VECTOR('',#5384,1.);
#5384 = DIRECTION('',(0.,0.,1.));
#5385 = PCURVE('',#2844,#5386);
#5386 = DEFINITIONAL_REPRESENTATION('',(#5387),#5391);
#5387 = LINE('',#5388,#5389);
#5388 = CARTESIAN_POINT('',(0.,44.1));
#5389 = VECTOR('',#5390,1.);
#5390 = DIRECTION('',(1.,0.));
#5391 = ( GEOMETRIC_REPRESENTATION_CONTEXT(2) 
PARAMETRIC_REPRESENTATION_CONTEXT() REPRESENTATION_CONTEXT('2D SPACE',''
  ) );
#5392 = PCURVE('',#3166,#5393);
#5393 = DEFINITIONAL_REPRESENTATION('',(#5394),#5398);
#5394 = LINE('',#5395,#5396);
#5395 = CARTESIAN_POINT('',(-1.570796326795,0.));
#5396 = VECTOR('',#5397,1.);
#5397 = DIRECTION('',(-0.,1.));
#5398 = ( GEOMETRIC_REPRESENTATION_CONTEXT(2) 
PARAMETRIC_REPRESENTATION_CONTEXT() REPRESENTATION_CONTEXT('2D SPACE',''
  ) );
#5399 = ADVANCED_FACE('',(#5400),#3166,.T.);
#5400 = FACE_BOUND('',#5401,.F.);
#5401 = EDGE_LOOP('',(#5402,#5403,#5404,#5405));
#5402 = ORIENTED_EDGE('',*,*,#5210,.T.);
#5403 = ORIENTED_EDGE('',*,*,#5379,.T.);
#5404 = ORIENTED_EDGE('',*,*,#3145,.F.);
#5405 = ORIENTED_EDGE('',*,*,#5406,.F.);
#5406 = EDGE_CURVE('',#5211,#3118,#5407,.T.);
#5407 = SURFACE_CURVE('',#5408,(#5412,#5419),.PCURVE_S1.);
#5408 = LINE('',#5409,#5410);
#5409 = CARTESIAN_POINT('',(51.1,7.,10.6));
#5410 = VECTOR('',#5411,1.);
#5411 = DIRECTION('',(0.,0.,1.));
#5412 = PCURVE('',#3166,#5413);
#5413 = DEFINITIONAL_REPRESENTATION('',(#5414),#5418);
#5414 = LINE('',#5415,#5416);
#5415 = CARTESIAN_POINT('',(-0.,0.));
#5416 = VECTOR('',#5417,1.);
#5417 = DIRECTION('',(-0.,1.));
#5418 = ( GEOMETRIC_REPRESENTATION_CONTEXT(2) 
PARAMETRIC_REPRESENTATION_CONTEXT() REPRESENTATION_CONTEXT('2D SPACE',''
  ) );
#5419 = PCURVE('',#3133,#5420);
#5420 = DEFINITIONAL_REPRESENTATION('',(#5421),#5425);
#5421 = LINE('',#5422,#5423);
#5422 = CARTESIAN_POINT('',(0.,-6.1));
#5423 = VECTOR('',#5424,1.);
#5424 = DIRECTION('',(1.,0.));
#5425 = ( GEOMETRIC_REPRESENTATION_CONTEXT(2) 
PARAMETRIC_REPRESENTATION_CONTEXT() REPRESENTATION_CONTEXT('2D SPACE',''
  ) );
#5426 = ADVANCED_FACE('',(#5427),#3133,.T.);
#5427 = FACE_BOUND('',#5428,.T.);
#5428 = EDGE_LOOP('',(#5429,#5430,#5431,#5432));
#5429 = ORIENTED_EDGE('',*,*,#3117,.F.);
#5430 = ORIENTED_EDGE('',*,*,#5406,.F.);
#5431 = ORIENTED_EDGE('',*,*,#5238,.T.);
#5432 = ORIENTED_EDGE('',*,*,#5291,.T.);
#5433 = ADVANCED_FACE('',(#5434),#3081,.F.);
#5434 = FACE_BOUND('',#5435,.F.);
#5435 = EDGE_LOOP('',(#5436,#5437,#5438,#5439,#5440,#5441,#5460));
#5436 = ORIENTED_EDGE('',*,*,#4172,.F.);
#5437 = ORIENTED_EDGE('',*,*,#4936,.T.);
#5438 = ORIENTED_EDGE('',*,*,#4501,.T.);
#5439 = ORIENTED_EDGE('',*,*,#4891,.T.);
#5440 = ORIENTED_EDGE('',*,*,#3068,.T.);
#5441 = ORIENTED_EDGE('',*,*,#5442,.F.);
#5442 = EDGE_CURVE('',#3362,#3041,#5443,.T.);
#5443 = SURFACE_CURVE('',#5444,(#5448,#5454),.PCURVE_S1.);
#5444 = LINE('',#5445,#5446);
#5445 = CARTESIAN_POINT('',(34.,92.4,10.75));
#5446 = VECTOR('',#5447,1.);
#5447 = DIRECTION('',(0.,0.,-1.));
#5448 = PCURVE('',#3081,#5449);
#5449 = DEFINITIONAL_REPRESENTATION('',(#5450),#5453);
#5450 = B_SPLINE_CURVE_WITH_KNOTS('',1,(#5451,#5452),.UNSPECIFIED.,.F.,
  .F.,(2,2),(-3.75,-0.25),.PIECEWISE_BEZIER_KNOTS.);
#5451 = CARTESIAN_POINT('',(4.,-5.5));
#5452 = CARTESIAN_POINT('',(0.5,-5.5));
#5453 = ( GEOMETRIC_REPRESENTATION_CONTEXT(2) 
PARAMETRIC_REPRESENTATION_CONTEXT() REPRESENTATION_CONTEXT('2D SPACE',''
  ) );
#5454 = PCURVE('',#3056,#5455);
#5455 = DEFINITIONAL_REPRESENTATION('',(#5456),#5459);
#5456 = B_SPLINE_CURVE_WITH_KNOTS('',1,(#5457,#5458),.UNSPECIFIED.,.F.,
  .F.,(2,2),(-3.75,-0.25),.PIECEWISE_BEZIER_KNOTS.);
#5457 = CARTESIAN_POINT('',(3.5,34.));
#5458 = CARTESIAN_POINT('',(0.,34.));
#5459 = ( GEOMETRIC_REPRESENTATION_CONTEXT(2) 
PARAMETRIC_REPRESENTATION_CONTEXT() REPRESENTATION_CONTEXT('2D SPACE',''
  ) );
#5460 = ORIENTED_EDGE('',*,*,#3384,.T.);
#5461 = ADVANCED_FACE('',(#5462),#3056,.T.);
#5462 = FACE_BOUND('',#5463,.T.);
#5463 = EDGE_LOOP('',(#5464,#5465,#5466,#5487));
#5464 = ORIENTED_EDGE('',*,*,#5442,.F.);
#5465 = ORIENTED_EDGE('',*,*,#3361,.T.);
#5466 = ORIENTED_EDGE('',*,*,#5467,.F.);
#5467 = EDGE_CURVE('',#3012,#3335,#5468,.T.);
#5468 = SURFACE_CURVE('',#5469,(#5473,#5480),.PCURVE_S1.);
#5469 = LINE('',#5470,#5471);
#5470 = CARTESIAN_POINT('',(45.,92.4,11.));
#5471 = VECTOR('',#5472,1.);
#5472 = DIRECTION('',(0.,0.,1.));
#5473 = PCURVE('',#3056,#5474);
#5474 = DEFINITIONAL_REPRESENTATION('',(#5475),#5479);
#5475 = LINE('',#5476,#5477);
#5476 = CARTESIAN_POINT('',(0.,45.));
#5477 = VECTOR('',#5478,1.);
#5478 = DIRECTION('',(1.,0.));
#5479 = ( GEOMETRIC_REPRESENTATION_CONTEXT(2) 
PARAMETRIC_REPRESENTATION_CONTEXT() REPRESENTATION_CONTEXT('2D SPACE',''
  ) );
#5480 = PCURVE('',#3028,#5481);
#5481 = DEFINITIONAL_REPRESENTATION('',(#5482),#5486);
#5482 = LINE('',#5483,#5484);
#5483 = CARTESIAN_POINT('',(1.570796326795,0.));
#5484 = VECTOR('',#5485,1.);
#5485 = DIRECTION('',(0.,1.));
#5486 = ( GEOMETRIC_REPRESENTATION_CONTEXT(2) 
PARAMETRIC_REPRESENTATION_CONTEXT() REPRESENTATION_CONTEXT('2D SPACE',''
  ) );
#5487 = ORIENTED_EDGE('',*,*,#3040,.F.);
#5488 = ADVANCED_FACE('',(#5489),#3028,.T.);
#5489 = FACE_BOUND('',#5490,.T.);
#5490 = EDGE_LOOP('',(#5491,#5512,#5513,#5514));
#5491 = ORIENTED_EDGE('',*,*,#5492,.F.);
#5492 = EDGE_CURVE('',#2984,#3914,#5493,.T.);
#5493 = SURFACE_CURVE('',#5494,(#5498,#5505),.PCURVE_S1.);
#5494 = LINE('',#5495,#5496);
#5495 = CARTESIAN_POINT('',(52.,85.4,11.));
#5496 = VECTOR('',#5497,1.);
#5497 = DIRECTION('',(0.,0.,1.));
#5498 = PCURVE('',#3028,#5499);
#5499 = DEFINITIONAL_REPRESENTATION('',(#5500),#5504);
#5500 = LINE('',#5501,#5502);
#5501 = CARTESIAN_POINT('',(0.,0.));
#5502 = VECTOR('',#5503,1.);
#5503 = DIRECTION('',(0.,1.));
#5504 = ( GEOMETRIC_REPRESENTATION_CONTEXT(2) 
PARAMETRIC_REPRESENTATION_CONTEXT() REPRESENTATION_CONTEXT('2D SPACE',''
  ) );
#5505 = PCURVE('',#2999,#5506);
#5506 = DEFINITIONAL_REPRESENTATION('',(#5507),#5511);
#5507 = LINE('',#5508,#5509);
#5508 = CARTESIAN_POINT('',(0.,-85.4));
#5509 = VECTOR('',#5510,1.);
#5510 = DIRECTION('',(1.,0.));
#5511 = ( GEOMETRIC_REPRESENTATION_CONTEXT(2) 
PARAMETRIC_REPRESENTATION_CONTEXT() REPRESENTATION_CONTEXT('2D SPACE',''
  ) );
#5512 = ORIENTED_EDGE('',*,*,#3011,.T.);
#5513 = ORIENTED_EDGE('',*,*,#5467,.T.);
#5514 = ORIENTED_EDGE('',*,*,#5515,.T.);
#5515 = EDGE_CURVE('',#3335,#3914,#5516,.T.);
#5516 = SURFACE_CURVE('',#5517,(#5522,#5529),.PCURVE_S1.);
#5517 = CIRCLE('',#5518,7.);
#5518 = AXIS2_PLACEMENT_3D('',#5519,#5520,#5521);
#5519 = CARTESIAN_POINT('',(45.,85.4,14.5));
#5520 = DIRECTION('',(0.,-0.,-1.));
#5521 = DIRECTION('',(0.,1.,-0.));
#5522 = PCURVE('',#3028,#5523);
#5523 = DEFINITIONAL_REPRESENTATION('',(#5524),#5528);
#5524 = LINE('',#5525,#5526);
#5525 = CARTESIAN_POINT('',(1.570796326795,3.5));
#5526 = VECTOR('',#5527,1.);
#5527 = DIRECTION('',(-1.,-0.));
#5528 = ( GEOMETRIC_REPRESENTATION_CONTEXT(2) 
PARAMETRIC_REPRESENTATION_CONTEXT() REPRESENTATION_CONTEXT('2D SPACE',''
  ) );
#5529 = PCURVE('',#3350,#5530);
#5530 = DEFINITIONAL_REPRESENTATION('',(#5531),#5535);
#5531 = LINE('',#5532,#5533);
#5532 = CARTESIAN_POINT('',(-0.,0.));
#5533 = VECTOR('',#5534,1.);
#5534 = DIRECTION('',(-1.,0.));
#5535 = ( GEOMETRIC_REPRESENTATION_CONTEXT(2) 
PARAMETRIC_REPRESENTATION_CONTEXT() REPRESENTATION_CONTEXT('2D SPACE',''
  ) );
#5536 = ADVANCED_FACE('',(#5537),#2999,.T.);
#5537 = FACE_BOUND('',#5538,.T.);
#5538 = EDGE_LOOP('',(#5539,#5540,#5541,#5542));
#5539 = ORIENTED_EDGE('',*,*,#3202,.F.);
#5540 = ORIENTED_EDGE('',*,*,#2983,.T.);
#5541 = ORIENTED_EDGE('',*,*,#5492,.T.);
#5542 = ORIENTED_EDGE('',*,*,#3913,.T.);
#5543 = ADVANCED_FACE('',(#5544),#3295,.F.);
#5544 = FACE_BOUND('',#5545,.F.);
#5545 = EDGE_LOOP('',(#5546,#5547,#5548,#5549));
#5546 = ORIENTED_EDGE('',*,*,#3541,.F.);
#5547 = ORIENTED_EDGE('',*,*,#3281,.T.);
#5548 = ORIENTED_EDGE('',*,*,#3313,.T.);
#5549 = ORIENTED_EDGE('',*,*,#5550,.F.);
#5550 = EDGE_CURVE('',#3513,#3314,#5551,.T.);
#5551 = SURFACE_CURVE('',#5552,(#5556,#5563),.PCURVE_S1.);
#5552 = LINE('',#5553,#5554);
#5553 = CARTESIAN_POINT('',(45.,90.5,16.));
#5554 = VECTOR('',#5555,1.);
#5555 = DIRECTION('',(0.,0.,1.));
#5556 = PCURVE('',#3295,#5557);
#5557 = DEFINITIONAL_REPRESENTATION('',(#5558),#5562);
#5558 = LINE('',#5559,#5560);
#5559 = CARTESIAN_POINT('',(0.,43.1));
#5560 = VECTOR('',#5561,1.);
#5561 = DIRECTION('',(1.,0.));
#5562 = ( GEOMETRIC_REPRESENTATION_CONTEXT(2) 
PARAMETRIC_REPRESENTATION_CONTEXT() REPRESENTATION_CONTEXT('2D SPACE',''
  ) );
#5563 = PCURVE('',#3529,#5564);
#5564 = DEFINITIONAL_REPRESENTATION('',(#5565),#5569);
#5565 = LINE('',#5566,#5567);
#5566 = CARTESIAN_POINT('',(1.570796326795,0.));
#5567 = VECTOR('',#5568,1.);
#5568 = DIRECTION('',(0.,1.));
#5569 = ( GEOMETRIC_REPRESENTATION_CONTEXT(2) 
PARAMETRIC_REPRESENTATION_CONTEXT() REPRESENTATION_CONTEXT('2D SPACE',''
  ) );
#5570 = ADVANCED_FACE('',(#5571),#3350,.T.);
#5571 = FACE_BOUND('',#5572,.F.);
#5572 = EDGE_LOOP('',(#5573,#5574,#5575,#5576));
#5573 = ORIENTED_EDGE('',*,*,#3334,.F.);
#5574 = ORIENTED_EDGE('',*,*,#5515,.T.);
#5575 = ORIENTED_EDGE('',*,*,#3936,.T.);
#5576 = ORIENTED_EDGE('',*,*,#5577,.T.);
#5577 = EDGE_CURVE('',#3937,#3314,#5578,.T.);
#5578 = SURFACE_CURVE('',#5579,(#5870,#6164),.PCURVE_S1.);
#5579 = B_SPLINE_CURVE_WITH_KNOTS('',4,(#5580,#5581,#5582,#5583,#5584,
    #5585,#5586,#5587,#5588,#5589,#5590,#5591,#5592,#5593,#5594,#5595,
    #5596,#5597,#5598,#5599,#5600,#5601,#5602,#5603,#5604,#5605,#5606,
    #5607,#5608,#5609,#5610,#5611,#5612,#5613,#5614,#5615,#5616,#5617,
    #5618,#5619,#5620,#5621,#5622,#5623,#5624,#5625,#5626,#5627,#5628,
    #5629,#5630,#5631,#5632,#5633,#5634,#5635,#5636,#5637,#5638,#5639,
    #5640,#5641,#5642,#5643,#5644,#5645,#5646,#5647,#5648,#5649,#5650,
    #5651,#5652,#5653,#5654,#5655,#5656,#5657,#5658,#5659,#5660,#5661,
    #5662,#5663,#5664,#5665,#5666,#5667,#5668,#5669,#5670,#5671,#5672,
    #5673,#5674,#5675,#5676,#5677,#5678,#5679,#5680,#5681,#5682,#5683,
    #5684,#5685,#5686,#5687,#5688,#5689,#5690,#5691,#5692,#5693,#5694,
    #5695,#5696,#5697,#5698,#5699,#5700,#5701,#5702,#5703,#5704,#5705,
    #5706,#5707,#5708,#5709,#5710,#5711,#5712,#5713,#5714,#5715,#5716,
    #5717,#5718,#5719,#5720,#5721,#5722,#5723,#5724,#5725,#5726,#5727,
    #5728,#5729,#5730,#5731,#5732,#5733,#5734,#5735,#5736,#5737,#5738,
    #5739,#5740,#5741,#5742,#5743,#5744,#5745,#5746,#5747,#5748,#5749,
    #5750,#5751,#5752,#5753,#5754,#5755,#5756,#5757,#5758,#5759,#5760,
    #5761,#5762,#5763,#5764,#5765,#5766,#5767,#5768,#5769,#5770,#5771,
    #5772,#5773,#5774,#5775,#5776,#5777,#5778,#5779,#5780,#5781,#5782,
    #5783,#5784,#5785,#5786,#5787,#5788,#5789,#5790,#5791,#5792,#5793,
    #5794,#5795,#5796,#5797,#5798,#5799,#5800,#5801,#5802,#5803,#5804,
    #5805,#5806,#5807,#5808,#5809,#5810,#5811,#5812,#5813,#5814,#5815,
    #5816,#5817,#5818,#5819,#5820,#5821,#5822,#5823,#5824,#5825,#5826,
    #5827,#5828,#5829,#5830,#5831,#5832,#5833,#5834,#5835,#5836,#5837,
    #5838,#5839,#5840,#5841,#5842,#5843,#5844,#5845,#5846,#5847,#5848,
    #5849,#5850,#5851,#5852,#5853,#5854,#5855,#5856,#5857,#5858,#5859,
    #5860,#5861,#5862,#5863,#5864,#5865,#5866,#5867,#5868,#5869),
  .UNSPECIFIED.,.F.,.F.,(5,3,3,3,3,3,3,3,3,3,3,3,3,3,3,3,3,3,3,3,3,3,3,3
    ,3,3,3,3,3,3,3,3,3,3,3,3,3,3,3,3,3,3,3,3,3,3,3,3,3,3,3,3,3,3,3,3,3,3
    ,3,3,3,3,3,3,3,3,3,3,3,3,3,3,3,3,3,3,3,3,3,3,3,3,3,3,3,3,3,3,3,3,3,3
    ,3,3,3,3,5),(0.,1.068505188018E-02,2.028505188046E-02,
    3.188505188037E-02,4.188505188062E-02,5.348505188053E-02,
    5.988505188089E-02,7.0685051881E-02,8.228505188092E-02,
    9.028505188131E-02,0.101885051881,0.109885051882,0.119085051882,
    0.129485051882,0.139485051882,0.151085051882,0.162685051882,
    0.173485051882,0.183085051883,0.192285051883,0.203885051883,
    0.214685051883,0.223485051883,0.235085051883,0.246685051883,
    0.260685051882,0.273085051881,0.284685051881,0.295085051882,
    0.306285051882,0.312685051882,0.323085051882,0.332685051883,
    0.341885051883,0.350285051883,0.359485051884,0.370285051884,
    0.381485051884,0.392285051884,0.400285051884,0.411485051884,
    0.422285051884,0.433885051884,0.442685051885,0.453485051885,
    0.463085051885,0.473885051885,0.482685051885,0.493885051886,
    0.500285051886,0.511085051886,0.517485051886,0.527485051887,
    0.536685051887,0.548285051887,0.559885051887,0.571485051887,
    0.580685051887,0.592285051887,0.603085051887,0.609885051887,
    0.621485051887,0.633085051887,0.643085051887,0.654285051887,
    0.665085051888,0.673885051888,0.683885051888,0.695485051888,
    0.707085051888,0.717885051888,0.729085051888,0.738685051888,
    0.752285051887,0.763485051887,0.774685051888,0.784285051888,
    0.795485051888,0.801485051888,0.813085051888,0.824685051888,
    0.835885051888,0.847485051888,0.859085051888,0.870685051888,
    0.882285051888,0.893885051887,0.903885051888,0.913085051888,
    0.924685051888,0.936285051888,0.947885051888,0.959485051888,
    0.968285051888,0.979885051888,0.987485051888,1.),.UNSPECIFIED.);
#5580 = CARTESIAN_POINT('',(50.1,85.4,16.926932219902));
#5581 = CARTESIAN_POINT('',(50.1,85.421399651251,16.926932219902));
#5582 = CARTESIAN_POINT('',(50.099880275797,85.442799302619,
    16.926932219902));
#5583 = CARTESIAN_POINT('',(50.099640827392,85.464197949135,
    16.926932219902));
#5584 = CARTESIAN_POINT('',(50.098958987658,85.504818425338,
    16.926932219902));
#5585 = CARTESIAN_POINT('',(50.098539674116,85.524040642361,
    16.926932219902));
#5586 = CARTESIAN_POINT('',(50.098023743249,85.543260508813,
    16.926932219902));
#5587 = CARTESIAN_POINT('',(50.096671083925,85.585697581345,
    16.926932219902));
#5588 = CARTESIAN_POINT('',(50.095789915469,85.608913370938,
    16.926932219902));
#5589 = CARTESIAN_POINT('',(50.094767753863,85.632123380199,
    16.926932219902));
#5590 = CARTESIAN_POINT('',(50.092601999333,85.675328863872,
    16.926932219902));
#5591 = CARTESIAN_POINT('',(50.091494602151,85.695326152678,
    16.926932219902));
#5592 = CARTESIAN_POINT('',(50.090282513154,85.715317368958,
    16.926932219902));
#5593 = CARTESIAN_POINT('',(50.087438383567,85.758483504285,
    16.926932219902));
#5594 = CARTESIAN_POINT('',(50.085770180198,85.781656040654,
    16.926932219902));
#5595 = CARTESIAN_POINT('',(50.083961260909,85.804818017151,
    16.926932219902));
#5596 = CARTESIAN_POINT('',(50.080936132299,85.840740641286,
    16.926932219902));
#5597 = CARTESIAN_POINT('',(50.079817729995,85.853509525494,
    16.926932219902));
#5598 = CARTESIAN_POINT('',(50.078656544789,85.866274590185,
    16.926932219902));
#5599 = CARTESIAN_POINT('',(50.075420935,85.900569858905,16.926932219902
    ));
#5600 = CARTESIAN_POINT('',(50.073267499788,85.922092608633,
    16.926932219902));
#5601 = CARTESIAN_POINT('',(50.070992388781,85.943602836642,
    16.926932219902));
#5602 = CARTESIAN_POINT('',(50.066021513852,85.98818853323,
    16.926932219902));
#5603 = CARTESIAN_POINT('',(50.063307073915,86.011261919633,
    16.926932219902));
#5604 = CARTESIAN_POINT('',(50.060452539581,86.0343183933,
    16.926932219902));
#5605 = CARTESIAN_POINT('',(50.055392929641,86.073245152489,
    16.926932219902));
#5606 = CARTESIAN_POINT('',(50.053261229245,86.089124975163,
    16.926932219902));
#5607 = CARTESIAN_POINT('',(50.051063029722,86.104995729195,
    16.926932219902));
#5608 = CARTESIAN_POINT('',(50.045514664059,86.143855835631,
    16.926932219902));
#5609 = CARTESIAN_POINT('',(50.042091248341,86.166834729622,
    16.926932219902));
#5610 = CARTESIAN_POINT('',(50.038528325237,86.189792406404,
    16.926932219902));
#5611 = CARTESIAN_POINT('',(50.032272840571,86.228544969484,
    16.926932219902));
#5612 = CARTESIAN_POINT('',(50.029653325868,86.244351647106,
    16.926932219902));
#5613 = CARTESIAN_POINT('',(50.026967622709,86.260147213359,
    16.926932219902));
#5614 = CARTESIAN_POINT('',(50.021051211453,86.294082898193,
    16.926932219902));
#5615 = CARTESIAN_POINT('',(50.017799180936,86.312219299389,
    16.926932219902));
#5616 = CARTESIAN_POINT('',(50.01445982212,86.330339824589,
    16.926932219902));
#5617 = CARTESIAN_POINT('',(50.007159742802,86.368909256471,
    16.926932219902));
#5618 = CARTESIAN_POINT('',(50.003174788409,86.389353576387,
    16.926932219902));
#5619 = CARTESIAN_POINT('',(49.999078563393,86.409775893076,
    16.926932219902));
#5620 = CARTESIAN_POINT('',(49.990825765956,86.449790112716,
    16.926932219902));
#5621 = CARTESIAN_POINT('',(49.986677574092,86.46938374414,
    16.926932219902));
#5622 = CARTESIAN_POINT('',(49.982426845672,86.488955386789,
    16.926932219902));
#5623 = CARTESIAN_POINT('',(49.973024180003,86.531180902659,
    16.926932219902));
#5624 = CARTESIAN_POINT('',(49.967836867985,86.553826898735,
    16.926932219902));
#5625 = CARTESIAN_POINT('',(49.962512103092,86.576440970086,
    16.926932219902));
#5626 = CARTESIAN_POINT('',(49.951588272054,86.621602764196,
    16.926932219902));
#5627 = CARTESIAN_POINT('',(49.945989205904,86.644150486974,
    16.926932219902));
#5628 = CARTESIAN_POINT('',(49.940253291372,86.666663785905,
    16.926932219902));
#5629 = CARTESIAN_POINT('',(49.928913411197,86.710068866892,
    16.926932219902));
#5630 = CARTESIAN_POINT('',(49.923327627028,86.730965399003,
    16.926932219902));
#5631 = CARTESIAN_POINT('',(49.917623763177,86.751830009621,
    16.926932219902));
#5632 = CARTESIAN_POINT('',(49.906627286205,86.791178757163,
    16.926932219902));
#5633 = CARTESIAN_POINT('',(49.901359396627,86.809669803388,
    16.926932219902));
#5634 = CARTESIAN_POINT('',(49.895998626291,86.828134136372,
    16.926932219902));
#5635 = CARTESIAN_POINT('',(49.885318964325,86.864239773287,
    16.926932219902));
#5636 = CARTESIAN_POINT('',(49.880007634641,86.881883313969,
    16.926932219902));
#5637 = CARTESIAN_POINT('',(49.874611374742,86.89950106439,
    16.926932219902));
#5638 = CARTESIAN_POINT('',(49.862219550162,86.939272807352,
    16.926932219902));
#5639 = CARTESIAN_POINT('',(49.855174006831,86.961411227879,
    16.926932219902));
#5640 = CARTESIAN_POINT('',(49.847994127844,86.983506446411,
    16.926932219902));
#5641 = CARTESIAN_POINT('',(49.833870908697,87.026087294438,
    16.926932219902));
#5642 = CARTESIAN_POINT('',(49.826945404755,87.046578839871,
    16.926932219902));
#5643 = CARTESIAN_POINT('',(49.819904132736,87.067030894228,
    16.926932219902));
#5644 = CARTESIAN_POINT('',(49.806916053348,87.104074139598,
    16.926932219902));
#5645 = CARTESIAN_POINT('',(49.801008037571,87.120678931705,
    16.926932219902));
#5646 = CARTESIAN_POINT('',(49.795023574309,87.137256325071,
    16.926932219902));
#5647 = CARTESIAN_POINT('',(49.780973728655,87.175620999917,
    16.926932219902));
#5648 = CARTESIAN_POINT('',(49.772852100707,87.197387683259,
    16.926932219902));
#5649 = CARTESIAN_POINT('',(49.764598414831,87.219104635479,
    16.926932219902));
#5650 = CARTESIAN_POINT('',(49.747827855265,87.262436679783,
    16.926932219902));
#5651 = CARTESIAN_POINT('',(49.739310981567,87.284051771887,
    16.926932219902));
#5652 = CARTESIAN_POINT('',(49.730662977976,87.305614734998,
    16.926932219902));
#5653 = CARTESIAN_POINT('',(49.711289410647,87.353084293787,
    16.926932219902));
#5654 = CARTESIAN_POINT('',(49.700504194888,87.378966543955,
    16.926932219902));
#5655 = CARTESIAN_POINT('',(49.689529537018,87.404769036808,
    16.926932219902));
#5656 = CARTESIAN_POINT('',(49.668478930998,87.45327085714,
    16.926932219902));
#5657 = CARTESIAN_POINT('',(49.658443615622,87.475987819972,
    16.926932219902));
#5658 = CARTESIAN_POINT('',(49.648261015948,87.498639147061,
    16.926932219902));
#5659 = CARTESIAN_POINT('',(49.628268956302,87.542350624329,
    16.926932219902));
#5660 = CARTESIAN_POINT('',(49.618477806141,87.563419148786,
    16.926932219902));
#5661 = CARTESIAN_POINT('',(49.608558869367,87.584427814558,
    16.926932219902));
#5662 = CARTESIAN_POINT('',(49.589505793152,87.62415611229,
    16.926932219902));
#5663 = CARTESIAN_POINT('',(49.580396615731,87.642887715666,
    16.926932219902));
#5664 = CARTESIAN_POINT('',(49.571185570274,87.661569437213,
    16.926932219902));
#5665 = CARTESIAN_POINT('',(49.551844225637,87.700264613912,
    16.926932219902));
#5666 = CARTESIAN_POINT('',(49.541697717854,87.720269967395,
    16.926932219902));
#5667 = CARTESIAN_POINT('',(49.531434065009,87.740215473617,
    16.926932219902));
#5668 = CARTESIAN_POINT('',(49.515122224064,87.771462754324,
    16.926932219902));
#5669 = CARTESIAN_POINT('',(49.509152568941,87.782805524944,
    16.926932219902));
#5670 = CARTESIAN_POINT('',(49.503144937133,87.794128227258,
    16.926932219902));
#5671 = CARTESIAN_POINT('',(49.487275482153,87.823797141777,
    16.926932219902));
#5672 = CARTESIAN_POINT('',(49.477351520547,87.842110117078,
    16.926932219902));
#5673 = CARTESIAN_POINT('',(49.46732798263,87.860368779843,
    16.926932219902));
#5674 = CARTESIAN_POINT('',(49.447861321148,87.895375588553,
    16.926932219902));
#5675 = CARTESIAN_POINT('',(49.438432861196,87.912131888684,
    16.926932219902));
#5676 = CARTESIAN_POINT('',(49.428920292944,87.928840583916,
    16.926932219902));
#5677 = CARTESIAN_POINT('',(49.410127513612,87.961467315926,
    16.926932219902));
#5678 = CARTESIAN_POINT('',(49.400854135854,87.977389288662,
    16.926932219902));
#5679 = CARTESIAN_POINT('',(49.391504166929,87.993266405274,
    16.926932219902));
#5680 = CARTESIAN_POINT('',(49.373471375296,88.023553153738,
    16.926932219902));
#5681 = CARTESIAN_POINT('',(49.36480123907,88.037970339153,
    16.926932219902));
#5682 = CARTESIAN_POINT('',(49.356067775998,88.0523492515,
    16.926932219902));
#5683 = CARTESIAN_POINT('',(49.33763694146,88.082395433368,
    16.926932219902));
#5684 = CARTESIAN_POINT('',(49.327926984275,88.098054982604,
    16.926932219902));
#5685 = CARTESIAN_POINT('',(49.318141705125,88.113667575687,
    16.926932219902));
#5686 = CARTESIAN_POINT('',(49.296706361854,88.147504739046,
    16.926932219902));
#5687 = CARTESIAN_POINT('',(49.285027950373,88.1657113517,
    16.926932219902));
#5688 = CARTESIAN_POINT('',(49.273246768007,88.183851632324,
    16.926932219902));
#5689 = CARTESIAN_POINT('',(49.249039876241,88.220667169058,
    16.926932219902));
#5690 = CARTESIAN_POINT('',(49.236606456203,88.239337355301,
    16.926932219902));
#5691 = CARTESIAN_POINT('',(49.224063760395,88.257934305858,
    16.926932219902));
#5692 = CARTESIAN_POINT('',(49.19921295534,88.294318297421,
    16.926932219902));
#5693 = CARTESIAN_POINT('',(49.186912466329,88.31211054318,
    16.926932219902));
#5694 = CARTESIAN_POINT('',(49.174511559607,88.329832945713,
    16.926932219902));
#5695 = CARTESIAN_POINT('',(49.152751038657,88.36056000097,
    16.926932219902));
#5696 = CARTESIAN_POINT('',(49.14343647264,88.37359655629,
    16.926932219902));
#5697 = CARTESIAN_POINT('',(49.134067380467,88.386593980133,
    16.926932219902));
#5698 = CARTESIAN_POINT('',(49.111451291719,88.417693063302,
    16.926932219902));
#5699 = CARTESIAN_POINT('',(49.098152188125,88.435756829016,
    16.926932219902));
#5700 = CARTESIAN_POINT('',(49.084747379943,88.453742292751,
    16.926932219902));
#5701 = CARTESIAN_POINT('',(49.058210241683,88.488915260311,
    16.926932219902));
#5702 = CARTESIAN_POINT('',(49.045085278205,88.506108322073,
    16.926932219902));
#5703 = CARTESIAN_POINT('',(49.031863298559,88.523226887822,
    16.926932219902));
#5704 = CARTESIAN_POINT('',(49.004240039674,88.558575855366,
    16.926932219902));
#5705 = CARTESIAN_POINT('',(48.989823953484,88.576794686372,
    16.926932219902));
#5706 = CARTESIAN_POINT('',(48.975297474624,88.594925620054,
    16.926932219902));
#5707 = CARTESIAN_POINT('',(48.94955819387,88.626654721289,
    16.926932219902));
#5708 = CARTESIAN_POINT('',(48.938391909258,88.640290624608,
    16.926932219902));
#5709 = CARTESIAN_POINT('',(48.927162912785,88.653874932081,
    16.926932219902));
#5710 = CARTESIAN_POINT('',(48.902013999671,88.684015011758,
    16.926932219902));
#5711 = CARTESIAN_POINT('',(48.888062520407,88.700544448088,
    16.926932219902));
#5712 = CARTESIAN_POINT('',(48.874017790963,88.716994725105,
    16.926932219902));
#5713 = CARTESIAN_POINT('',(48.847313999264,88.747916464187,
    16.926932219902));
#5714 = CARTESIAN_POINT('',(48.834674365703,88.762404704748,
    16.926932219902));
#5715 = CARTESIAN_POINT('',(48.821962065064,88.776829227741,
    16.926932219902));
#5716 = CARTESIAN_POINT('',(48.794795038303,88.807344782723,
    16.926932219902));
#5717 = CARTESIAN_POINT('',(48.780321138684,88.823418745175,
    16.926932219902));
#5718 = CARTESIAN_POINT('',(48.765756572925,88.839410601331,
    16.926932219902));
#5719 = CARTESIAN_POINT('',(48.739161316674,88.868282466159,
    16.926932219902));
#5720 = CARTESIAN_POINT('',(48.727160860721,88.881190325326,
    16.926932219902));
#5721 = CARTESIAN_POINT('',(48.715101056383,88.894042752749,
    16.926932219902));
#5722 = CARTESIAN_POINT('',(48.687558404608,88.923125907641,
    16.926932219902));
#5723 = CARTESIAN_POINT('',(48.672039010192,88.939322024001,
    16.926932219902));
#5724 = CARTESIAN_POINT('',(48.656424902024,88.955426849809,
    16.926932219902));
#5725 = CARTESIAN_POINT('',(48.631740883806,88.980589678569,
    16.926932219902));
#5726 = CARTESIAN_POINT('',(48.622734214836,88.989709719232,
    16.926932219902));
#5727 = CARTESIAN_POINT('',(48.613697034715,88.99879952688,
    16.926932219902));
#5728 = CARTESIAN_POINT('',(48.589328024902,89.023146723599,
    16.926932219902));
#5729 = CARTESIAN_POINT('',(48.573940103291,89.038347970507,
    16.926932219902));
#5730 = CARTESIAN_POINT('',(48.558466465322,89.053461956317,
    16.926932219902));
#5731 = CARTESIAN_POINT('',(48.533687941448,89.077392258904,
    16.926932219902));
#5732 = CARTESIAN_POINT('',(48.524438186996,89.086265661308,
    16.926932219902));
#5733 = CARTESIAN_POINT('',(48.515158749255,89.09510801749,
    16.926932219902));
#5734 = CARTESIAN_POINT('',(48.491304528427,89.117686618944,
    16.926932219902));
#5735 = CARTESIAN_POINT('',(48.476687185674,89.131377900073,
    16.926932219902));
#5736 = CARTESIAN_POINT('',(48.461998354937,89.144992456242,
    16.926932219902));
#5737 = CARTESIAN_POINT('',(48.433659708401,89.170984023273,
    16.926932219902));
#5738 = CARTESIAN_POINT('',(48.420020779918,89.183372904605,
    16.926932219902));
#5739 = CARTESIAN_POINT('',(48.406322330402,89.195695941231,
    16.926932219902));
#5740 = CARTESIAN_POINT('',(48.375218436159,89.223406888842,
    16.926932219902));
#5741 = CARTESIAN_POINT('',(48.357778168818,89.238755713531,
    16.926932219902));
#5742 = CARTESIAN_POINT('',(48.340244996602,89.25399832539,
    16.926932219902));
#5743 = CARTESIAN_POINT('',(48.30499479308,89.284269448319,
    16.926932219902));
#5744 = CARTESIAN_POINT('',(48.287277761758,89.299297959403,
    16.926932219902));
#5745 = CARTESIAN_POINT('',(48.269469776206,89.314218582541,
    16.926932219902));
#5746 = CARTESIAN_POINT('',(48.233673877498,89.343842413614,
    16.926932219902));
#5747 = CARTESIAN_POINT('',(48.215685964326,89.358545621562,
    16.926932219902));
#5748 = CARTESIAN_POINT('',(48.197609077766,89.373139302268,
    16.926932219902));
#5749 = CARTESIAN_POINT('',(48.165037614074,89.399109450661,
    16.926932219902));
#5750 = CARTESIAN_POINT('',(48.150575671983,89.410526848867,
    16.926932219902));
#5751 = CARTESIAN_POINT('',(48.136058898202,89.421874449045,
    16.926932219902));
#5752 = CARTESIAN_POINT('',(48.103115545554,89.447371201209,
    16.926932219902));
#5753 = CARTESIAN_POINT('',(48.084656926513,89.461478955365,
    16.926932219902));
#5754 = CARTESIAN_POINT('',(48.066112959467,89.475474334261,
    16.926932219902));
#5755 = CARTESIAN_POINT('',(48.030141100309,89.502281409569,
    16.926932219902));
#5756 = CARTESIAN_POINT('',(48.012724437104,89.515108173849,
    16.926932219902));
#5757 = CARTESIAN_POINT('',(47.995235517578,89.527836242551,
    16.926932219902));
#5758 = CARTESIAN_POINT('',(47.966618677773,89.548416456013,
    16.926932219902));
#5759 = CARTESIAN_POINT('',(47.955533860585,89.556328535746,
    16.926932219902));
#5760 = CARTESIAN_POINT('',(47.944420942744,89.5642010979,
    16.926932219902));
#5761 = CARTESIAN_POINT('',(47.914275230653,89.58539599195,
    16.926932219902));
#5762 = CARTESIAN_POINT('',(47.895189167815,89.598642559414,
    16.926932219902));
#5763 = CARTESIAN_POINT('',(47.876022999271,89.611772956499,
    16.926932219902));
#5764 = CARTESIAN_POINT('',(47.837532580739,89.63779996964,
    16.926932219902));
#5765 = CARTESIAN_POINT('',(47.818208330734,89.650696585707,
    16.926932219902));
#5766 = CARTESIAN_POINT('',(47.798806104972,89.663475591135,
    16.926932219902));
#5767 = CARTESIAN_POINT('',(47.762534633457,89.687050676846,
    16.926932219902));
#5768 = CARTESIAN_POINT('',(47.745685137909,89.697877143853,
    16.926932219902));
#5769 = CARTESIAN_POINT('',(47.728779185311,89.708615237487,
    16.926932219902));
#5770 = CARTESIAN_POINT('',(47.69282035565,89.731191715992,
    16.926932219902));
#5771 = CARTESIAN_POINT('',(47.673753293354,89.743007507273,
    16.926932219902));
#5772 = CARTESIAN_POINT('',(47.654617266321,89.754711278355,
    16.926932219902));
#5773 = CARTESIAN_POINT('',(47.616895121309,89.777479614475,
    16.926932219902));
#5774 = CARTESIAN_POINT('',(47.598313771906,89.788552080029,
    16.926932219902));
#5775 = CARTESIAN_POINT('',(47.579670105289,89.799519291804,
    16.926932219902));
#5776 = CARTESIAN_POINT('',(47.545723837032,89.819230788581,
    16.926932219902));
#5777 = CARTESIAN_POINT('',(47.530441877215,89.828010622036,
    16.926932219902));
#5778 = CARTESIAN_POINT('',(47.515119624628,89.836719947325,
    16.926932219902));
#5779 = CARTESIAN_POINT('',(47.482300686533,89.855175014355,
    16.926932219902));
#5780 = CARTESIAN_POINT('',(47.464792405359,89.864900135353,
    16.926932219902));
#5781 = CARTESIAN_POINT('',(47.44723344288,89.874533448634,
    16.926932219902));
#5782 = CARTESIAN_POINT('',(47.409198176488,89.895142253126,
    16.926932219902));
#5783 = CARTESIAN_POINT('',(47.388704607369,89.906085879995,
    16.926932219902));
#5784 = CARTESIAN_POINT('',(47.368144946243,89.916904829971,
    16.926932219902));
#5785 = CARTESIAN_POINT('',(47.326895722603,89.938292192616,
    16.926932219902));
#5786 = CARTESIAN_POINT('',(47.306206160072,89.948860605294,
    16.926932219902));
#5787 = CARTESIAN_POINT('',(47.285452788146,89.959303157566,
    16.926932219902));
#5788 = CARTESIAN_POINT('',(47.245256317554,89.979223942936,
    16.926932219902));
#5789 = CARTESIAN_POINT('',(47.225821563271,89.988719013502,
    16.926932219902));
#5790 = CARTESIAN_POINT('',(47.206333425521,89.998104029544,
    16.926932219902));
#5791 = CARTESIAN_POINT('',(47.166528532393,90.016996563439,
    16.926932219902));
#5792 = CARTESIAN_POINT('',(47.146207820157,90.026495744583,
    16.926932219902));
#5793 = CARTESIAN_POINT('',(47.125831750286,90.035875593452,
    16.926932219902));
#5794 = CARTESIAN_POINT('',(47.087889627947,90.053072808545,
    16.926932219902));
#5795 = CARTESIAN_POINT('',(47.070337982571,90.060921961094,
    16.926932219902));
#5796 = CARTESIAN_POINT('',(47.052747104292,90.068682789174,
    16.926932219902));
#5797 = CARTESIAN_POINT('',(47.010142616989,90.087223970184,
    16.926932219902));
#5798 = CARTESIAN_POINT('',(46.985090175381,90.097915092496,
    16.926932219902));
#5799 = CARTESIAN_POINT('',(46.959962236184,90.108427542189,
    16.926932219902));
#5800 = CARTESIAN_POINT('',(46.91400652357,90.127270055351,
    16.926932219902));
#5801 = CARTESIAN_POINT('',(46.893202428324,90.135657868485,
    16.926932219902));
#5802 = CARTESIAN_POINT('',(46.872349501269,90.143923533699,
    16.926932219902));
#5803 = CARTESIAN_POINT('',(46.830548139944,90.160209728135,
    16.926932219902));
#5804 = CARTESIAN_POINT('',(46.809599705657,90.168230257363,
    16.926932219902));
#5805 = CARTESIAN_POINT('',(46.788604595946,90.176127798525,
    16.926932219902));
#5806 = CARTESIAN_POINT('',(46.749529010767,90.190565509477,
    16.926932219902));
#5807 = CARTESIAN_POINT('',(46.731460630596,90.197138415158,
    16.926932219902));
#5808 = CARTESIAN_POINT('',(46.713359439246,90.203620415068,
    16.926932219902));
#5809 = CARTESIAN_POINT('',(46.674070589492,90.217467260904,
    16.926932219902));
#5810 = CARTESIAN_POINT('',(46.652871330769,90.224799192285,
    16.926932219902));
#5811 = CARTESIAN_POINT('',(46.631629439153,90.232006676503,
    16.926932219902));
#5812 = CARTESIAN_POINT('',(46.59894417693,90.242883636589,
    16.926932219902));
#5813 = CARTESIAN_POINT('',(46.587530421161,90.246642105068,
    16.926932219902));
#5814 = CARTESIAN_POINT('',(46.576104914083,90.250364697452,
    16.926932219902));
#5815 = CARTESIAN_POINT('',(46.542556119486,90.261178905129,
    16.926932219902));
#5816 = CARTESIAN_POINT('',(46.520401123045,90.268172150222,
    16.926932219902));
#5817 = CARTESIAN_POINT('',(46.498204059299,90.275030700019,
    16.926932219902));
#5818 = CARTESIAN_POINT('',(46.453728258381,90.288477664899,
    16.926932219902));
#5819 = CARTESIAN_POINT('',(46.431449521189,90.295066079987,
    16.926932219902));
#5820 = CARTESIAN_POINT('',(46.409131177855,90.301519055663,
    16.926932219902));
#5821 = CARTESIAN_POINT('',(46.365188674349,90.313935595011,
    16.926932219902));
#5822 = CARTESIAN_POINT('',(46.343567114672,90.319908361984,
    16.926932219902));
#5823 = CARTESIAN_POINT('',(46.321910900058,90.325754228623,
    16.926932219902));
#5824 = CARTESIAN_POINT('',(46.277756764815,90.337395809473,
    16.926932219902));
#5825 = CARTESIAN_POINT('',(46.25525640596,90.34318227607,
    16.926932219902));
#5826 = CARTESIAN_POINT('',(46.232721315973,90.348831971948,
    16.926932219902));
#5827 = CARTESIAN_POINT('',(46.187584171512,90.359857212159,
    16.926932219902));
#5828 = CARTESIAN_POINT('',(46.164982117019,90.365232756496,
    16.926932219902));
#5829 = CARTESIAN_POINT('',(46.142347829152,90.37047092001,
    16.926932219902));
#5830 = CARTESIAN_POINT('',(46.097017295151,90.380671920893,
    16.926932219902));
#5831 = CARTESIAN_POINT('',(46.074321048998,90.385634758267,
    16.926932219902));
#5832 = CARTESIAN_POINT('',(46.051595077932,90.390459650323,
    16.926932219902));
#5833 = CARTESIAN_POINT('',(46.006086204324,90.399833025102,
    16.926932219902));
#5834 = CARTESIAN_POINT('',(45.983303301763,90.404381507829,
    16.926932219902));
#5835 = CARTESIAN_POINT('',(45.960493192618,90.408791526543,
    16.926932219902));
#5836 = CARTESIAN_POINT('',(45.914821088546,90.417334163217,
    16.926932219902));
#5837 = CARTESIAN_POINT('',(45.891959093597,90.421466781181,
    16.926932219902));
#5838 = CARTESIAN_POINT('',(45.869072419428,90.425460462408,
    16.926932219902));
#5839 = CARTESIAN_POINT('',(45.826412260032,90.432637865311,
    16.926932219902));
#5840 = CARTESIAN_POINT('',(45.806644787717,90.435857325882,
    16.926932219902));
#5841 = CARTESIAN_POINT('',(45.786860729092,90.438973238657,
    16.926932219902));
#5842 = CARTESIAN_POINT('',(45.748845054191,90.444756741577,
    16.926932219902));
#5843 = CARTESIAN_POINT('',(45.730615860495,90.447440255691,
    16.926932219902));
#5844 = CARTESIAN_POINT('',(45.712373951375,90.450035925642,
    16.926932219902));
#5845 = CARTESIAN_POINT('',(45.671104062829,90.455705595294,
    16.926932219902));
#5846 = CARTESIAN_POINT('',(45.648068958671,90.458727733725,
    16.926932219902));
#5847 = CARTESIAN_POINT('',(45.625015923381,90.461609904463,
    16.926932219902));
#5848 = CARTESIAN_POINT('',(45.578876543776,90.467094007071,
    16.926932219902));
#5849 = CARTESIAN_POINT('',(45.55579019944,90.469695938946,
    16.926932219902));
#5850 = CARTESIAN_POINT('',(45.532688477192,90.472157599651,
    16.926932219902));
#5851 = CARTESIAN_POINT('',(45.486456835218,90.476800121819,
    16.926932219902));
#5852 = CARTESIAN_POINT('',(45.46332691547,90.478980983284,
    16.926932219902));
#5853 = CARTESIAN_POINT('',(45.440184176136,90.481021316676,
    16.926932219902));
#5854 = CARTESIAN_POINT('',(45.393875620895,90.484820717065,
    16.926932219902));
#5855 = CARTESIAN_POINT('',(45.370709804969,90.486579784065,
    16.926932219902));
#5856 = CARTESIAN_POINT('',(45.347533732037,90.488198112744,
    16.926932219902));
#5857 = CARTESIAN_POINT('',(45.306760028809,90.490796489932,
    16.926932219902));
#5858 = CARTESIAN_POINT('',(45.28916620792,90.491836315813,
    16.926932219902));
#5859 = CARTESIAN_POINT('',(45.271567782575,90.492795063287,
    16.926932219902));
#5860 = CARTESIAN_POINT('',(45.23076205847,90.494829594972,
    16.926932219902));
#5861 = CARTESIAN_POINT('',(45.207551776917,90.495845554867,
    16.926932219902));
#5862 = CARTESIAN_POINT('',(45.184335752707,90.49672052007,
    16.926932219902));
#5863 = CARTESIAN_POINT('',(45.145901851624,90.497935300593,
    16.926932219902));
#5864 = CARTESIAN_POINT('',(45.13068651897,90.498355611687,
    16.926932219902));
#5865 = CARTESIAN_POINT('',(45.11546963421,90.498715371828,
    16.926932219902));
#5866 = CARTESIAN_POINT('',(45.075191897787,90.499507271087,
    16.926932219902));
#5867 = CARTESIAN_POINT('',(45.050129008073,90.499835757029,
    16.926932219902));
#5868 = CARTESIAN_POINT('',(45.025064504158,90.5,16.926932219902));
#5869 = CARTESIAN_POINT('',(45.,90.5,16.926932219902));
#5870 = PCURVE('',#3350,#5871);
#5871 = DEFINITIONAL_REPRESENTATION('',(#5872),#6163);
#5872 = B_SPLINE_CURVE_WITH_KNOTS('',4,(#5873,#5874,#5875,#5876,#5877,
    #5878,#5879,#5880,#5881,#5882,#5883,#5884,#5885,#5886,#5887,#5888,
    #5889,#5890,#5891,#5892,#5893,#5894,#5895,#5896,#5897,#5898,#5899,
    #5900,#5901,#5902,#5903,#5904,#5905,#5906,#5907,#5908,#5909,#5910,
    #5911,#5912,#5913,#5914,#5915,#5916,#5917,#5918,#5919,#5920,#5921,
    #5922,#5923,#5924,#5925,#5926,#5927,#5928,#5929,#5930,#5931,#5932,
    #5933,#5934,#5935,#5936,#5937,#5938,#5939,#5940,#5941,#5942,#5943,
    #5944,#5945,#5946,#5947,#5948,#5949,#5950,#5951,#5952,#5953,#5954,
    #5955,#5956,#5957,#5958,#5959,#5960,#5961,#5962,#5963,#5964,#5965,
    #5966,#5967,#5968,#5969,#5970,#5971,#5972,#5973,#5974,#5975,#5976,
    #5977,#5978,#5979,#5980,#5981,#5982,#5983,#5984,#5985,#5986,#5987,
    #5988,#5989,#5990,#5991,#5992,#5993,#5994,#5995,#5996,#5997,#5998,
    #5999,#6000,#6001,#6002,#6003,#6004,#6005,#6006,#6007,#6008,#6009,
    #6010,#6011,#6012,#6013,#6014,#6015,#6016,#6017,#6018,#6019,#6020,
    #6021,#6022,#6023,#6024,#6025,#6026,#6027,#6028,#6029,#6030,#6031,
    #6032,#6033,#6034,#6035,#6036,#6037,#6038,#6039,#6040,#6041,#6042,
    #6043,#6044,#6045,#6046,#6047,#6048,#6049,#6050,#6051,#6052,#6053,
    #6054,#6055,#6056,#6057,#6058,#6059,#6060,#6061,#6062,#6063,#6064,
    #6065,#6066,#6067,#6068,#6069,#6070,#6071,#6072,#6073,#6074,#6075,
    #6076,#6077,#6078,#6079,#6080,#6081,#6082,#6083,#6084,#6085,#6086,
    #6087,#6088,#6089,#6090,#6091,#6092,#6093,#6094,#6095,#6096,#6097,
    #6098,#6099,#6100,#6101,#6102,#6103,#6104,#6105,#6106,#6107,#6108,
    #6109,#6110,#6111,#6112,#6113,#6114,#6115,#6116,#6117,#6118,#6119,
    #6120,#6121,#6122,#6123,#6124,#6125,#6126,#6127,#6128,#6129,#6130,
    #6131,#6132,#6133,#6134,#6135,#6136,#6137,#6138,#6139,#6140,#6141,
    #6142,#6143,#6144,#6145,#6146,#6147,#6148,#6149,#6150,#6151,#6152,
    #6153,#6154,#6155,#6156,#6157,#6158,#6159,#6160,#6161,#6162),
  .UNSPECIFIED.,.F.,.F.,(5,3,3,3,3,3,3,3,3,3,3,3,3,3,3,3,3,3,3,3,3,3,3,3
    ,3,3,3,3,3,3,3,3,3,3,3,3,3,3,3,3,3,3,3,3,3,3,3,3,3,3,3,3,3,3,3,3,3,3
    ,3,3,3,3,3,3,3,3,3,3,3,3,3,3,3,3,3,3,3,3,3,3,3,3,3,3,3,3,3,3,3,3,3,3
    ,3,3,3,3,5),(0.,1.068505188018E-02,2.028505188046E-02,
    3.188505188037E-02,4.188505188062E-02,5.348505188053E-02,
    5.988505188089E-02,7.0685051881E-02,8.228505188092E-02,
    9.028505188131E-02,0.101885051881,0.109885051882,0.119085051882,
    0.129485051882,0.139485051882,0.151085051882,0.162685051882,
    0.173485051882,0.183085051883,0.192285051883,0.203885051883,
    0.214685051883,0.223485051883,0.235085051883,0.246685051883,
    0.260685051882,0.273085051881,0.284685051881,0.295085051882,
    0.306285051882,0.312685051882,0.323085051882,0.332685051883,
    0.341885051883,0.350285051883,0.359485051884,0.370285051884,
    0.381485051884,0.392285051884,0.400285051884,0.411485051884,
    0.422285051884,0.433885051884,0.442685051885,0.453485051885,
    0.463085051885,0.473885051885,0.482685051885,0.493885051886,
    0.500285051886,0.511085051886,0.517485051886,0.527485051887,
    0.536685051887,0.548285051887,0.559885051887,0.571485051887,
    0.580685051887,0.592285051887,0.603085051887,0.609885051887,
    0.621485051887,0.633085051887,0.643085051887,0.654285051887,
    0.665085051888,0.673885051888,0.683885051888,0.695485051888,
    0.707085051888,0.717885051888,0.729085051888,0.738685051888,
    0.752285051887,0.763485051887,0.774685051888,0.784285051888,
    0.795485051888,0.801485051888,0.813085051888,0.824685051888,
    0.835885051888,0.847485051888,0.859085051888,0.870685051888,
    0.882285051888,0.893885051887,0.903885051888,0.913085051888,
    0.924685051888,0.936285051888,0.947885051888,0.959485051888,
    0.968285051888,0.979885051888,0.987485051888,1.),.UNSPECIFIED.);
#5873 = CARTESIAN_POINT('',(-1.570796326795,1.328430475756));
#5874 = CARTESIAN_POINT('',(-1.566600316746,1.328430475756));
#5875 = CARTESIAN_POINT('',(-1.562404306674,1.328430475756));
#5876 = CARTESIAN_POINT('',(-1.558208296623,1.328430475756));
#5877 = CARTESIAN_POINT('',(-1.550242375378,1.328430475756));
#5878 = CARTESIAN_POINT('',(-1.546472464193,1.328430475756));
#5879 = CARTESIAN_POINT('',(-1.542702553009,1.328430475756));
#5880 = CARTESIAN_POINT('',(-1.534377332477,1.328430475756));
#5881 = CARTESIAN_POINT('',(-1.529822023129,1.328430475756));
#5882 = CARTESIAN_POINT('',(-1.525266713781,1.328430475756));
#5883 = CARTESIAN_POINT('',(-1.516784413617,1.328430475756));
#5884 = CARTESIAN_POINT('',(-1.5128574228,1.328430475756));
#5885 = CARTESIAN_POINT('',(-1.508930431983,1.328430475756));
#5886 = CARTESIAN_POINT('',(-1.500448131819,1.328430475756));
#5887 = CARTESIAN_POINT('',(-1.495892822471,1.328430475756));
#5888 = CARTESIAN_POINT('',(-1.491337513123,1.328430475756));
#5889 = CARTESIAN_POINT('',(-1.484268929652,1.328430475756));
#5890 = CARTESIAN_POINT('',(-1.48175565553,1.328430475756));
#5891 = CARTESIAN_POINT('',(-1.479242381407,1.328430475756));
#5892 = CARTESIAN_POINT('',(-1.472487957202,1.328430475756));
#5893 = CARTESIAN_POINT('',(-1.468246807119,1.328430475756));
#5894 = CARTESIAN_POINT('',(-1.464005657037,1.328430475756));
#5895 = CARTESIAN_POINT('',(-1.455209197607,1.328430475756));
#5896 = CARTESIAN_POINT('',(-1.450653888259,1.328430475756));
#5897 = CARTESIAN_POINT('',(-1.446098578911,1.328430475756));
#5898 = CARTESIAN_POINT('',(-1.43840167691,1.328430475756));
#5899 = CARTESIAN_POINT('',(-1.435260084257,1.328430475756));
#5900 = CARTESIAN_POINT('',(-1.432118491603,1.328430475756));
#5901 = CARTESIAN_POINT('',(-1.424421589602,1.328430475756));
#5902 = CARTESIAN_POINT('',(-1.419866280254,1.328430475756));
#5903 = CARTESIAN_POINT('',(-1.415310970906,1.328430475756));
#5904 = CARTESIAN_POINT('',(-1.407614068905,1.328430475756));
#5905 = CARTESIAN_POINT('',(-1.404472476251,1.328430475756));
#5906 = CARTESIAN_POINT('',(-1.401330883598,1.328430475756));
#5907 = CARTESIAN_POINT('',(-1.394576459393,1.328430475756));
#5908 = CARTESIAN_POINT('',(-1.390963627841,1.328430475756));
#5909 = CARTESIAN_POINT('',(-1.387350796289,1.328430475756));
#5910 = CARTESIAN_POINT('',(-1.379653894288,1.328430475756));
#5911 = CARTESIAN_POINT('',(-1.375569823838,1.328430475756));
#5912 = CARTESIAN_POINT('',(-1.371485753389,1.328430475756));
#5913 = CARTESIAN_POINT('',(-1.363474692122,1.328430475756));
#5914 = CARTESIAN_POINT('',(-1.359547701305,1.328430475756));
#5915 = CARTESIAN_POINT('',(-1.355620710488,1.328430475756));
#5916 = CARTESIAN_POINT('',(-1.347138410324,1.328430475756));
#5917 = CARTESIAN_POINT('',(-1.342583100976,1.328430475756));
#5918 = CARTESIAN_POINT('',(-1.338027791628,1.328430475756));
#5919 = CARTESIAN_POINT('',(-1.328917172933,1.328430475756));
#5920 = CARTESIAN_POINT('',(-1.324361863585,1.328430475756));
#5921 = CARTESIAN_POINT('',(-1.319806554237,1.328430475756));
#5922 = CARTESIAN_POINT('',(-1.311010094808,1.328430475756));
#5923 = CARTESIAN_POINT('',(-1.306768944725,1.328430475756));
#5924 = CARTESIAN_POINT('',(-1.302527794642,1.328430475756));
#5925 = CARTESIAN_POINT('',(-1.294516733376,1.328430475756));
#5926 = CARTESIAN_POINT('',(-1.290746822192,1.328430475756));
#5927 = CARTESIAN_POINT('',(-1.286976911007,1.328430475756));
#5928 = CARTESIAN_POINT('',(-1.279594168272,1.328430475756));
#5929 = CARTESIAN_POINT('',(-1.27598133672,1.328430475756));
#5930 = CARTESIAN_POINT('',(-1.272368505168,1.328430475756));
#5931 = CARTESIAN_POINT('',(-1.264200364269,1.328430475756));
#5932 = CARTESIAN_POINT('',(-1.259645054921,1.328430475756));
#5933 = CARTESIAN_POINT('',(-1.255089745573,1.328430475756));
#5934 = CARTESIAN_POINT('',(-1.246293286144,1.328430475756));
#5935 = CARTESIAN_POINT('',(-1.242052136061,1.328430475756));
#5936 = CARTESIAN_POINT('',(-1.237810985979,1.328430475756));
#5937 = CARTESIAN_POINT('',(-1.230114083978,1.328430475756));
#5938 = CARTESIAN_POINT('',(-1.226658332059,1.328430475756));
#5939 = CARTESIAN_POINT('',(-1.22320258014,1.328430475756));
#5940 = CARTESIAN_POINT('',(-1.215191518873,1.328430475756));
#5941 = CARTESIAN_POINT('',(-1.210636209525,1.328430475756));
#5942 = CARTESIAN_POINT('',(-1.206080900177,1.328430475756));
#5943 = CARTESIAN_POINT('',(-1.196970281483,1.328430475756));
#5944 = CARTESIAN_POINT('',(-1.192414972135,1.328430475756));
#5945 = CARTESIAN_POINT('',(-1.187859662787,1.328430475756));
#5946 = CARTESIAN_POINT('',(-1.177806566296,1.328430475756));
#5947 = CARTESIAN_POINT('',(-1.172308779152,1.328430475756));
#5948 = CARTESIAN_POINT('',(-1.166810992007,1.328430475756));
#5949 = CARTESIAN_POINT('',(-1.156443736252,1.328430475756));
#5950 = CARTESIAN_POINT('',(-1.151574267638,1.328430475756));
#5951 = CARTESIAN_POINT('',(-1.146704799025,1.328430475756));
#5952 = CARTESIAN_POINT('',(-1.137280021065,1.328430475756));
#5953 = CARTESIAN_POINT('',(-1.132724711717,1.328430475756));
#5954 = CARTESIAN_POINT('',(-1.128169402369,1.328430475756));
#5955 = CARTESIAN_POINT('',(-1.119530022572,1.328430475756));
#5956 = CARTESIAN_POINT('',(-1.115445952122,1.328430475756));
#5957 = CARTESIAN_POINT('',(-1.111361881672,1.328430475756));
#5958 = CARTESIAN_POINT('',(-1.102879581508,1.328430475756));
#5959 = CARTESIAN_POINT('',(-1.098481351793,1.328430475756));
#5960 = CARTESIAN_POINT('',(-1.094083122077,1.328430475756));
#5961 = CARTESIAN_POINT('',(-1.08717161824,1.328430475756));
#5962 = CARTESIAN_POINT('',(-1.084658344117,1.328430475756));
#5963 = CARTESIAN_POINT('',(-1.082145069994,1.328430475756));
#5964 = CARTESIAN_POINT('',(-1.075547725422,1.328430475756));
#5965 = CARTESIAN_POINT('',(-1.071463654972,1.328430475756));
#5966 = CARTESIAN_POINT('',(-1.067379584522,1.328430475756));
#5967 = CARTESIAN_POINT('',(-1.059525602888,1.328430475756));
#5968 = CARTESIAN_POINT('',(-1.055755691704,1.328430475756));
#5969 = CARTESIAN_POINT('',(-1.051985780519,1.328430475756));
#5970 = CARTESIAN_POINT('',(-1.044603037784,1.328430475756));
#5971 = CARTESIAN_POINT('',(-1.040990206232,1.328430475756));
#5972 = CARTESIAN_POINT('',(-1.03737737468,1.328430475756));
#5973 = CARTESIAN_POINT('',(-1.030465870843,1.328430475756));
#5974 = CARTESIAN_POINT('',(-1.027167198556,1.328430475756));
#5975 = CARTESIAN_POINT('',(-1.02386852627,1.328430475756));
#5976 = CARTESIAN_POINT('',(-1.016957022432,1.328430475756));
#5977 = CARTESIAN_POINT('',(-1.01334419088,1.328430475756));
#5978 = CARTESIAN_POINT('',(-1.009731359329,1.328430475756));
#5979 = CARTESIAN_POINT('',(-1.001877377695,1.328430475756));
#5980 = CARTESIAN_POINT('',(-0.997636227613,1.328430475756));
#5981 = CARTESIAN_POINT('',(-0.99339507753,1.328430475756));
#5982 = CARTESIAN_POINT('',(-0.984755697733,1.328430475756));
#5983 = CARTESIAN_POINT('',(-0.980357468018,1.328430475756));
#5984 = CARTESIAN_POINT('',(-0.975959238303,1.328430475756));
#5985 = CARTESIAN_POINT('',(-0.967319858506,1.328430475756));
#5986 = CARTESIAN_POINT('',(-0.963078708423,1.328430475756));
#5987 = CARTESIAN_POINT('',(-0.958837558341,1.328430475756));
#5988 = CARTESIAN_POINT('',(-0.951454815605,1.328430475756));
#5989 = CARTESIAN_POINT('',(-0.948313222951,1.328430475756));
#5990 = CARTESIAN_POINT('',(-0.945171630298,1.328430475756));
#5991 = CARTESIAN_POINT('',(-0.937631807929,1.328430475756));
#5992 = CARTESIAN_POINT('',(-0.933233578214,1.328430475756));
#5993 = CARTESIAN_POINT('',(-0.928835348499,1.328430475756));
#5994 = CARTESIAN_POINT('',(-0.920195968702,1.328430475756));
#5995 = CARTESIAN_POINT('',(-0.915954818619,1.328430475756));
#5996 = CARTESIAN_POINT('',(-0.911713668537,1.328430475756));
#5997 = CARTESIAN_POINT('',(-0.902917209107,1.328430475756));
#5998 = CARTESIAN_POINT('',(-0.898361899759,1.328430475756));
#5999 = CARTESIAN_POINT('',(-0.893806590411,1.328430475756));
#6000 = CARTESIAN_POINT('',(-0.885795529145,1.328430475756));
#6001 = CARTESIAN_POINT('',(-0.882339777226,1.328430475756));
#6002 = CARTESIAN_POINT('',(-0.878884025307,1.328430475756));
#6003 = CARTESIAN_POINT('',(-0.871187123306,1.328430475756));
#6004 = CARTESIAN_POINT('',(-0.866945973224,1.328430475756));
#6005 = CARTESIAN_POINT('',(-0.862704823141,1.328430475756));
#6006 = CARTESIAN_POINT('',(-0.854693761875,1.328430475756));
#6007 = CARTESIAN_POINT('',(-0.85092385069,1.328430475756));
#6008 = CARTESIAN_POINT('',(-0.847153939506,1.328430475756));
#6009 = CARTESIAN_POINT('',(-0.83914287824,1.328430475756));
#6010 = CARTESIAN_POINT('',(-0.834901728157,1.328430475756));
#6011 = CARTESIAN_POINT('',(-0.830660578074,1.328430475756));
#6012 = CARTESIAN_POINT('',(-0.822963676073,1.328430475756));
#6013 = CARTESIAN_POINT('',(-0.819507924154,1.328430475756));
#6014 = CARTESIAN_POINT('',(-0.816052172235,1.328430475756));
#6015 = CARTESIAN_POINT('',(-0.808198190602,1.328430475756));
#6016 = CARTESIAN_POINT('',(-0.803799960887,1.328430475756));
#6017 = CARTESIAN_POINT('',(-0.799401731171,1.328430475756));
#6018 = CARTESIAN_POINT('',(-0.792490227334,1.328430475756));
#6019 = CARTESIAN_POINT('',(-0.789976953211,1.328430475756));
#6020 = CARTESIAN_POINT('',(-0.787463679088,1.328430475756));
#6021 = CARTESIAN_POINT('',(-0.780709254883,1.328430475756));
#6022 = CARTESIAN_POINT('',(-0.7764681048,1.328430475756));
#6023 = CARTESIAN_POINT('',(-0.772226954718,1.328430475756));
#6024 = CARTESIAN_POINT('',(-0.765472530513,1.328430475756));
#6025 = CARTESIAN_POINT('',(-0.76295925639,1.328430475756));
#6026 = CARTESIAN_POINT('',(-0.760445982267,1.328430475756));
#6027 = CARTESIAN_POINT('',(-0.754005717327,1.328430475756));
#6028 = CARTESIAN_POINT('',(-0.75007872651,1.328430475756));
#6029 = CARTESIAN_POINT('',(-0.746151735693,1.328430475756));
#6030 = CARTESIAN_POINT('',(-0.738611913325,1.328430475756));
#6031 = CARTESIAN_POINT('',(-0.734999081773,1.328430475756));
#6032 = CARTESIAN_POINT('',(-0.731386250221,1.328430475756));
#6033 = CARTESIAN_POINT('',(-0.723218109322,1.328430475756));
#6034 = CARTESIAN_POINT('',(-0.718662799974,1.328430475756));
#6035 = CARTESIAN_POINT('',(-0.714107490626,1.328430475756));
#6036 = CARTESIAN_POINT('',(-0.704996871932,1.328430475756));
#6037 = CARTESIAN_POINT('',(-0.700441562584,1.328430475756));
#6038 = CARTESIAN_POINT('',(-0.695886253236,1.328430475756));
#6039 = CARTESIAN_POINT('',(-0.686775634541,1.328430475756));
#6040 = CARTESIAN_POINT('',(-0.682220325193,1.328430475756));
#6041 = CARTESIAN_POINT('',(-0.677665015845,1.328430475756));
#6042 = CARTESIAN_POINT('',(-0.669496874946,1.328430475756));
#6043 = CARTESIAN_POINT('',(-0.665884043394,1.328430475756));
#6044 = CARTESIAN_POINT('',(-0.662271211843,1.328430475756));
#6045 = CARTESIAN_POINT('',(-0.654103070944,1.328430475756));
#6046 = CARTESIAN_POINT('',(-0.649547761596,1.328430475756));
#6047 = CARTESIAN_POINT('',(-0.644992452248,1.328430475756));
#6048 = CARTESIAN_POINT('',(-0.636195992818,1.328430475756));
#6049 = CARTESIAN_POINT('',(-0.631954842736,1.328430475756));
#6050 = CARTESIAN_POINT('',(-0.627713692653,1.328430475756));
#6051 = CARTESIAN_POINT('',(-0.620802188815,1.328430475756));
#6052 = CARTESIAN_POINT('',(-0.61813183506,1.328430475756));
#6053 = CARTESIAN_POINT('',(-0.615461481304,1.328430475756));
#6054 = CARTESIAN_POINT('',(-0.608235818201,1.328430475756));
#6055 = CARTESIAN_POINT('',(-0.603680508853,1.328430475756));
#6056 = CARTESIAN_POINT('',(-0.599125199505,1.328430475756));
#6057 = CARTESIAN_POINT('',(-0.590014580811,1.328430475756));
#6058 = CARTESIAN_POINT('',(-0.585459271462,1.328430475756));
#6059 = CARTESIAN_POINT('',(-0.580903962114,1.328430475756));
#6060 = CARTESIAN_POINT('',(-0.57242166195,1.328430475756));
#6061 = CARTESIAN_POINT('',(-0.568494671133,1.328430475756));
#6062 = CARTESIAN_POINT('',(-0.564567680316,1.328430475756));
#6063 = CARTESIAN_POINT('',(-0.556242459784,1.328430475756));
#6064 = CARTESIAN_POINT('',(-0.551844230069,1.328430475756));
#6065 = CARTESIAN_POINT('',(-0.547446000354,1.328430475756));
#6066 = CARTESIAN_POINT('',(-0.538806620557,1.328430475756));
#6067 = CARTESIAN_POINT('',(-0.534565470474,1.328430475756));
#6068 = CARTESIAN_POINT('',(-0.530324320392,1.328430475756));
#6069 = CARTESIAN_POINT('',(-0.522627418391,1.328430475756));
#6070 = CARTESIAN_POINT('',(-0.519171666472,1.328430475756));
#6071 = CARTESIAN_POINT('',(-0.515715914553,1.328430475756));
#6072 = CARTESIAN_POINT('',(-0.508333171817,1.328430475756));
#6073 = CARTESIAN_POINT('',(-0.504406181,1.328430475756));
#6074 = CARTESIAN_POINT('',(-0.500479190183,1.328430475756));
#6075 = CARTESIAN_POINT('',(-0.491996890019,1.328430475756));
#6076 = CARTESIAN_POINT('',(-0.487441580671,1.328430475756));
#6077 = CARTESIAN_POINT('',(-0.482886271323,1.328430475756));
#6078 = CARTESIAN_POINT('',(-0.473775652628,1.328430475756));
#6079 = CARTESIAN_POINT('',(-0.46922034328,1.328430475756));
#6080 = CARTESIAN_POINT('',(-0.464665033932,1.328430475756));
#6081 = CARTESIAN_POINT('',(-0.455868574502,1.328430475756));
#6082 = CARTESIAN_POINT('',(-0.45162742442,1.328430475756));
#6083 = CARTESIAN_POINT('',(-0.447386274337,1.328430475756));
#6084 = CARTESIAN_POINT('',(-0.43874689454,1.328430475756));
#6085 = CARTESIAN_POINT('',(-0.434348664825,1.328430475756));
#6086 = CARTESIAN_POINT('',(-0.42995043511,1.328430475756));
#6087 = CARTESIAN_POINT('',(-0.421782294211,1.328430475756));
#6088 = CARTESIAN_POINT('',(-0.418012383026,1.328430475756));
#6089 = CARTESIAN_POINT('',(-0.414242471842,1.328430475756));
#6090 = CARTESIAN_POINT('',(-0.405131853148,1.328430475756));
#6091 = CARTESIAN_POINT('',(-0.399791145636,1.328430475756));
#6092 = CARTESIAN_POINT('',(-0.394450438124,1.328430475756));
#6093 = CARTESIAN_POINT('',(-0.384711500899,1.328430475756));
#6094 = CARTESIAN_POINT('',(-0.380313271183,1.328430475756));
#6095 = CARTESIAN_POINT('',(-0.375915041468,1.328430475756));
#6096 = CARTESIAN_POINT('',(-0.367118582039,1.328430475756));
#6097 = CARTESIAN_POINT('',(-0.362720352323,1.328430475756));
#6098 = CARTESIAN_POINT('',(-0.358322122608,1.328430475756));
#6099 = CARTESIAN_POINT('',(-0.350153981709,1.328430475756));
#6100 = CARTESIAN_POINT('',(-0.346384070525,1.328430475756));
#6101 = CARTESIAN_POINT('',(-0.34261415934,1.328430475756));
#6102 = CARTESIAN_POINT('',(-0.334446018441,1.328430475756));
#6103 = CARTESIAN_POINT('',(-0.330047788726,1.328430475756));
#6104 = CARTESIAN_POINT('',(-0.325649559011,1.328430475756));
#6105 = CARTESIAN_POINT('',(-0.318895134806,1.328430475756));
#6106 = CARTESIAN_POINT('',(-0.316538940316,1.328430475756));
#6107 = CARTESIAN_POINT('',(-0.314182745825,1.328430475756));
#6108 = CARTESIAN_POINT('',(-0.307271241988,1.328430475756));
#6109 = CARTESIAN_POINT('',(-0.30271593264,1.328430475756));
#6110 = CARTESIAN_POINT('',(-0.298160623292,1.328430475756));
#6111 = CARTESIAN_POINT('',(-0.289050004597,1.328430475756));
#6112 = CARTESIAN_POINT('',(-0.284494695249,1.328430475756));
#6113 = CARTESIAN_POINT('',(-0.279939385901,1.328430475756));
#6114 = CARTESIAN_POINT('',(-0.270985846839,1.328430475756));
#6115 = CARTESIAN_POINT('',(-0.266587617124,1.328430475756));
#6116 = CARTESIAN_POINT('',(-0.262189387408,1.328430475756));
#6117 = CARTESIAN_POINT('',(-0.253235848346,1.328430475756));
#6118 = CARTESIAN_POINT('',(-0.248680538998,1.328430475756));
#6119 = CARTESIAN_POINT('',(-0.24412522965,1.328430475756));
#6120 = CARTESIAN_POINT('',(-0.235014610956,1.328430475756));
#6121 = CARTESIAN_POINT('',(-0.230459301607,1.328430475756));
#6122 = CARTESIAN_POINT('',(-0.225903992259,1.328430475756));
#6123 = CARTESIAN_POINT('',(-0.216793373565,1.328430475756));
#6124 = CARTESIAN_POINT('',(-0.212238064217,1.328430475756));
#6125 = CARTESIAN_POINT('',(-0.207682754869,1.328430475756));
#6126 = CARTESIAN_POINT('',(-0.198572136174,1.328430475756));
#6127 = CARTESIAN_POINT('',(-0.194016826826,1.328430475756));
#6128 = CARTESIAN_POINT('',(-0.189461517478,1.328430475756));
#6129 = CARTESIAN_POINT('',(-0.180350898783,1.328430475756));
#6130 = CARTESIAN_POINT('',(-0.175795589435,1.328430475756));
#6131 = CARTESIAN_POINT('',(-0.171240280087,1.328430475756));
#6132 = CARTESIAN_POINT('',(-0.162757979923,1.328430475756));
#6133 = CARTESIAN_POINT('',(-0.158830989106,1.328430475756));
#6134 = CARTESIAN_POINT('',(-0.154903998289,1.328430475756));
#6135 = CARTESIAN_POINT('',(-0.14736417592,1.328430475756));
#6136 = CARTESIAN_POINT('',(-0.143751344369,1.328430475756));
#6137 = CARTESIAN_POINT('',(-0.140138512817,1.328430475756));
#6138 = CARTESIAN_POINT('',(-0.131970371918,1.328430475756));
#6139 = CARTESIAN_POINT('',(-0.12741506257,1.328430475756));
#6140 = CARTESIAN_POINT('',(-0.122859753222,1.328430475756));
#6141 = CARTESIAN_POINT('',(-0.113749134527,1.328430475756));
#6142 = CARTESIAN_POINT('',(-0.109193825179,1.328430475756));
#6143 = CARTESIAN_POINT('',(-0.104638515831,1.328430475756));
#6144 = CARTESIAN_POINT('',(-9.552789713633E-02,1.328430475756));
#6145 = CARTESIAN_POINT('',(-9.09725877883E-02,1.328430475756));
#6146 = CARTESIAN_POINT('',(-8.641727844028E-02,1.328430475756));
#6147 = CARTESIAN_POINT('',(-7.730665974552E-02,1.328430475756));
#6148 = CARTESIAN_POINT('',(-7.27513503975E-02,1.328430475756));
#6149 = CARTESIAN_POINT('',(-6.819604104948E-02,1.328430475756));
#6150 = CARTESIAN_POINT('',(-6.018497978324E-02,1.328430475756));
#6151 = CARTESIAN_POINT('',(-5.672922786421E-02,1.328430475756));
#6152 = CARTESIAN_POINT('',(-5.327347594519E-02,1.328430475756));
#6153 = CARTESIAN_POINT('',(-4.526241467895E-02,1.328430475756));
#6154 = CARTESIAN_POINT('',(-4.070710533093E-02,1.328430475756));
#6155 = CARTESIAN_POINT('',(-3.61517959829E-02,1.328430475756));
#6156 = CARTESIAN_POINT('',(-2.861197361466E-02,1.328430475756));
#6157 = CARTESIAN_POINT('',(-2.562746059372E-02,1.328430475756));
#6158 = CARTESIAN_POINT('',(-2.264294757277E-02,1.328430475756));
#6159 = CARTESIAN_POINT('',(-1.474382592122E-02,1.328430475756));
#6160 = CARTESIAN_POINT('',(-9.82921726712E-03,1.328430475756));
#6161 = CARTESIAN_POINT('',(-4.914608658337E-03,1.328430475756));
#6162 = CARTESIAN_POINT('',(0.,1.328430475756));
#6163 = ( GEOMETRIC_REPRESENTATION_CONTEXT(2) 
PARAMETRIC_REPRESENTATION_CONTEXT() REPRESENTATION_CONTEXT('2D SPACE',''
  ) );
#6164 = PCURVE('',#3529,#6165);
#6165 = DEFINITIONAL_REPRESENTATION('',(#6166),#6457);
#6166 = B_SPLINE_CURVE_WITH_KNOTS('',4,(#6167,#6168,#6169,#6170,#6171,
    #6172,#6173,#6174,#6175,#6176,#6177,#6178,#6179,#6180,#6181,#6182,
    #6183,#6184,#6185,#6186,#6187,#6188,#6189,#6190,#6191,#6192,#6193,
    #6194,#6195,#6196,#6197,#6198,#6199,#6200,#6201,#6202,#6203,#6204,
    #6205,#6206,#6207,#6208,#6209,#6210,#6211,#6212,#6213,#6214,#6215,
    #6216,#6217,#6218,#6219,#6220,#6221,#6222,#6223,#6224,#6225,#6226,
    #6227,#6228,#6229,#6230,#6231,#6232,#6233,#6234,#6235,#6236,#6237,
    #6238,#6239,#6240,#6241,#6242,#6243,#6244,#6245,#6246,#6247,#6248,
    #6249,#6250,#6251,#6252,#6253,#6254,#6255,#6256,#6257,#6258,#6259,
    #6260,#6261,#6262,#6263,#6264,#6265,#6266,#6267,#6268,#6269,#6270,
    #6271,#6272,#6273,#6274,#6275,#6276,#6277,#6278,#6279,#6280,#6281,
    #6282,#6283,#6284,#6285,#6286,#6287,#6288,#6289,#6290,#6291,#6292,
    #6293,#6294,#6295,#6296,#6297,#6298,#6299,#6300,#6301,#6302,#6303,
    #6304,#6305,#6306,#6307,#6308,#6309,#6310,#6311,#6312,#6313,#6314,
    #6315,#6316,#6317,#6318,#6319,#6320,#6321,#6322,#6323,#6324,#6325,
    #6326,#6327,#6328,#6329,#6330,#6331,#6332,#6333,#6334,#6335,#6336,
    #6337,#6338,#6339,#6340,#6341,#6342,#6343,#6344,#6345,#6346,#6347,
    #6348,#6349,#6350,#6351,#6352,#6353,#6354,#6355,#6356,#6357,#6358,
    #6359,#6360,#6361,#6362,#6363,#6364,#6365,#6366,#6367,#6368,#6369,
    #6370,#6371,#6372,#6373,#6374,#6375,#6376,#6377,#6378,#6379,#6380,
    #6381,#6382,#6383,#6384,#6385,#6386,#6387,#6388,#6389,#6390,#6391,
    #6392,#6393,#6394,#6395,#6396,#6397,#6398,#6399,#6400,#6401,#6402,
    #6403,#6404,#6405,#6406,#6407,#6408,#6409,#6410,#6411,#6412,#6413,
    #6414,#6415,#6416,#6417,#6418,#6419,#6420,#6421,#6422,#6423,#6424,
    #6425,#6426,#6427,#6428,#6429,#6430,#6431,#6432,#6433,#6434,#6435,
    #6436,#6437,#6438,#6439,#6440,#6441,#6442,#6443,#6444,#6445,#6446,
    #6447,#6448,#6449,#6450,#6451,#6452,#6453,#6454,#6455,#6456),
  .UNSPECIFIED.,.F.,.F.,(5,3,3,3,3,3,3,3,3,3,3,3,3,3,3,3,3,3,3,3,3,3,3,3
    ,3,3,3,3,3,3,3,3,3,3,3,3,3,3,3,3,3,3,3,3,3,3,3,3,3,3,3,3,3,3,3,3,3,3
    ,3,3,3,3,3,3,3,3,3,3,3,3,3,3,3,3,3,3,3,3,3,3,3,3,3,3,3,3,3,3,3,3,3,3
    ,3,3,3,3,5),(0.,1.068505188018E-02,2.028505188046E-02,
    3.188505188037E-02,4.188505188062E-02,5.348505188053E-02,
    5.988505188089E-02,7.0685051881E-02,8.228505188092E-02,
    9.028505188131E-02,0.101885051881,0.109885051882,0.119085051882,
    0.129485051882,0.139485051882,0.151085051882,0.162685051882,
    0.173485051882,0.183085051883,0.192285051883,0.203885051883,
    0.214685051883,0.223485051883,0.235085051883,0.246685051883,
    0.260685051882,0.273085051881,0.284685051881,0.295085051882,
    0.306285051882,0.312685051882,0.323085051882,0.332685051883,
    0.341885051883,0.350285051883,0.359485051884,0.370285051884,
    0.381485051884,0.392285051884,0.400285051884,0.411485051884,
    0.422285051884,0.433885051884,0.442685051885,0.453485051885,
    0.463085051885,0.473885051885,0.482685051885,0.493885051886,
    0.500285051886,0.511085051886,0.517485051886,0.527485051887,
    0.536685051887,0.548285051887,0.559885051887,0.571485051887,
    0.580685051887,0.592285051887,0.603085051887,0.609885051887,
    0.621485051887,0.633085051887,0.643085051887,0.654285051887,
    0.665085051888,0.673885051888,0.683885051888,0.695485051888,
    0.707085051888,0.717885051888,0.729085051888,0.738685051888,
    0.752285051887,0.763485051887,0.774685051888,0.784285051888,
    0.795485051888,0.801485051888,0.813085051888,0.824685051888,
    0.835885051888,0.847485051888,0.859085051888,0.870685051888,
    0.882285051888,0.893885051887,0.903885051888,0.913085051888,
    0.924685051888,0.936285051888,0.947885051888,0.959485051888,
    0.968285051888,0.979885051888,0.987485051888,1.),.UNSPECIFIED.);
#6167 = CARTESIAN_POINT('',(-3.85279373509E-15,0.926932219902));
#6168 = CARTESIAN_POINT('',(4.196010049172E-03,0.926932219902));
#6169 = CARTESIAN_POINT('',(8.392020120416E-03,0.926932219902));
#6170 = CARTESIAN_POINT('',(1.258803017197E-02,0.926932219902));
#6171 = CARTESIAN_POINT('',(2.055395141712E-02,0.926932219902));
#6172 = CARTESIAN_POINT('',(2.432386260155E-02,0.926932219902));
#6173 = CARTESIAN_POINT('',(2.809377378597E-02,0.926932219902));
#6174 = CARTESIAN_POINT('',(3.641899431751E-02,0.926932219902));
#6175 = CARTESIAN_POINT('',(4.097430366553E-02,0.926932219902));
#6176 = CARTESIAN_POINT('',(4.552961301355E-02,0.926932219902));
#6177 = CARTESIAN_POINT('',(5.401191317775E-02,0.926932219902));
#6178 = CARTESIAN_POINT('',(5.793890399488E-02,0.926932219902));
#6179 = CARTESIAN_POINT('',(6.186589481201E-02,0.926932219902));
#6180 = CARTESIAN_POINT('',(7.03481949762E-02,0.926932219902));
#6181 = CARTESIAN_POINT('',(7.490350432422E-02,0.926932219902));
#6182 = CARTESIAN_POINT('',(7.945881367224E-02,0.926932219902));
#6183 = CARTESIAN_POINT('',(8.652739714246E-02,0.926932219902));
#6184 = CARTESIAN_POINT('',(8.904067126534E-02,0.926932219902));
#6185 = CARTESIAN_POINT('',(9.155394538823E-02,0.926932219902));
#6186 = CARTESIAN_POINT('',(9.830836959318E-02,0.926932219902));
#6187 = CARTESIAN_POINT('',(0.102549519676,0.926932219902));
#6188 = CARTESIAN_POINT('',(0.106790669758,0.926932219902));
#6189 = CARTESIAN_POINT('',(0.115587129188,0.926932219902));
#6190 = CARTESIAN_POINT('',(0.120142438536,0.926932219902));
#6191 = CARTESIAN_POINT('',(0.124697747884,0.926932219902));
#6192 = CARTESIAN_POINT('',(0.132394649885,0.926932219902));
#6193 = CARTESIAN_POINT('',(0.135536242538,0.926932219902));
#6194 = CARTESIAN_POINT('',(0.138677835192,0.926932219902));
#6195 = CARTESIAN_POINT('',(0.146374737193,0.926932219902));
#6196 = CARTESIAN_POINT('',(0.150930046541,0.926932219902));
#6197 = CARTESIAN_POINT('',(0.155485355889,0.926932219902));
#6198 = CARTESIAN_POINT('',(0.16318225789,0.926932219902));
#6199 = CARTESIAN_POINT('',(0.166323850543,0.926932219902));
#6200 = CARTESIAN_POINT('',(0.169465443197,0.926932219902));
#6201 = CARTESIAN_POINT('',(0.176219867402,0.926932219902));
#6202 = CARTESIAN_POINT('',(0.179832698954,0.926932219902));
#6203 = CARTESIAN_POINT('',(0.183445530506,0.926932219902));
#6204 = CARTESIAN_POINT('',(0.191142432507,0.926932219902));
#6205 = CARTESIAN_POINT('',(0.195226502956,0.926932219902));
#6206 = CARTESIAN_POINT('',(0.199310573406,0.926932219902));
#6207 = CARTESIAN_POINT('',(0.207321634673,0.926932219902));
#6208 = CARTESIAN_POINT('',(0.21124862549,0.926932219902));
#6209 = CARTESIAN_POINT('',(0.215175616307,0.926932219902));
#6210 = CARTESIAN_POINT('',(0.223657916471,0.926932219902));
#6211 = CARTESIAN_POINT('',(0.228213225819,0.926932219902));
#6212 = CARTESIAN_POINT('',(0.232768535167,0.926932219902));
#6213 = CARTESIAN_POINT('',(0.241879153862,0.926932219902));
#6214 = CARTESIAN_POINT('',(0.24643446321,0.926932219902));
#6215 = CARTESIAN_POINT('',(0.250989772558,0.926932219902));
#6216 = CARTESIAN_POINT('',(0.259786231987,0.926932219902));
#6217 = CARTESIAN_POINT('',(0.26402738207,0.926932219902));
#6218 = CARTESIAN_POINT('',(0.268268532152,0.926932219902));
#6219 = CARTESIAN_POINT('',(0.276279593419,0.926932219902));
#6220 = CARTESIAN_POINT('',(0.280049504603,0.926932219902));
#6221 = CARTESIAN_POINT('',(0.283819415788,0.926932219902));
#6222 = CARTESIAN_POINT('',(0.291202158523,0.926932219902));
#6223 = CARTESIAN_POINT('',(0.294814990075,0.926932219902));
#6224 = CARTESIAN_POINT('',(0.298427821627,0.926932219902));
#6225 = CARTESIAN_POINT('',(0.306595962526,0.926932219902));
#6226 = CARTESIAN_POINT('',(0.311151271874,0.926932219902));
#6227 = CARTESIAN_POINT('',(0.315706581222,0.926932219902));
#6228 = CARTESIAN_POINT('',(0.324503040651,0.926932219902));
#6229 = CARTESIAN_POINT('',(0.328744190734,0.926932219902));
#6230 = CARTESIAN_POINT('',(0.332985340816,0.926932219902));
#6231 = CARTESIAN_POINT('',(0.340682242817,0.926932219902));
#6232 = CARTESIAN_POINT('',(0.344137994736,0.926932219902));
#6233 = CARTESIAN_POINT('',(0.347593746655,0.926932219902));
#6234 = CARTESIAN_POINT('',(0.355604807921,0.926932219902));
#6235 = CARTESIAN_POINT('',(0.36016011727,0.926932219902));
#6236 = CARTESIAN_POINT('',(0.364715426618,0.926932219902));
#6237 = CARTESIAN_POINT('',(0.373826045312,0.926932219902));
#6238 = CARTESIAN_POINT('',(0.37838135466,0.926932219902));
#6239 = CARTESIAN_POINT('',(0.382936664008,0.926932219902));
#6240 = CARTESIAN_POINT('',(0.392989760499,0.926932219902));
#6241 = CARTESIAN_POINT('',(0.398487547643,0.926932219902));
#6242 = CARTESIAN_POINT('',(0.403985334788,0.926932219902));
#6243 = CARTESIAN_POINT('',(0.414352590543,0.926932219902));
#6244 = CARTESIAN_POINT('',(0.419222059157,0.926932219902));
#6245 = CARTESIAN_POINT('',(0.42409152777,0.926932219902));
#6246 = CARTESIAN_POINT('',(0.43351630573,0.926932219902));
#6247 = CARTESIAN_POINT('',(0.438071615078,0.926932219902));
#6248 = CARTESIAN_POINT('',(0.442626924426,0.926932219902));
#6249 = CARTESIAN_POINT('',(0.451266304223,0.926932219902));
#6250 = CARTESIAN_POINT('',(0.455350374673,0.926932219902));
#6251 = CARTESIAN_POINT('',(0.459434445123,0.926932219902));
#6252 = CARTESIAN_POINT('',(0.467916745287,0.926932219902));
#6253 = CARTESIAN_POINT('',(0.472314975002,0.926932219902));
#6254 = CARTESIAN_POINT('',(0.476713204718,0.926932219902));
#6255 = CARTESIAN_POINT('',(0.483624708555,0.926932219902));
#6256 = CARTESIAN_POINT('',(0.486137982678,0.926932219902));
#6257 = CARTESIAN_POINT('',(0.488651256801,0.926932219902));
#6258 = CARTESIAN_POINT('',(0.495248601373,0.926932219902));
#6259 = CARTESIAN_POINT('',(0.499332671823,0.926932219902));
#6260 = CARTESIAN_POINT('',(0.503416742273,0.926932219902));
#6261 = CARTESIAN_POINT('',(0.511270723907,0.926932219902));
#6262 = CARTESIAN_POINT('',(0.515040635091,0.926932219902));
#6263 = CARTESIAN_POINT('',(0.518810546275,0.926932219902));
#6264 = CARTESIAN_POINT('',(0.526193289011,0.926932219902));
#6265 = CARTESIAN_POINT('',(0.529806120563,0.926932219902));
#6266 = CARTESIAN_POINT('',(0.533418952115,0.926932219902));
#6267 = CARTESIAN_POINT('',(0.540330455952,0.926932219902));
#6268 = CARTESIAN_POINT('',(0.543629128239,0.926932219902));
#6269 = CARTESIAN_POINT('',(0.546927800525,0.926932219902));
#6270 = CARTESIAN_POINT('',(0.553839304363,0.926932219902));
#6271 = CARTESIAN_POINT('',(0.557452135914,0.926932219902));
#6272 = CARTESIAN_POINT('',(0.561064967466,0.926932219902));
#6273 = CARTESIAN_POINT('',(0.5689189491,0.926932219902));
#6274 = CARTESIAN_POINT('',(0.573160099182,0.926932219902));
#6275 = CARTESIAN_POINT('',(0.577401249265,0.926932219902));
#6276 = CARTESIAN_POINT('',(0.586040629062,0.926932219902));
#6277 = CARTESIAN_POINT('',(0.590438858777,0.926932219902));
#6278 = CARTESIAN_POINT('',(0.594837088492,0.926932219902));
#6279 = CARTESIAN_POINT('',(0.603476468289,0.926932219902));
#6280 = CARTESIAN_POINT('',(0.607717618372,0.926932219902));
#6281 = CARTESIAN_POINT('',(0.611958768454,0.926932219902));
#6282 = CARTESIAN_POINT('',(0.61934151119,0.926932219902));
#6283 = CARTESIAN_POINT('',(0.622483103844,0.926932219902));
#6284 = CARTESIAN_POINT('',(0.625624696497,0.926932219902));
#6285 = CARTESIAN_POINT('',(0.633164518865,0.926932219902));
#6286 = CARTESIAN_POINT('',(0.637562748581,0.926932219902));
#6287 = CARTESIAN_POINT('',(0.641960978296,0.926932219902));
#6288 = CARTESIAN_POINT('',(0.650600358093,0.926932219902));
#6289 = CARTESIAN_POINT('',(0.654841508175,0.926932219902));
#6290 = CARTESIAN_POINT('',(0.659082658258,0.926932219902));
#6291 = CARTESIAN_POINT('',(0.667879117688,0.926932219902));
#6292 = CARTESIAN_POINT('',(0.672434427036,0.926932219902));
#6293 = CARTESIAN_POINT('',(0.676989736384,0.926932219902));
#6294 = CARTESIAN_POINT('',(0.68500079765,0.926932219902));
#6295 = CARTESIAN_POINT('',(0.688456549569,0.926932219902));
#6296 = CARTESIAN_POINT('',(0.691912301488,0.926932219902));
#6297 = CARTESIAN_POINT('',(0.699609203489,0.926932219902));
#6298 = CARTESIAN_POINT('',(0.703850353571,0.926932219902));
#6299 = CARTESIAN_POINT('',(0.708091503654,0.926932219902));
#6300 = CARTESIAN_POINT('',(0.71610256492,0.926932219902));
#6301 = CARTESIAN_POINT('',(0.719872476105,0.926932219902));
#6302 = CARTESIAN_POINT('',(0.723642387289,0.926932219902));
#6303 = CARTESIAN_POINT('',(0.731653448555,0.926932219902));
#6304 = CARTESIAN_POINT('',(0.735894598638,0.926932219902));
#6305 = CARTESIAN_POINT('',(0.74013574872,0.926932219902));
#6306 = CARTESIAN_POINT('',(0.747832650721,0.926932219902));
#6307 = CARTESIAN_POINT('',(0.75128840264,0.926932219902));
#6308 = CARTESIAN_POINT('',(0.754744154559,0.926932219902));
#6309 = CARTESIAN_POINT('',(0.762598136193,0.926932219902));
#6310 = CARTESIAN_POINT('',(0.766996365908,0.926932219902));
#6311 = CARTESIAN_POINT('',(0.771394595624,0.926932219902));
#6312 = CARTESIAN_POINT('',(0.778306099461,0.926932219902));
#6313 = CARTESIAN_POINT('',(0.780819373584,0.926932219902));
#6314 = CARTESIAN_POINT('',(0.783332647707,0.926932219902));
#6315 = CARTESIAN_POINT('',(0.790087071912,0.926932219902));
#6316 = CARTESIAN_POINT('',(0.794328221995,0.926932219902));
#6317 = CARTESIAN_POINT('',(0.798569372077,0.926932219902));
#6318 = CARTESIAN_POINT('',(0.805323796282,0.926932219902));
#6319 = CARTESIAN_POINT('',(0.807837070405,0.926932219902));
#6320 = CARTESIAN_POINT('',(0.810350344528,0.926932219902));
#6321 = CARTESIAN_POINT('',(0.816790609468,0.926932219902));
#6322 = CARTESIAN_POINT('',(0.820717600285,0.926932219902));
#6323 = CARTESIAN_POINT('',(0.824644591102,0.926932219902));
#6324 = CARTESIAN_POINT('',(0.83218441347,0.926932219902));
#6325 = CARTESIAN_POINT('',(0.835797245022,0.926932219902));
#6326 = CARTESIAN_POINT('',(0.839410076574,0.926932219902));
#6327 = CARTESIAN_POINT('',(0.847578217472,0.926932219902));
#6328 = CARTESIAN_POINT('',(0.85213352682,0.926932219902));
#6329 = CARTESIAN_POINT('',(0.856688836168,0.926932219902));
#6330 = CARTESIAN_POINT('',(0.865799454863,0.926932219902));
#6331 = CARTESIAN_POINT('',(0.870354764211,0.926932219902));
#6332 = CARTESIAN_POINT('',(0.874910073559,0.926932219902));
#6333 = CARTESIAN_POINT('',(0.884020692254,0.926932219902));
#6334 = CARTESIAN_POINT('',(0.888576001602,0.926932219902));
#6335 = CARTESIAN_POINT('',(0.89313131095,0.926932219902));
#6336 = CARTESIAN_POINT('',(0.901299451849,0.926932219902));
#6337 = CARTESIAN_POINT('',(0.904912283401,0.926932219902));
#6338 = CARTESIAN_POINT('',(0.908525114952,0.926932219902));
#6339 = CARTESIAN_POINT('',(0.916693255851,0.926932219902));
#6340 = CARTESIAN_POINT('',(0.921248565199,0.926932219902));
#6341 = CARTESIAN_POINT('',(0.925803874547,0.926932219902));
#6342 = CARTESIAN_POINT('',(0.934600333977,0.926932219902));
#6343 = CARTESIAN_POINT('',(0.938841484059,0.926932219902));
#6344 = CARTESIAN_POINT('',(0.943082634142,0.926932219902));
#6345 = CARTESIAN_POINT('',(0.94999413798,0.926932219902));
#6346 = CARTESIAN_POINT('',(0.952664491735,0.926932219902));
#6347 = CARTESIAN_POINT('',(0.955334845491,0.926932219902));
#6348 = CARTESIAN_POINT('',(0.962560508594,0.926932219902));
#6349 = CARTESIAN_POINT('',(0.967115817942,0.926932219902));
#6350 = CARTESIAN_POINT('',(0.97167112729,0.926932219902));
#6351 = CARTESIAN_POINT('',(0.980781745984,0.926932219902));
#6352 = CARTESIAN_POINT('',(0.985337055332,0.926932219902));
#6353 = CARTESIAN_POINT('',(0.98989236468,0.926932219902));
#6354 = CARTESIAN_POINT('',(0.998374664845,0.926932219902));
#6355 = CARTESIAN_POINT('',(1.002301655662,0.926932219902));
#6356 = CARTESIAN_POINT('',(1.006228646479,0.926932219902));
#6357 = CARTESIAN_POINT('',(1.01455386701,0.926932219902));
#6358 = CARTESIAN_POINT('',(1.018952096726,0.926932219902));
#6359 = CARTESIAN_POINT('',(1.023350326441,0.926932219902));
#6360 = CARTESIAN_POINT('',(1.031989706238,0.926932219902));
#6361 = CARTESIAN_POINT('',(1.03623085632,0.926932219902));
#6362 = CARTESIAN_POINT('',(1.040472006403,0.926932219902));
#6363 = CARTESIAN_POINT('',(1.048168908404,0.926932219902));
#6364 = CARTESIAN_POINT('',(1.051624660323,0.926932219902));
#6365 = CARTESIAN_POINT('',(1.055080412242,0.926932219902));
#6366 = CARTESIAN_POINT('',(1.062463154978,0.926932219902));
#6367 = CARTESIAN_POINT('',(1.066390145795,0.926932219902));
#6368 = CARTESIAN_POINT('',(1.070317136612,0.926932219902));
#6369 = CARTESIAN_POINT('',(1.078799436776,0.926932219902));
#6370 = CARTESIAN_POINT('',(1.083354746124,0.926932219902));
#6371 = CARTESIAN_POINT('',(1.087910055472,0.926932219902));
#6372 = CARTESIAN_POINT('',(1.097020674167,0.926932219902));
#6373 = CARTESIAN_POINT('',(1.101575983515,0.926932219902));
#6374 = CARTESIAN_POINT('',(1.106131292863,0.926932219902));
#6375 = CARTESIAN_POINT('',(1.114927752292,0.926932219902));
#6376 = CARTESIAN_POINT('',(1.119168902375,0.926932219902));
#6377 = CARTESIAN_POINT('',(1.123410052458,0.926932219902));
#6378 = CARTESIAN_POINT('',(1.132049432254,0.926932219902));
#6379 = CARTESIAN_POINT('',(1.13644766197,0.926932219902));
#6380 = CARTESIAN_POINT('',(1.140845891685,0.926932219902));
#6381 = CARTESIAN_POINT('',(1.149014032584,0.926932219902));
#6382 = CARTESIAN_POINT('',(1.152783943768,0.926932219902));
#6383 = CARTESIAN_POINT('',(1.156553854953,0.926932219902));
#6384 = CARTESIAN_POINT('',(1.165664473647,0.926932219902));
#6385 = CARTESIAN_POINT('',(1.171005181159,0.926932219902));
#6386 = CARTESIAN_POINT('',(1.176345888671,0.926932219902));
#6387 = CARTESIAN_POINT('',(1.186084825896,0.926932219902));
#6388 = CARTESIAN_POINT('',(1.190483055611,0.926932219902));
#6389 = CARTESIAN_POINT('',(1.194881285327,0.926932219902));
#6390 = CARTESIAN_POINT('',(1.203677744756,0.926932219902));
#6391 = CARTESIAN_POINT('',(1.208075974472,0.926932219902));
#6392 = CARTESIAN_POINT('',(1.212474204187,0.926932219902));
#6393 = CARTESIAN_POINT('',(1.220642345086,0.926932219902));
#6394 = CARTESIAN_POINT('',(1.22441225627,0.926932219902));
#6395 = CARTESIAN_POINT('',(1.228182167455,0.926932219902));
#6396 = CARTESIAN_POINT('',(1.236350308354,0.926932219902));
#6397 = CARTESIAN_POINT('',(1.240748538069,0.926932219902));
#6398 = CARTESIAN_POINT('',(1.245146767784,0.926932219902));
#6399 = CARTESIAN_POINT('',(1.251901191989,0.926932219902));
#6400 = CARTESIAN_POINT('',(1.254257386479,0.926932219902));
#6401 = CARTESIAN_POINT('',(1.256613580969,0.926932219902));
#6402 = CARTESIAN_POINT('',(1.263525084807,0.926932219902));
#6403 = CARTESIAN_POINT('',(1.268080394155,0.926932219902));
#6404 = CARTESIAN_POINT('',(1.272635703503,0.926932219902));
#6405 = CARTESIAN_POINT('',(1.281746322198,0.926932219902));
#6406 = CARTESIAN_POINT('',(1.286301631546,0.926932219902));
#6407 = CARTESIAN_POINT('',(1.290856940894,0.926932219902));
#6408 = CARTESIAN_POINT('',(1.299810479956,0.926932219902));
#6409 = CARTESIAN_POINT('',(1.304208709671,0.926932219902));
#6410 = CARTESIAN_POINT('',(1.308606939386,0.926932219902));
#6411 = CARTESIAN_POINT('',(1.317560478449,0.926932219902));
#6412 = CARTESIAN_POINT('',(1.322115787797,0.926932219902));
#6413 = CARTESIAN_POINT('',(1.326671097145,0.926932219902));
#6414 = CARTESIAN_POINT('',(1.335781715839,0.926932219902));
#6415 = CARTESIAN_POINT('',(1.340337025187,0.926932219902));
#6416 = CARTESIAN_POINT('',(1.344892334535,0.926932219902));
#6417 = CARTESIAN_POINT('',(1.35400295323,0.926932219902));
#6418 = CARTESIAN_POINT('',(1.358558262578,0.926932219902));
#6419 = CARTESIAN_POINT('',(1.363113571926,0.926932219902));
#6420 = CARTESIAN_POINT('',(1.372224190621,0.926932219902));
#6421 = CARTESIAN_POINT('',(1.376779499969,0.926932219902));
#6422 = CARTESIAN_POINT('',(1.381334809317,0.926932219902));
#6423 = CARTESIAN_POINT('',(1.390445428012,0.926932219902));
#6424 = CARTESIAN_POINT('',(1.39500073736,0.926932219902));
#6425 = CARTESIAN_POINT('',(1.399556046708,0.926932219902));
#6426 = CARTESIAN_POINT('',(1.408038346872,0.926932219902));
#6427 = CARTESIAN_POINT('',(1.411965337689,0.926932219902));
#6428 = CARTESIAN_POINT('',(1.415892328506,0.926932219902));
#6429 = CARTESIAN_POINT('',(1.423432150875,0.926932219902));
#6430 = CARTESIAN_POINT('',(1.427044982426,0.926932219902));
#6431 = CARTESIAN_POINT('',(1.430657813978,0.926932219902));
#6432 = CARTESIAN_POINT('',(1.438825954877,0.926932219902));
#6433 = CARTESIAN_POINT('',(1.443381264225,0.926932219902));
#6434 = CARTESIAN_POINT('',(1.447936573573,0.926932219902));
#6435 = CARTESIAN_POINT('',(1.457047192268,0.926932219902));
#6436 = CARTESIAN_POINT('',(1.461602501616,0.926932219902));
#6437 = CARTESIAN_POINT('',(1.466157810964,0.926932219902));
#6438 = CARTESIAN_POINT('',(1.475268429659,0.926932219902));
#6439 = CARTESIAN_POINT('',(1.479823739007,0.926932219902));
#6440 = CARTESIAN_POINT('',(1.484379048355,0.926932219902));
#6441 = CARTESIAN_POINT('',(1.493489667049,0.926932219902));
#6442 = CARTESIAN_POINT('',(1.498044976397,0.926932219902));
#6443 = CARTESIAN_POINT('',(1.502600285745,0.926932219902));
#6444 = CARTESIAN_POINT('',(1.510611347012,0.926932219902));
#6445 = CARTESIAN_POINT('',(1.514067098931,0.926932219902));
#6446 = CARTESIAN_POINT('',(1.51752285085,0.926932219902));
#6447 = CARTESIAN_POINT('',(1.525533912116,0.926932219902));
#6448 = CARTESIAN_POINT('',(1.530089221464,0.926932219902));
#6449 = CARTESIAN_POINT('',(1.534644530812,0.926932219902));
#6450 = CARTESIAN_POINT('',(1.54218435318,0.926932219902));
#6451 = CARTESIAN_POINT('',(1.545168866201,0.926932219902));
#6452 = CARTESIAN_POINT('',(1.548153379222,0.926932219902));
#6453 = CARTESIAN_POINT('',(1.556052500874,0.926932219902));
#6454 = CARTESIAN_POINT('',(1.560967109528,0.926932219902));
#6455 = CARTESIAN_POINT('',(1.565881718137,0.926932219902));
#6456 = CARTESIAN_POINT('',(1.570796326795,0.926932219902));
#6457 = ( GEOMETRIC_REPRESENTATION_CONTEXT(2) 
PARAMETRIC_REPRESENTATION_CONTEXT() REPRESENTATION_CONTEXT('2D SPACE',''
  ) );
#6458 = ADVANCED_FACE('',(#6459),#3529,.F.);
#6459 = FACE_BOUND('',#6460,.F.);
#6460 = EDGE_LOOP('',(#6461,#6482,#6483,#6484));
#6461 = ORIENTED_EDGE('',*,*,#6462,.F.);
#6462 = EDGE_CURVE('',#3485,#3937,#6463,.T.);
#6463 = SURFACE_CURVE('',#6464,(#6468,#6475),.PCURVE_S1.);
#6464 = LINE('',#6465,#6466);
#6465 = CARTESIAN_POINT('',(50.1,85.4,16.));
#6466 = VECTOR('',#6467,1.);
#6467 = DIRECTION('',(0.,0.,1.));
#6468 = PCURVE('',#3529,#6469);
#6469 = DEFINITIONAL_REPRESENTATION('',(#6470),#6474);
#6470 = LINE('',#6471,#6472);
#6471 = CARTESIAN_POINT('',(0.,0.));
#6472 = VECTOR('',#6473,1.);
#6473 = DIRECTION('',(0.,1.));
#6474 = ( GEOMETRIC_REPRESENTATION_CONTEXT(2) 
PARAMETRIC_REPRESENTATION_CONTEXT() REPRESENTATION_CONTEXT('2D SPACE',''
  ) );
#6475 = PCURVE('',#3500,#6476);
#6476 = DEFINITIONAL_REPRESENTATION('',(#6477),#6481);
#6477 = LINE('',#6478,#6479);
#6478 = CARTESIAN_POINT('',(0.,-71.));
#6479 = VECTOR('',#6480,1.);
#6480 = DIRECTION('',(1.,0.));
#6481 = ( GEOMETRIC_REPRESENTATION_CONTEXT(2) 
PARAMETRIC_REPRESENTATION_CONTEXT() REPRESENTATION_CONTEXT('2D SPACE',''
  ) );
#6482 = ORIENTED_EDGE('',*,*,#3512,.T.);
#6483 = ORIENTED_EDGE('',*,*,#5550,.T.);
#6484 = ORIENTED_EDGE('',*,*,#5577,.F.);
#6485 = ADVANCED_FACE('',(#6486),#3500,.F.);
#6486 = FACE_BOUND('',#6487,.F.);
#6487 = EDGE_LOOP('',(#6488,#6489,#6490,#6491));
#6488 = ORIENTED_EDGE('',*,*,#3958,.T.);
#6489 = ORIENTED_EDGE('',*,*,#3836,.F.);
#6490 = ORIENTED_EDGE('',*,*,#3484,.T.);
#6491 = ORIENTED_EDGE('',*,*,#6462,.T.);
#6492 = ADVANCED_FACE('',(#6493),#3584,.F.);
#6493 = FACE_BOUND('',#6494,.F.);
#6494 = EDGE_LOOP('',(#6495,#6516,#6517,#6540,#6561));
#6495 = ORIENTED_EDGE('',*,*,#6496,.F.);
#6496 = EDGE_CURVE('',#4801,#3566,#6497,.T.);
#6497 = SURFACE_CURVE('',#6498,(#6502,#6509),.PCURVE_S1.);
#6498 = LINE('',#6499,#6500);
#6499 = CARTESIAN_POINT('',(3.5,19.5,10.5));
#6500 = VECTOR('',#6501,1.);
#6501 = DIRECTION('',(0.,0.,1.));
#6502 = PCURVE('',#3584,#6503);
#6503 = DEFINITIONAL_REPRESENTATION('',(#6504),#6508);
#6504 = LINE('',#6505,#6506);
#6505 = CARTESIAN_POINT('',(0.,0.));
#6506 = VECTOR('',#6507,1.);
#6507 = DIRECTION('',(0.,1.));
#6508 = ( GEOMETRIC_REPRESENTATION_CONTEXT(2) 
PARAMETRIC_REPRESENTATION_CONTEXT() REPRESENTATION_CONTEXT('2D SPACE',''
  ) );
#6509 = PCURVE('',#3611,#6510);
#6510 = DEFINITIONAL_REPRESENTATION('',(#6511),#6515);
#6511 = LINE('',#6512,#6513);
#6512 = CARTESIAN_POINT('',(0.,-3.5));
#6513 = VECTOR('',#6514,1.);
#6514 = DIRECTION('',(1.,0.));
#6515 = ( GEOMETRIC_REPRESENTATION_CONTEXT(2) 
PARAMETRIC_REPRESENTATION_CONTEXT() REPRESENTATION_CONTEXT('2D SPACE',''
  ) );
#6516 = ORIENTED_EDGE('',*,*,#4800,.T.);
#6517 = ORIENTED_EDGE('',*,*,#6518,.T.);
#6518 = EDGE_CURVE('',#4775,#6519,#6521,.T.);
#6519 = VERTEX_POINT('',#6520);
#6520 = CARTESIAN_POINT('',(7.,16.,15.5));
#6521 = SURFACE_CURVE('',#6522,(#6526,#6533),.PCURVE_S1.);
#6522 = LINE('',#6523,#6524);
#6523 = CARTESIAN_POINT('',(7.,16.,10.5));
#6524 = VECTOR('',#6525,1.);
#6525 = DIRECTION('',(0.,0.,1.));
#6526 = PCURVE('',#3584,#6527);
#6527 = DEFINITIONAL_REPRESENTATION('',(#6528),#6532);
#6528 = LINE('',#6529,#6530);
#6529 = CARTESIAN_POINT('',(1.570796326795,0.));
#6530 = VECTOR('',#6531,1.);
#6531 = DIRECTION('',(0.,1.));
#6532 = ( GEOMETRIC_REPRESENTATION_CONTEXT(2) 
PARAMETRIC_REPRESENTATION_CONTEXT() REPRESENTATION_CONTEXT('2D SPACE',''
  ) );
#6533 = PCURVE('',#4789,#6534);
#6534 = DEFINITIONAL_REPRESENTATION('',(#6535),#6539);
#6535 = LINE('',#6536,#6537);
#6536 = CARTESIAN_POINT('',(0.,7.));
#6537 = VECTOR('',#6538,1.);
#6538 = DIRECTION('',(1.,0.));
#6539 = ( GEOMETRIC_REPRESENTATION_CONTEXT(2) 
PARAMETRIC_REPRESENTATION_CONTEXT() REPRESENTATION_CONTEXT('2D SPACE',''
  ) );
#6540 = ORIENTED_EDGE('',*,*,#6541,.T.);
#6541 = EDGE_CURVE('',#6519,#3568,#6542,.T.);
#6542 = SURFACE_CURVE('',#6543,(#6547,#6554),.PCURVE_S1.);
#6543 = LINE('',#6544,#6545);
#6544 = CARTESIAN_POINT('',(7.,16.,10.5));
#6545 = VECTOR('',#6546,1.);
#6546 = DIRECTION('',(0.,0.,1.));
#6547 = PCURVE('',#3584,#6548);
#6548 = DEFINITIONAL_REPRESENTATION('',(#6549),#6553);
#6549 = LINE('',#6550,#6551);
#6550 = CARTESIAN_POINT('',(1.570796326795,0.));
#6551 = VECTOR('',#6552,1.);
#6552 = DIRECTION('',(0.,1.));
#6553 = ( GEOMETRIC_REPRESENTATION_CONTEXT(2) 
PARAMETRIC_REPRESENTATION_CONTEXT() REPRESENTATION_CONTEXT('2D SPACE',''
  ) );
#6554 = PCURVE('',#3769,#6555);
#6555 = DEFINITIONAL_REPRESENTATION('',(#6556),#6560);
#6556 = LINE('',#6557,#6558);
#6557 = CARTESIAN_POINT('',(0.,3.5));
#6558 = VECTOR('',#6559,1.);
#6559 = DIRECTION('',(1.,0.));
#6560 = ( GEOMETRIC_REPRESENTATION_CONTEXT(2) 
PARAMETRIC_REPRESENTATION_CONTEXT() REPRESENTATION_CONTEXT('2D SPACE',''
  ) );
#6561 = ORIENTED_EDGE('',*,*,#3565,.F.);
#6562 = ADVANCED_FACE('',(#6563),#3769,.T.);
#6563 = FACE_BOUND('',#6564,.T.);
#6564 = EDGE_LOOP('',(#6565,#6588,#6609,#6610));
#6565 = ORIENTED_EDGE('',*,*,#6566,.F.);
#6566 = EDGE_CURVE('',#6567,#3728,#6569,.T.);
#6567 = VERTEX_POINT('',#6568);
#6568 = CARTESIAN_POINT('',(45.,16.,15.5));
#6569 = SURFACE_CURVE('',#6570,(#6574,#6581),.PCURVE_S1.);
#6570 = LINE('',#6571,#6572);
#6571 = CARTESIAN_POINT('',(45.,16.,10.5));
#6572 = VECTOR('',#6573,1.);
#6573 = DIRECTION('',(0.,0.,1.));
#6574 = PCURVE('',#3769,#6575);
#6575 = DEFINITIONAL_REPRESENTATION('',(#6576),#6580);
#6576 = LINE('',#6577,#6578);
#6577 = CARTESIAN_POINT('',(0.,41.5));
#6578 = VECTOR('',#6579,1.);
#6579 = DIRECTION('',(1.,0.));
#6580 = ( GEOMETRIC_REPRESENTATION_CONTEXT(2) 
PARAMETRIC_REPRESENTATION_CONTEXT() REPRESENTATION_CONTEXT('2D SPACE',''
  ) );
#6581 = PCURVE('',#3744,#6582);
#6582 = DEFINITIONAL_REPRESENTATION('',(#6583),#6587);
#6583 = LINE('',#6584,#6585);
#6584 = CARTESIAN_POINT('',(-1.570796326795,0.));
#6585 = VECTOR('',#6586,1.);
#6586 = DIRECTION('',(-0.,1.));
#6587 = ( GEOMETRIC_REPRESENTATION_CONTEXT(2) 
PARAMETRIC_REPRESENTATION_CONTEXT() REPRESENTATION_CONTEXT('2D SPACE',''
  ) );
#6588 = ORIENTED_EDGE('',*,*,#6589,.F.);
#6589 = EDGE_CURVE('',#6519,#6567,#6590,.T.);
#6590 = SURFACE_CURVE('',#6591,(#6595,#6602),.PCURVE_S1.);
#6591 = LINE('',#6592,#6593);
#6592 = CARTESIAN_POINT('',(0.,16.,15.5));
#6593 = VECTOR('',#6594,1.);
#6594 = DIRECTION('',(1.,0.,0.));
#6595 = PCURVE('',#3769,#6596);
#6596 = DEFINITIONAL_REPRESENTATION('',(#6597),#6601);
#6597 = LINE('',#6598,#6599);
#6598 = CARTESIAN_POINT('',(5.,-3.5));
#6599 = VECTOR('',#6600,1.);
#6600 = DIRECTION('',(0.,1.));
#6601 = ( GEOMETRIC_REPRESENTATION_CONTEXT(2) 
PARAMETRIC_REPRESENTATION_CONTEXT() REPRESENTATION_CONTEXT('2D SPACE',''
  ) );
#6602 = PCURVE('',#4000,#6603);
#6603 = DEFINITIONAL_REPRESENTATION('',(#6604),#6608);
#6604 = LINE('',#6605,#6606);
#6605 = CARTESIAN_POINT('',(0.,16.));
#6606 = VECTOR('',#6607,1.);
#6607 = DIRECTION('',(1.,0.));
#6608 = ( GEOMETRIC_REPRESENTATION_CONTEXT(2) 
PARAMETRIC_REPRESENTATION_CONTEXT() REPRESENTATION_CONTEXT('2D SPACE',''
  ) );
#6609 = ORIENTED_EDGE('',*,*,#6541,.T.);
#6610 = ORIENTED_EDGE('',*,*,#3756,.F.);
#6611 = ADVANCED_FACE('',(#6612),#3744,.F.);
#6612 = FACE_BOUND('',#6613,.T.);
#6613 = EDGE_LOOP('',(#6614,#6635,#6636,#6657,#6658));
#6614 = ORIENTED_EDGE('',*,*,#6615,.F.);
#6615 = EDGE_CURVE('',#4568,#3702,#6616,.T.);
#6616 = SURFACE_CURVE('',#6617,(#6621,#6628),.PCURVE_S1.);
#6617 = LINE('',#6618,#6619);
#6618 = CARTESIAN_POINT('',(48.5,19.5,10.5));
#6619 = VECTOR('',#6620,1.);
#6620 = DIRECTION('',(0.,0.,1.));
#6621 = PCURVE('',#3744,#6622);
#6622 = DEFINITIONAL_REPRESENTATION('',(#6623),#6627);
#6623 = LINE('',#6624,#6625);
#6624 = CARTESIAN_POINT('',(-0.,0.));
#6625 = VECTOR('',#6626,1.);
#6626 = DIRECTION('',(-0.,1.));
#6627 = ( GEOMETRIC_REPRESENTATION_CONTEXT(2) 
PARAMETRIC_REPRESENTATION_CONTEXT() REPRESENTATION_CONTEXT('2D SPACE',''
  ) );
#6628 = PCURVE('',#3716,#6629);
#6629 = DEFINITIONAL_REPRESENTATION('',(#6630),#6634);
#6630 = LINE('',#6631,#6632);
#6631 = CARTESIAN_POINT('',(0.,-3.5));
#6632 = VECTOR('',#6633,1.);
#6633 = DIRECTION('',(1.,0.));
#6634 = ( GEOMETRIC_REPRESENTATION_CONTEXT(2) 
PARAMETRIC_REPRESENTATION_CONTEXT() REPRESENTATION_CONTEXT('2D SPACE',''
  ) );
#6635 = ORIENTED_EDGE('',*,*,#4588,.F.);
#6636 = ORIENTED_EDGE('',*,*,#6637,.T.);
#6637 = EDGE_CURVE('',#4589,#6567,#6638,.T.);
#6638 = SURFACE_CURVE('',#6639,(#6643,#6650),.PCURVE_S1.);
#6639 = LINE('',#6640,#6641);
#6640 = CARTESIAN_POINT('',(45.,16.,10.5));
#6641 = VECTOR('',#6642,1.);
#6642 = DIRECTION('',(0.,0.,1.));
#6643 = PCURVE('',#3744,#6644);
#6644 = DEFINITIONAL_REPRESENTATION('',(#6645),#6649);
#6645 = LINE('',#6646,#6647);
#6646 = CARTESIAN_POINT('',(-1.570796326795,0.));
#6647 = VECTOR('',#6648,1.);
#6648 = DIRECTION('',(-0.,1.));
#6649 = ( GEOMETRIC_REPRESENTATION_CONTEXT(2) 
PARAMETRIC_REPRESENTATION_CONTEXT() REPRESENTATION_CONTEXT('2D SPACE',''
  ) );
#6650 = PCURVE('',#4627,#6651);
#6651 = DEFINITIONAL_REPRESENTATION('',(#6652),#6656);
#6652 = LINE('',#6653,#6654);
#6653 = CARTESIAN_POINT('',(0.,45.));
#6654 = VECTOR('',#6655,1.);
#6655 = DIRECTION('',(1.,0.));
#6656 = ( GEOMETRIC_REPRESENTATION_CONTEXT(2) 
PARAMETRIC_REPRESENTATION_CONTEXT() REPRESENTATION_CONTEXT('2D SPACE',''
  ) );
#6657 = ORIENTED_EDGE('',*,*,#6566,.T.);
#6658 = ORIENTED_EDGE('',*,*,#3727,.T.);
#6659 = ADVANCED_FACE('',(#6660),#3716,.F.);
#6660 = FACE_BOUND('',#6661,.F.);
#6661 = EDGE_LOOP('',(#6662,#6663,#6664,#6665));
#6662 = ORIENTED_EDGE('',*,*,#3701,.F.);
#6663 = ORIENTED_EDGE('',*,*,#6615,.F.);
#6664 = ORIENTED_EDGE('',*,*,#4567,.T.);
#6665 = ORIENTED_EDGE('',*,*,#6666,.T.);
#6666 = EDGE_CURVE('',#4544,#3673,#6667,.T.);
#6667 = SURFACE_CURVE('',#6668,(#6672,#6679),.PCURVE_S1.);
#6668 = LINE('',#6669,#6670);
#6669 = CARTESIAN_POINT('',(48.5,85.4,10.5));
#6670 = VECTOR('',#6671,1.);
#6671 = DIRECTION('',(0.,0.,1.));
#6672 = PCURVE('',#3716,#6673);
#6673 = DEFINITIONAL_REPRESENTATION('',(#6674),#6678);
#6674 = LINE('',#6675,#6676);
#6675 = CARTESIAN_POINT('',(0.,-69.4));
#6676 = VECTOR('',#6677,1.);
#6677 = DIRECTION('',(1.,0.));
#6678 = ( GEOMETRIC_REPRESENTATION_CONTEXT(2) 
PARAMETRIC_REPRESENTATION_CONTEXT() REPRESENTATION_CONTEXT('2D SPACE',''
  ) );
#6679 = PCURVE('',#3689,#6680);
#6680 = DEFINITIONAL_REPRESENTATION('',(#6681),#6685);
#6681 = LINE('',#6682,#6683);
#6682 = CARTESIAN_POINT('',(0.,0.));
#6683 = VECTOR('',#6684,1.);
#6684 = DIRECTION('',(0.,1.));
#6685 = ( GEOMETRIC_REPRESENTATION_CONTEXT(2) 
PARAMETRIC_REPRESENTATION_CONTEXT() REPRESENTATION_CONTEXT('2D SPACE',''
  ) );
#6686 = ADVANCED_FACE('',(#6687),#3689,.F.);
#6687 = FACE_BOUND('',#6688,.F.);
#6688 = EDGE_LOOP('',(#6689,#6690,#6691,#6692));
#6689 = ORIENTED_EDGE('',*,*,#6666,.F.);
#6690 = ORIENTED_EDGE('',*,*,#4543,.T.);
#6691 = ORIENTED_EDGE('',*,*,#4914,.T.);
#6692 = ORIENTED_EDGE('',*,*,#3672,.F.);
#6693 = ADVANCED_FACE('',(#6694),#3639,.F.);
#6694 = FACE_BOUND('',#6695,.T.);
#6695 = EDGE_LOOP('',(#6696,#6717,#6718,#6719));
#6696 = ORIENTED_EDGE('',*,*,#6697,.F.);
#6697 = EDGE_CURVE('',#4825,#3597,#6698,.T.);
#6698 = SURFACE_CURVE('',#6699,(#6703,#6710),.PCURVE_S1.);
#6699 = LINE('',#6700,#6701);
#6700 = CARTESIAN_POINT('',(3.5,85.4,10.5));
#6701 = VECTOR('',#6702,1.);
#6702 = DIRECTION('',(0.,0.,1.));
#6703 = PCURVE('',#3639,#6704);
#6704 = DEFINITIONAL_REPRESENTATION('',(#6705),#6709);
#6705 = LINE('',#6706,#6707);
#6706 = CARTESIAN_POINT('',(-0.,0.));
#6707 = VECTOR('',#6708,1.);
#6708 = DIRECTION('',(-0.,1.));
#6709 = ( GEOMETRIC_REPRESENTATION_CONTEXT(2) 
PARAMETRIC_REPRESENTATION_CONTEXT() REPRESENTATION_CONTEXT('2D SPACE',''
  ) );
#6710 = PCURVE('',#3611,#6711);
#6711 = DEFINITIONAL_REPRESENTATION('',(#6712),#6716);
#6712 = LINE('',#6713,#6714);
#6713 = CARTESIAN_POINT('',(0.,-69.4));
#6714 = VECTOR('',#6715,1.);
#6715 = DIRECTION('',(1.,0.));
#6716 = ( GEOMETRIC_REPRESENTATION_CONTEXT(2) 
PARAMETRIC_REPRESENTATION_CONTEXT() REPRESENTATION_CONTEXT('2D SPACE',''
  ) );
#6717 = ORIENTED_EDGE('',*,*,#4845,.F.);
#6718 = ORIENTED_EDGE('',*,*,#4958,.T.);
#6719 = ORIENTED_EDGE('',*,*,#3622,.T.);
#6720 = ADVANCED_FACE('',(#6721),#3611,.T.);
#6721 = FACE_BOUND('',#6722,.T.);
#6722 = EDGE_LOOP('',(#6723,#6724,#6725,#6726));
#6723 = ORIENTED_EDGE('',*,*,#3596,.F.);
#6724 = ORIENTED_EDGE('',*,*,#6496,.F.);
#6725 = ORIENTED_EDGE('',*,*,#4824,.T.);
#6726 = ORIENTED_EDGE('',*,*,#6697,.T.);
#6727 = ADVANCED_FACE('',(#6728,#6886,#6889,#6892),#4000,.F.);
#6728 = FACE_BOUND('',#6729,.F.);
#6729 = EDGE_LOOP('',(#6730,#6753,#6774,#6798,#6819,#6843,#6864,#6885));
#6730 = ORIENTED_EDGE('',*,*,#6731,.F.);
#6731 = EDGE_CURVE('',#6732,#6519,#6734,.T.);
#6732 = VERTEX_POINT('',#6733);
#6733 = CARTESIAN_POINT('',(2.6,16.,15.5));
#6734 = SURFACE_CURVE('',#6735,(#6739,#6746),.PCURVE_S1.);
#6735 = LINE('',#6736,#6737);
#6736 = CARTESIAN_POINT('',(0.,16.,15.5));
#6737 = VECTOR('',#6738,1.);
#6738 = DIRECTION('',(1.,0.,0.));
#6739 = PCURVE('',#4000,#6740);
#6740 = DEFINITIONAL_REPRESENTATION('',(#6741),#6745);
#6741 = LINE('',#6742,#6743);
#6742 = CARTESIAN_POINT('',(0.,16.));
#6743 = VECTOR('',#6744,1.);
#6744 = DIRECTION('',(1.,0.));
#6745 = ( GEOMETRIC_REPRESENTATION_CONTEXT(2) 
PARAMETRIC_REPRESENTATION_CONTEXT() REPRESENTATION_CONTEXT('2D SPACE',''
  ) );
#6746 = PCURVE('',#4789,#6747);
#6747 = DEFINITIONAL_REPRESENTATION('',(#6748),#6752);
#6748 = LINE('',#6749,#6750);
#6749 = CARTESIAN_POINT('',(5.,0.));
#6750 = VECTOR('',#6751,1.);
#6751 = DIRECTION('',(0.,1.));
#6752 = ( GEOMETRIC_REPRESENTATION_CONTEXT(2) 
PARAMETRIC_REPRESENTATION_CONTEXT() REPRESENTATION_CONTEXT('2D SPACE',''
  ) );
#6753 = ORIENTED_EDGE('',*,*,#6754,.T.);
#6754 = EDGE_CURVE('',#6732,#6755,#6757,.T.);
#6755 = VERTEX_POINT('',#6756);
#6756 = CARTESIAN_POINT('',(2.6,7.,15.5));
#6757 = SURFACE_CURVE('',#6758,(#6762,#6768),.PCURVE_S1.);
#6758 = LINE('',#6759,#6760);
#6759 = CARTESIAN_POINT('',(2.6,1.3,15.5));
#6760 = VECTOR('',#6761,1.);
#6761 = DIRECTION('',(0.,-1.,0.));
#6762 = PCURVE('',#4000,#6763);
#6763 = DEFINITIONAL_REPRESENTATION('',(#6764),#6767);
#6764 = B_SPLINE_CURVE_WITH_KNOTS('',1,(#6765,#6766),.UNSPECIFIED.,.F.,
  .F.,(2,2),(-14.7,-5.7),.PIECEWISE_BEZIER_KNOTS.);
#6765 = CARTESIAN_POINT('',(2.6,16.));
#6766 = CARTESIAN_POINT('',(2.6,7.));
#6767 = ( GEOMETRIC_REPRESENTATION_CONTEXT(2) 
PARAMETRIC_REPRESENTATION_CONTEXT() REPRESENTATION_CONTEXT('2D SPACE',''
  ) );
#6768 = PCURVE('',#4763,#6769);
#6769 = DEFINITIONAL_REPRESENTATION('',(#6770),#6773);
#6770 = B_SPLINE_CURVE_WITH_KNOTS('',1,(#6771,#6772),.UNSPECIFIED.,.F.,
  .F.,(2,2),(-14.7,-5.7),.PIECEWISE_BEZIER_KNOTS.);
#6771 = CARTESIAN_POINT('',(5.,-13.4));
#6772 = CARTESIAN_POINT('',(5.,-4.4));
#6773 = ( GEOMETRIC_REPRESENTATION_CONTEXT(2) 
PARAMETRIC_REPRESENTATION_CONTEXT() REPRESENTATION_CONTEXT('2D SPACE',''
  ) );
#6774 = ORIENTED_EDGE('',*,*,#6775,.T.);
#6775 = EDGE_CURVE('',#6755,#6776,#6778,.T.);
#6776 = VERTEX_POINT('',#6777);
#6777 = CARTESIAN_POINT('',(7.,2.6,15.5));
#6778 = SURFACE_CURVE('',#6779,(#6784,#6791),.PCURVE_S1.);
#6779 = CIRCLE('',#6780,4.4);
#6780 = AXIS2_PLACEMENT_3D('',#6781,#6782,#6783);
#6781 = CARTESIAN_POINT('',(7.,7.,15.5));
#6782 = DIRECTION('',(0.,0.,1.));
#6783 = DIRECTION('',(-1.,-0.,0.));
#6784 = PCURVE('',#4000,#6785);
#6785 = DEFINITIONAL_REPRESENTATION('',(#6786),#6790);
#6786 = CIRCLE('',#6787,4.4);
#6787 = AXIS2_PLACEMENT_2D('',#6788,#6789);
#6788 = CARTESIAN_POINT('',(7.,7.));
#6789 = DIRECTION('',(-1.,0.));
#6790 = ( GEOMETRIC_REPRESENTATION_CONTEXT(2) 
PARAMETRIC_REPRESENTATION_CONTEXT() REPRESENTATION_CONTEXT('2D SPACE',''
  ) );
#6791 = PCURVE('',#4736,#6792);
#6792 = DEFINITIONAL_REPRESENTATION('',(#6793),#6797);
#6793 = LINE('',#6794,#6795);
#6794 = CARTESIAN_POINT('',(0.,5.));
#6795 = VECTOR('',#6796,1.);
#6796 = DIRECTION('',(1.,0.));
#6797 = ( GEOMETRIC_REPRESENTATION_CONTEXT(2) 
PARAMETRIC_REPRESENTATION_CONTEXT() REPRESENTATION_CONTEXT('2D SPACE',''
  ) );
#6798 = ORIENTED_EDGE('',*,*,#6799,.T.);
#6799 = EDGE_CURVE('',#6776,#6800,#6802,.T.);
#6800 = VERTEX_POINT('',#6801);
#6801 = CARTESIAN_POINT('',(45.,2.6,15.5));
#6802 = SURFACE_CURVE('',#6803,(#6807,#6813),.PCURVE_S1.);
#6803 = LINE('',#6804,#6805);
#6804 = CARTESIAN_POINT('',(1.3,2.6,15.5));
#6805 = VECTOR('',#6806,1.);
#6806 = DIRECTION('',(1.,0.,0.));
#6807 = PCURVE('',#4000,#6808);
#6808 = DEFINITIONAL_REPRESENTATION('',(#6809),#6812);
#6809 = B_SPLINE_CURVE_WITH_KNOTS('',1,(#6810,#6811),.UNSPECIFIED.,.F.,
  .F.,(2,2),(5.7,43.7),.PIECEWISE_BEZIER_KNOTS.);
#6810 = CARTESIAN_POINT('',(7.,2.6));
#6811 = CARTESIAN_POINT('',(45.,2.6));
#6812 = ( GEOMETRIC_REPRESENTATION_CONTEXT(2) 
PARAMETRIC_REPRESENTATION_CONTEXT() REPRESENTATION_CONTEXT('2D SPACE',''
  ) );
#6813 = PCURVE('',#4708,#6814);
#6814 = DEFINITIONAL_REPRESENTATION('',(#6815),#6818);
#6815 = B_SPLINE_CURVE_WITH_KNOTS('',1,(#6816,#6817),.UNSPECIFIED.,.F.,
  .F.,(2,2),(5.7,43.7),.PIECEWISE_BEZIER_KNOTS.);
#6816 = CARTESIAN_POINT('',(5.,4.4));
#6817 = CARTESIAN_POINT('',(5.,42.4));
#6818 = ( GEOMETRIC_REPRESENTATION_CONTEXT(2) 
PARAMETRIC_REPRESENTATION_CONTEXT() REPRESENTATION_CONTEXT('2D SPACE',''
  ) );
#6819 = ORIENTED_EDGE('',*,*,#6820,.T.);
#6820 = EDGE_CURVE('',#6800,#6821,#6823,.T.);
#6821 = VERTEX_POINT('',#6822);
#6822 = CARTESIAN_POINT('',(49.4,7.,15.5));
#6823 = SURFACE_CURVE('',#6824,(#6829,#6836),.PCURVE_S1.);
#6824 = CIRCLE('',#6825,4.4);
#6825 = AXIS2_PLACEMENT_3D('',#6826,#6827,#6828);
#6826 = CARTESIAN_POINT('',(45.,7.,15.5));
#6827 = DIRECTION('',(0.,0.,1.));
#6828 = DIRECTION('',(1.,0.,-0.));
#6829 = PCURVE('',#4000,#6830);
#6830 = DEFINITIONAL_REPRESENTATION('',(#6831),#6835);
#6831 = CIRCLE('',#6832,4.4);
#6832 = AXIS2_PLACEMENT_2D('',#6833,#6834);
#6833 = CARTESIAN_POINT('',(45.,7.));
#6834 = DIRECTION('',(1.,0.));
#6835 = ( GEOMETRIC_REPRESENTATION_CONTEXT(2) 
PARAMETRIC_REPRESENTATION_CONTEXT() REPRESENTATION_CONTEXT('2D SPACE',''
  ) );
#6836 = PCURVE('',#4681,#6837);
#6837 = DEFINITIONAL_REPRESENTATION('',(#6838),#6842);
#6838 = LINE('',#6839,#6840);
#6839 = CARTESIAN_POINT('',(-6.28318530718,5.));
#6840 = VECTOR('',#6841,1.);
#6841 = DIRECTION('',(1.,-0.));
#6842 = ( GEOMETRIC_REPRESENTATION_CONTEXT(2) 
PARAMETRIC_REPRESENTATION_CONTEXT() REPRESENTATION_CONTEXT('2D SPACE',''
  ) );
#6843 = ORIENTED_EDGE('',*,*,#6844,.F.);
#6844 = EDGE_CURVE('',#6845,#6821,#6847,.T.);
#6845 = VERTEX_POINT('',#6846);
#6846 = CARTESIAN_POINT('',(49.4,16.,15.5));
#6847 = SURFACE_CURVE('',#6848,(#6852,#6858),.PCURVE_S1.);
#6848 = LINE('',#6849,#6850);
#6849 = CARTESIAN_POINT('',(49.4,1.3,15.5));
#6850 = VECTOR('',#6851,1.);
#6851 = DIRECTION('',(0.,-1.,0.));
#6852 = PCURVE('',#4000,#6853);
#6853 = DEFINITIONAL_REPRESENTATION('',(#6854),#6857);
#6854 = B_SPLINE_CURVE_WITH_KNOTS('',1,(#6855,#6856),.UNSPECIFIED.,.F.,
  .F.,(2,2),(-14.7,-5.7),.PIECEWISE_BEZIER_KNOTS.);
#6855 = CARTESIAN_POINT('',(49.4,16.));
#6856 = CARTESIAN_POINT('',(49.4,7.));
#6857 = ( GEOMETRIC_REPRESENTATION_CONTEXT(2) 
PARAMETRIC_REPRESENTATION_CONTEXT() REPRESENTATION_CONTEXT('2D SPACE',''
  ) );
#6858 = PCURVE('',#4653,#6859);
#6859 = DEFINITIONAL_REPRESENTATION('',(#6860),#6863);
#6860 = B_SPLINE_CURVE_WITH_KNOTS('',1,(#6861,#6862),.UNSPECIFIED.,.F.,
  .F.,(2,2),(-14.7,-5.7),.PIECEWISE_BEZIER_KNOTS.);
#6861 = CARTESIAN_POINT('',(5.,-13.4));
#6862 = CARTESIAN_POINT('',(5.,-4.4));
#6863 = ( GEOMETRIC_REPRESENTATION_CONTEXT(2) 
PARAMETRIC_REPRESENTATION_CONTEXT() REPRESENTATION_CONTEXT('2D SPACE',''
  ) );
#6864 = ORIENTED_EDGE('',*,*,#6865,.F.);
#6865 = EDGE_CURVE('',#6567,#6845,#6866,.T.);
#6866 = SURFACE_CURVE('',#6867,(#6871,#6878),.PCURVE_S1.);
#6867 = LINE('',#6868,#6869);
#6868 = CARTESIAN_POINT('',(0.,16.,15.5));
#6869 = VECTOR('',#6870,1.);
#6870 = DIRECTION('',(1.,0.,0.));
#6871 = PCURVE('',#4000,#6872);
#6872 = DEFINITIONAL_REPRESENTATION('',(#6873),#6877);
#6873 = LINE('',#6874,#6875);
#6874 = CARTESIAN_POINT('',(0.,16.));
#6875 = VECTOR('',#6876,1.);
#6876 = DIRECTION('',(1.,0.));
#6877 = ( GEOMETRIC_REPRESENTATION_CONTEXT(2) 
PARAMETRIC_REPRESENTATION_CONTEXT() REPRESENTATION_CONTEXT('2D SPACE',''
  ) );
#6878 = PCURVE('',#4627,#6879);
#6879 = DEFINITIONAL_REPRESENTATION('',(#6880),#6884);
#6880 = LINE('',#6881,#6882);
#6881 = CARTESIAN_POINT('',(5.,0.));
#6882 = VECTOR('',#6883,1.);
#6883 = DIRECTION('',(0.,1.));
#6884 = ( GEOMETRIC_REPRESENTATION_CONTEXT(2) 
PARAMETRIC_REPRESENTATION_CONTEXT() REPRESENTATION_CONTEXT('2D SPACE',''
  ) );
#6885 = ORIENTED_EDGE('',*,*,#6589,.F.);
#6886 = FACE_BOUND('',#6887,.F.);
#6887 = EDGE_LOOP('',(#6888));
#6888 = ORIENTED_EDGE('',*,*,#3983,.T.);
#6889 = FACE_BOUND('',#6890,.F.);
#6890 = EDGE_LOOP('',(#6891));
#6891 = ORIENTED_EDGE('',*,*,#4042,.T.);
#6892 = FACE_BOUND('',#6893,.F.);
#6893 = EDGE_LOOP('',(#6894));
#6894 = ORIENTED_EDGE('',*,*,#4096,.T.);
#6895 = ADVANCED_FACE('',(#6896),#4789,.F.);
#6896 = FACE_BOUND('',#6897,.F.);
#6897 = EDGE_LOOP('',(#6898,#6899,#6918,#6919));
#6898 = ORIENTED_EDGE('',*,*,#4774,.T.);
#6899 = ORIENTED_EDGE('',*,*,#6900,.T.);
#6900 = EDGE_CURVE('',#4749,#6732,#6901,.T.);
#6901 = SURFACE_CURVE('',#6902,(#6906,#6912),.PCURVE_S1.);
#6902 = LINE('',#6903,#6904);
#6903 = CARTESIAN_POINT('',(2.6,16.,10.5));
#6904 = VECTOR('',#6905,1.);
#6905 = DIRECTION('',(0.,0.,1.));
#6906 = PCURVE('',#4789,#6907);
#6907 = DEFINITIONAL_REPRESENTATION('',(#6908),#6911);
#6908 = B_SPLINE_CURVE_WITH_KNOTS('',1,(#6909,#6910),.UNSPECIFIED.,.F.,
  .F.,(2,2),(0.,5.),.PIECEWISE_BEZIER_KNOTS.);
#6909 = CARTESIAN_POINT('',(0.,2.6));
#6910 = CARTESIAN_POINT('',(5.,2.6));
#6911 = ( GEOMETRIC_REPRESENTATION_CONTEXT(2) 
PARAMETRIC_REPRESENTATION_CONTEXT() REPRESENTATION_CONTEXT('2D SPACE',''
  ) );
#6912 = PCURVE('',#4763,#6913);
#6913 = DEFINITIONAL_REPRESENTATION('',(#6914),#6917);
#6914 = B_SPLINE_CURVE_WITH_KNOTS('',1,(#6915,#6916),.UNSPECIFIED.,.F.,
  .F.,(2,2),(0.,5.),.PIECEWISE_BEZIER_KNOTS.);
#6915 = CARTESIAN_POINT('',(0.,-13.4));
#6916 = CARTESIAN_POINT('',(5.,-13.4));
#6917 = ( GEOMETRIC_REPRESENTATION_CONTEXT(2) 
PARAMETRIC_REPRESENTATION_CONTEXT() REPRESENTATION_CONTEXT('2D SPACE',''
  ) );
#6918 = ORIENTED_EDGE('',*,*,#6731,.T.);
#6919 = ORIENTED_EDGE('',*,*,#6518,.F.);
#6920 = ADVANCED_FACE('',(#6921),#4763,.T.);
#6921 = FACE_BOUND('',#6922,.T.);
#6922 = EDGE_LOOP('',(#6923,#6924,#6925,#6946));
#6923 = ORIENTED_EDGE('',*,*,#6900,.T.);
#6924 = ORIENTED_EDGE('',*,*,#6754,.T.);
#6925 = ORIENTED_EDGE('',*,*,#6926,.F.);
#6926 = EDGE_CURVE('',#4720,#6755,#6927,.T.);
#6927 = SURFACE_CURVE('',#6928,(#6932,#6939),.PCURVE_S1.);
#6928 = LINE('',#6929,#6930);
#6929 = CARTESIAN_POINT('',(2.6,7.,10.5));
#6930 = VECTOR('',#6931,1.);
#6931 = DIRECTION('',(0.,0.,1.));
#6932 = PCURVE('',#4763,#6933);
#6933 = DEFINITIONAL_REPRESENTATION('',(#6934),#6938);
#6934 = LINE('',#6935,#6936);
#6935 = CARTESIAN_POINT('',(0.,-4.4));
#6936 = VECTOR('',#6937,1.);
#6937 = DIRECTION('',(1.,0.));
#6938 = ( GEOMETRIC_REPRESENTATION_CONTEXT(2) 
PARAMETRIC_REPRESENTATION_CONTEXT() REPRESENTATION_CONTEXT('2D SPACE',''
  ) );
#6939 = PCURVE('',#4736,#6940);
#6940 = DEFINITIONAL_REPRESENTATION('',(#6941),#6945);
#6941 = LINE('',#6942,#6943);
#6942 = CARTESIAN_POINT('',(0.,0.));
#6943 = VECTOR('',#6944,1.);
#6944 = DIRECTION('',(0.,1.));
#6945 = ( GEOMETRIC_REPRESENTATION_CONTEXT(2) 
PARAMETRIC_REPRESENTATION_CONTEXT() REPRESENTATION_CONTEXT('2D SPACE',''
  ) );
#6946 = ORIENTED_EDGE('',*,*,#4748,.T.);
#6947 = ADVANCED_FACE('',(#6948),#4736,.F.);
#6948 = FACE_BOUND('',#6949,.F.);
#6949 = EDGE_LOOP('',(#6950,#6951,#6952,#6973));
#6950 = ORIENTED_EDGE('',*,*,#6926,.F.);
#6951 = ORIENTED_EDGE('',*,*,#4719,.T.);
#6952 = ORIENTED_EDGE('',*,*,#6953,.T.);
#6953 = EDGE_CURVE('',#4694,#6776,#6954,.T.);
#6954 = SURFACE_CURVE('',#6955,(#6959,#6966),.PCURVE_S1.);
#6955 = LINE('',#6956,#6957);
#6956 = CARTESIAN_POINT('',(7.,2.6,10.5));
#6957 = VECTOR('',#6958,1.);
#6958 = DIRECTION('',(0.,0.,1.));
#6959 = PCURVE('',#4736,#6960);
#6960 = DEFINITIONAL_REPRESENTATION('',(#6961),#6965);
#6961 = LINE('',#6962,#6963);
#6962 = CARTESIAN_POINT('',(1.570796326795,0.));
#6963 = VECTOR('',#6964,1.);
#6964 = DIRECTION('',(0.,1.));
#6965 = ( GEOMETRIC_REPRESENTATION_CONTEXT(2) 
PARAMETRIC_REPRESENTATION_CONTEXT() REPRESENTATION_CONTEXT('2D SPACE',''
  ) );
#6966 = PCURVE('',#4708,#6967);
#6967 = DEFINITIONAL_REPRESENTATION('',(#6968),#6972);
#6968 = LINE('',#6969,#6970);
#6969 = CARTESIAN_POINT('',(0.,4.4));
#6970 = VECTOR('',#6971,1.);
#6971 = DIRECTION('',(1.,0.));
#6972 = ( GEOMETRIC_REPRESENTATION_CONTEXT(2) 
PARAMETRIC_REPRESENTATION_CONTEXT() REPRESENTATION_CONTEXT('2D SPACE',''
  ) );
#6973 = ORIENTED_EDGE('',*,*,#6775,.F.);
#6974 = ADVANCED_FACE('',(#6975),#4708,.T.);
#6975 = FACE_BOUND('',#6976,.T.);
#6976 = EDGE_LOOP('',(#6977,#6978,#6979,#6980));
#6977 = ORIENTED_EDGE('',*,*,#4693,.T.);
#6978 = ORIENTED_EDGE('',*,*,#6953,.T.);
#6979 = ORIENTED_EDGE('',*,*,#6799,.T.);
#6980 = ORIENTED_EDGE('',*,*,#6981,.F.);
#6981 = EDGE_CURVE('',#4665,#6800,#6982,.T.);
#6982 = SURFACE_CURVE('',#6983,(#6987,#6994),.PCURVE_S1.);
#6983 = LINE('',#6984,#6985);
#6984 = CARTESIAN_POINT('',(45.,2.6,10.5));
#6985 = VECTOR('',#6986,1.);
#6986 = DIRECTION('',(0.,0.,1.));
#6987 = PCURVE('',#4708,#6988);
#6988 = DEFINITIONAL_REPRESENTATION('',(#6989),#6993);
#6989 = LINE('',#6990,#6991);
#6990 = CARTESIAN_POINT('',(0.,42.4));
#6991 = VECTOR('',#6992,1.);
#6992 = DIRECTION('',(1.,0.));
#6993 = ( GEOMETRIC_REPRESENTATION_CONTEXT(2) 
PARAMETRIC_REPRESENTATION_CONTEXT() REPRESENTATION_CONTEXT('2D SPACE',''
  ) );
#6994 = PCURVE('',#4681,#6995);
#6995 = DEFINITIONAL_REPRESENTATION('',(#6996),#7000);
#6996 = LINE('',#6997,#6998);
#6997 = CARTESIAN_POINT('',(-1.570796326795,0.));
#6998 = VECTOR('',#6999,1.);
#6999 = DIRECTION('',(-0.,1.));
#7000 = ( GEOMETRIC_REPRESENTATION_CONTEXT(2) 
PARAMETRIC_REPRESENTATION_CONTEXT() REPRESENTATION_CONTEXT('2D SPACE',''
  ) );
#7001 = ADVANCED_FACE('',(#7002),#4681,.F.);
#7002 = FACE_BOUND('',#7003,.T.);
#7003 = EDGE_LOOP('',(#7004,#7025,#7026,#7027));
#7004 = ORIENTED_EDGE('',*,*,#7005,.F.);
#7005 = EDGE_CURVE('',#4639,#6821,#7006,.T.);
#7006 = SURFACE_CURVE('',#7007,(#7011,#7018),.PCURVE_S1.);
#7007 = LINE('',#7008,#7009);
#7008 = CARTESIAN_POINT('',(49.4,7.,10.5));
#7009 = VECTOR('',#7010,1.);
#7010 = DIRECTION('',(0.,0.,1.));
#7011 = PCURVE('',#4681,#7012);
#7012 = DEFINITIONAL_REPRESENTATION('',(#7013),#7017);
#7013 = LINE('',#7014,#7015);
#7014 = CARTESIAN_POINT('',(-0.,0.));
#7015 = VECTOR('',#7016,1.);
#7016 = DIRECTION('',(-0.,1.));
#7017 = ( GEOMETRIC_REPRESENTATION_CONTEXT(2) 
PARAMETRIC_REPRESENTATION_CONTEXT() REPRESENTATION_CONTEXT('2D SPACE',''
  ) );
#7018 = PCURVE('',#4653,#7019);
#7019 = DEFINITIONAL_REPRESENTATION('',(#7020),#7024);
#7020 = LINE('',#7021,#7022);
#7021 = CARTESIAN_POINT('',(0.,-4.4));
#7022 = VECTOR('',#7023,1.);
#7023 = DIRECTION('',(1.,0.));
#7024 = ( GEOMETRIC_REPRESENTATION_CONTEXT(2) 
PARAMETRIC_REPRESENTATION_CONTEXT() REPRESENTATION_CONTEXT('2D SPACE',''
  ) );
#7025 = ORIENTED_EDGE('',*,*,#4664,.F.);
#7026 = ORIENTED_EDGE('',*,*,#6981,.T.);
#7027 = ORIENTED_EDGE('',*,*,#6820,.T.);
#7028 = ADVANCED_FACE('',(#7029),#4653,.F.);
#7029 = FACE_BOUND('',#7030,.F.);
#7030 = EDGE_LOOP('',(#7031,#7050,#7051,#7052));
#7031 = ORIENTED_EDGE('',*,*,#7032,.T.);
#7032 = EDGE_CURVE('',#4613,#6845,#7033,.T.);
#7033 = SURFACE_CURVE('',#7034,(#7038,#7044),.PCURVE_S1.);
#7034 = LINE('',#7035,#7036);
#7035 = CARTESIAN_POINT('',(49.4,16.,10.5));
#7036 = VECTOR('',#7037,1.);
#7037 = DIRECTION('',(0.,0.,1.));
#7038 = PCURVE('',#4653,#7039);
#7039 = DEFINITIONAL_REPRESENTATION('',(#7040),#7043);
#7040 = B_SPLINE_CURVE_WITH_KNOTS('',1,(#7041,#7042),.UNSPECIFIED.,.F.,
  .F.,(2,2),(0.,5.),.PIECEWISE_BEZIER_KNOTS.);
#7041 = CARTESIAN_POINT('',(0.,-13.4));
#7042 = CARTESIAN_POINT('',(5.,-13.4));
#7043 = ( GEOMETRIC_REPRESENTATION_CONTEXT(2) 
PARAMETRIC_REPRESENTATION_CONTEXT() REPRESENTATION_CONTEXT('2D SPACE',''
  ) );
#7044 = PCURVE('',#4627,#7045);
#7045 = DEFINITIONAL_REPRESENTATION('',(#7046),#7049);
#7046 = B_SPLINE_CURVE_WITH_KNOTS('',1,(#7047,#7048),.UNSPECIFIED.,.F.,
  .F.,(2,2),(0.,5.),.PIECEWISE_BEZIER_KNOTS.);
#7047 = CARTESIAN_POINT('',(0.,49.4));
#7048 = CARTESIAN_POINT('',(5.,49.4));
#7049 = ( GEOMETRIC_REPRESENTATION_CONTEXT(2) 
PARAMETRIC_REPRESENTATION_CONTEXT() REPRESENTATION_CONTEXT('2D SPACE',''
  ) );
#7050 = ORIENTED_EDGE('',*,*,#6844,.T.);
#7051 = ORIENTED_EDGE('',*,*,#7005,.F.);
#7052 = ORIENTED_EDGE('',*,*,#4638,.T.);
#7053 = ADVANCED_FACE('',(#7054),#4627,.F.);
#7054 = FACE_BOUND('',#7055,.F.);
#7055 = EDGE_LOOP('',(#7056,#7057,#7058,#7059));
#7056 = ORIENTED_EDGE('',*,*,#7032,.F.);
#7057 = ORIENTED_EDGE('',*,*,#4612,.T.);
#7058 = ORIENTED_EDGE('',*,*,#6637,.T.);
#7059 = ORIENTED_EDGE('',*,*,#6865,.T.);
#7060 = ADVANCED_FACE('',(#7061),#4235,.F.);
#7061 = FACE_BOUND('',#7062,.F.);
#7062 = EDGE_LOOP('',(#7063,#7064,#7085,#7086,#7087,#7088));
#7063 = ORIENTED_EDGE('',*,*,#5077,.T.);
#7064 = ORIENTED_EDGE('',*,*,#7065,.T.);
#7065 = EDGE_CURVE('',#5054,#4220,#7066,.T.);
#7066 = SURFACE_CURVE('',#7067,(#7071,#7078),.PCURVE_S1.);
#7067 = LINE('',#7068,#7069);
#7068 = CARTESIAN_POINT('',(7.,90.7,10.));
#7069 = VECTOR('',#7070,1.);
#7070 = DIRECTION('',(0.,0.,1.));
#7071 = PCURVE('',#4235,#7072);
#7072 = DEFINITIONAL_REPRESENTATION('',(#7073),#7077);
#7073 = LINE('',#7074,#7075);
#7074 = CARTESIAN_POINT('',(0.,5.3));
#7075 = VECTOR('',#7076,1.);
#7076 = DIRECTION('',(1.,0.));
#7077 = ( GEOMETRIC_REPRESENTATION_CONTEXT(2) 
PARAMETRIC_REPRESENTATION_CONTEXT() REPRESENTATION_CONTEXT('2D SPACE',''
  ) );
#7078 = PCURVE('',#4263,#7079);
#7079 = DEFINITIONAL_REPRESENTATION('',(#7080),#7084);
#7080 = LINE('',#7081,#7082);
#7081 = CARTESIAN_POINT('',(-1.570796326795,0.));
#7082 = VECTOR('',#7083,1.);
#7083 = DIRECTION('',(-0.,1.));
#7084 = ( GEOMETRIC_REPRESENTATION_CONTEXT(2) 
PARAMETRIC_REPRESENTATION_CONTEXT() REPRESENTATION_CONTEXT('2D SPACE',''
  ) );
#7085 = ORIENTED_EDGE('',*,*,#4219,.F.);
#7086 = ORIENTED_EDGE('',*,*,#4872,.F.);
#7087 = ORIENTED_EDGE('',*,*,#4479,.F.);
#7088 = ORIENTED_EDGE('',*,*,#7089,.F.);
#7089 = EDGE_CURVE('',#5078,#4451,#7090,.T.);
#7090 = SURFACE_CURVE('',#7091,(#7095,#7102),.PCURVE_S1.);
#7091 = LINE('',#7092,#7093);
#7092 = CARTESIAN_POINT('',(45.,90.7,10.));
#7093 = VECTOR('',#7094,1.);
#7094 = DIRECTION('',(0.,0.,1.));
#7095 = PCURVE('',#4235,#7096);
#7096 = DEFINITIONAL_REPRESENTATION('',(#7097),#7101);
#7097 = LINE('',#7098,#7099);
#7098 = CARTESIAN_POINT('',(0.,43.3));
#7099 = VECTOR('',#7100,1.);
#7100 = DIRECTION('',(1.,0.));
#7101 = ( GEOMETRIC_REPRESENTATION_CONTEXT(2) 
PARAMETRIC_REPRESENTATION_CONTEXT() REPRESENTATION_CONTEXT('2D SPACE',''
  ) );
#7102 = PCURVE('',#4467,#7103);
#7103 = DEFINITIONAL_REPRESENTATION('',(#7104),#7108);
#7104 = LINE('',#7105,#7106);
#7105 = CARTESIAN_POINT('',(1.570796326795,0.));
#7106 = VECTOR('',#7107,1.);
#7107 = DIRECTION('',(0.,1.));
#7108 = ( GEOMETRIC_REPRESENTATION_CONTEXT(2) 
PARAMETRIC_REPRESENTATION_CONTEXT() REPRESENTATION_CONTEXT('2D SPACE',''
  ) );
#7109 = ADVANCED_FACE('',(#7110),#4467,.F.);
#7110 = FACE_BOUND('',#7111,.F.);
#7111 = EDGE_LOOP('',(#7112,#7133,#7134,#7135));
#7112 = ORIENTED_EDGE('',*,*,#7113,.F.);
#7113 = EDGE_CURVE('',#5099,#4424,#7114,.T.);
#7114 = SURFACE_CURVE('',#7115,(#7119,#7126),.PCURVE_S1.);
#7115 = LINE('',#7116,#7117);
#7116 = CARTESIAN_POINT('',(50.3,85.4,10.));
#7117 = VECTOR('',#7118,1.);
#7118 = DIRECTION('',(0.,0.,1.));
#7119 = PCURVE('',#4467,#7120);
#7120 = DEFINITIONAL_REPRESENTATION('',(#7121),#7125);
#7121 = LINE('',#7122,#7123);
#7122 = CARTESIAN_POINT('',(0.,0.));
#7123 = VECTOR('',#7124,1.);
#7124 = DIRECTION('',(0.,1.));
#7125 = ( GEOMETRIC_REPRESENTATION_CONTEXT(2) 
PARAMETRIC_REPRESENTATION_CONTEXT() REPRESENTATION_CONTEXT('2D SPACE',''
  ) );
#7126 = PCURVE('',#4439,#7127);
#7127 = DEFINITIONAL_REPRESENTATION('',(#7128),#7132);
#7128 = LINE('',#7129,#7130);
#7129 = CARTESIAN_POINT('',(0.,-83.7));
#7130 = VECTOR('',#7131,1.);
#7131 = DIRECTION('',(1.,0.));
#7132 = ( GEOMETRIC_REPRESENTATION_CONTEXT(2) 
PARAMETRIC_REPRESENTATION_CONTEXT() REPRESENTATION_CONTEXT('2D SPACE',''
  ) );
#7133 = ORIENTED_EDGE('',*,*,#5098,.T.);
#7134 = ORIENTED_EDGE('',*,*,#7089,.T.);
#7135 = ORIENTED_EDGE('',*,*,#4450,.F.);
#7136 = ADVANCED_FACE('',(#7137),#4439,.F.);
#7137 = FACE_BOUND('',#7138,.F.);
#7138 = EDGE_LOOP('',(#7139,#7140,#7161,#7162));
#7139 = ORIENTED_EDGE('',*,*,#4423,.F.);
#7140 = ORIENTED_EDGE('',*,*,#7141,.F.);
#7141 = EDGE_CURVE('',#5123,#4395,#7142,.T.);
#7142 = SURFACE_CURVE('',#7143,(#7147,#7154),.PCURVE_S1.);
#7143 = LINE('',#7144,#7145);
#7144 = CARTESIAN_POINT('',(50.3,7.,10.));
#7145 = VECTOR('',#7146,1.);
#7146 = DIRECTION('',(0.,0.,1.));
#7147 = PCURVE('',#4439,#7148);
#7148 = DEFINITIONAL_REPRESENTATION('',(#7149),#7153);
#7149 = LINE('',#7150,#7151);
#7150 = CARTESIAN_POINT('',(0.,-5.3));
#7151 = VECTOR('',#7152,1.);
#7152 = DIRECTION('',(1.,0.));
#7153 = ( GEOMETRIC_REPRESENTATION_CONTEXT(2) 
PARAMETRIC_REPRESENTATION_CONTEXT() REPRESENTATION_CONTEXT('2D SPACE',''
  ) );
#7154 = PCURVE('',#4411,#7155);
#7155 = DEFINITIONAL_REPRESENTATION('',(#7156),#7160);
#7156 = LINE('',#7157,#7158);
#7157 = CARTESIAN_POINT('',(-0.,0.));
#7158 = VECTOR('',#7159,1.);
#7159 = DIRECTION('',(-0.,1.));
#7160 = ( GEOMETRIC_REPRESENTATION_CONTEXT(2) 
PARAMETRIC_REPRESENTATION_CONTEXT() REPRESENTATION_CONTEXT('2D SPACE',''
  ) );
#7161 = ORIENTED_EDGE('',*,*,#5122,.T.);
#7162 = ORIENTED_EDGE('',*,*,#7113,.T.);
#7163 = ADVANCED_FACE('',(#7164),#4411,.F.);
#7164 = FACE_BOUND('',#7165,.T.);
#7165 = EDGE_LOOP('',(#7166,#7167,#7168,#7169));
#7166 = ORIENTED_EDGE('',*,*,#7141,.F.);
#7167 = ORIENTED_EDGE('',*,*,#5143,.F.);
#7168 = ORIENTED_EDGE('',*,*,#5349,.T.);
#7169 = ORIENTED_EDGE('',*,*,#4394,.T.);
#7170 = ADVANCED_FACE('',(#7171),#4319,.F.);
#7171 = FACE_BOUND('',#7172,.F.);
#7172 = EDGE_LOOP('',(#7173,#7194,#7195,#7196));
#7173 = ORIENTED_EDGE('',*,*,#7174,.F.);
#7174 = EDGE_CURVE('',#5009,#4276,#7175,.T.);
#7175 = SURFACE_CURVE('',#7176,(#7180,#7187),.PCURVE_S1.);
#7176 = LINE('',#7177,#7178);
#7177 = CARTESIAN_POINT('',(1.7,7.,10.));
#7178 = VECTOR('',#7179,1.);
#7179 = DIRECTION('',(0.,0.,1.));
#7180 = PCURVE('',#4319,#7181);
#7181 = DEFINITIONAL_REPRESENTATION('',(#7182),#7186);
#7182 = LINE('',#7183,#7184);
#7183 = CARTESIAN_POINT('',(0.,0.));
#7184 = VECTOR('',#7185,1.);
#7185 = DIRECTION('',(0.,1.));
#7186 = ( GEOMETRIC_REPRESENTATION_CONTEXT(2) 
PARAMETRIC_REPRESENTATION_CONTEXT() REPRESENTATION_CONTEXT('2D SPACE',''
  ) );
#7187 = PCURVE('',#4291,#7188);
#7188 = DEFINITIONAL_REPRESENTATION('',(#7189),#7193);
#7189 = LINE('',#7190,#7191);
#7190 = CARTESIAN_POINT('',(0.,-5.3));
#7191 = VECTOR('',#7192,1.);
#7192 = DIRECTION('',(1.,0.));
#7193 = ( GEOMETRIC_REPRESENTATION_CONTEXT(2) 
PARAMETRIC_REPRESENTATION_CONTEXT() REPRESENTATION_CONTEXT('2D SPACE',''
  ) );
#7194 = ORIENTED_EDGE('',*,*,#5008,.T.);
#7195 = ORIENTED_EDGE('',*,*,#5324,.T.);
#7196 = ORIENTED_EDGE('',*,*,#4302,.F.);
#7197 = ADVANCED_FACE('',(#7198),#4291,.T.);
#7198 = FACE_BOUND('',#7199,.T.);
#7199 = EDGE_LOOP('',(#7200,#7201,#7202,#7203));
#7200 = ORIENTED_EDGE('',*,*,#4275,.F.);
#7201 = ORIENTED_EDGE('',*,*,#7174,.F.);
#7202 = ORIENTED_EDGE('',*,*,#5032,.T.);
#7203 = ORIENTED_EDGE('',*,*,#7204,.T.);
#7204 = EDGE_CURVE('',#5033,#4247,#7205,.T.);
#7205 = SURFACE_CURVE('',#7206,(#7210,#7217),.PCURVE_S1.);
#7206 = LINE('',#7207,#7208);
#7207 = CARTESIAN_POINT('',(1.7,85.4,10.));
#7208 = VECTOR('',#7209,1.);
#7209 = DIRECTION('',(0.,0.,1.));
#7210 = PCURVE('',#4291,#7211);
#7211 = DEFINITIONAL_REPRESENTATION('',(#7212),#7216);
#7212 = LINE('',#7213,#7214);
#7213 = CARTESIAN_POINT('',(0.,-83.7));
#7214 = VECTOR('',#7215,1.);
#7215 = DIRECTION('',(1.,0.));
#7216 = ( GEOMETRIC_REPRESENTATION_CONTEXT(2) 
PARAMETRIC_REPRESENTATION_CONTEXT() REPRESENTATION_CONTEXT('2D SPACE',''
  ) );
#7217 = PCURVE('',#4263,#7218);
#7218 = DEFINITIONAL_REPRESENTATION('',(#7219),#7223);
#7219 = LINE('',#7220,#7221);
#7220 = CARTESIAN_POINT('',(-0.,0.));
#7221 = VECTOR('',#7222,1.);
#7222 = DIRECTION('',(-0.,1.));
#7223 = ( GEOMETRIC_REPRESENTATION_CONTEXT(2) 
PARAMETRIC_REPRESENTATION_CONTEXT() REPRESENTATION_CONTEXT('2D SPACE',''
  ) );
#7224 = ADVANCED_FACE('',(#7225),#4263,.F.);
#7225 = FACE_BOUND('',#7226,.T.);
#7226 = EDGE_LOOP('',(#7227,#7228,#7229,#7230));
#7227 = ORIENTED_EDGE('',*,*,#7204,.F.);
#7228 = ORIENTED_EDGE('',*,*,#5053,.F.);
#7229 = ORIENTED_EDGE('',*,*,#7065,.T.);
#7230 = ORIENTED_EDGE('',*,*,#4246,.T.);
#7231 = ( GEOMETRIC_REPRESENTATION_CONTEXT(3) 
GLOBAL_UNCERTAINTY_ASSIGNED_CONTEXT((#7235)) 
GLOBAL_UNIT_ASSIGNED_CONTEXT((#7232,#7233,#7234)) REPRESENTATION_CONTEXT
('Context #1','3D Context with UNIT and UNCERTAINTY') );
#7232 = ( LENGTH_UNIT() NAMED_UNIT(*) SI_UNIT(.MILLI.,.METRE.) );
#7233 = ( NAMED_UNIT(*) PLANE_ANGLE_UNIT() SI_UNIT($,.RADIAN.) );
#7234 = ( NAMED_UNIT(*) SI_UNIT($,.STERADIAN.) SOLID_ANGLE_UNIT() );
#7235 = UNCERTAINTY_MEASURE_WITH_UNIT(LENGTH_MEASURE(1.E-07),#7232,
  'distance_accuracy_value','confusion accuracy');
#7236 = PRODUCT_RELATED_PRODUCT_CATEGORY('part',$,(#7));
ENDSEC;
END-ISO-10303-21;
